CustomerID,Recency,Frequency,Monetary,AvgBasketValue,DistinctProducts,TotalItems,TenureDays,CancellationRate,PrimaryCountry,Cluster
12346,326,2,0.01,0.01,1,0,0,0.5,United Kingdom,1
12347,2,7,4310.0,615.7142857142857,103,2458,365,0.0,Iceland,0
12348,75,4,1797.24,449.31,22,2341,282,0.0,Finland,0
12349,19,1,1757.55,1757.55,73,631,0,0.0,Italy,2
12350,310,1,334.4,334.4,17,197,0,0.0,Norway,1
12352,36,11,1545.41,140.4918181818182,59,470,260,0.1052631578947368,Norway,0
12353,204,1,89.0,89.0,4,20,0,0.0,Bahrain,1
12354,232,1,1079.4,1079.4,58,530,0,0.0,Spain,1
12355,214,1,459.4,459.4,13,240,0,0.0,Bahrain,1
12356,23,3,2811.43,937.1433333333332,53,1591,302,0.0,Portugal,0
12357,33,1,6207.67,6207.67,131,2708,0,0.0,Switzerland,2
12358,2,2,1168.06,584.03,13,248,149,0.0,Austria,2
12359,8,6,6245.53,1040.9216666666666,214,1612,323,0.0236220472440944,Cyprus,0
12360,52,3,2662.06,887.3533333333334,105,1165,148,0.0,Austria,0
12361,287,1,189.9,189.9,10,91,0,0.0,Belgium,1
12362,3,13,5154.58,396.5061538461538,201,2212,292,0.0291970802919708,Belgium,0
12363,110,2,552.0,276.0,23,408,132,0.0,Unspecified,2
12364,8,4,1313.1,328.275,70,1506,104,0.0,Belgium,2
12365,291,3,320.69,106.89666666666666,22,173,0,0.0434782608695652,Cyprus,1
12367,4,1,168.9,168.9,11,173,0,0.0,Denmark,2
12370,51,4,3545.69,886.4225,143,2353,309,0.0,Cyprus,0
12371,45,2,1887.96,943.98,63,591,14,0.0,Switzerland,2
12372,72,3,1298.04,432.68,34,794,224,0.0,Denmark,0
12373,311,1,364.6,364.6,14,197,0,0.0,Austria,1
12374,25,1,742.9300000000001,742.9300000000001,33,342,0,0.0,Austria,2
12375,3,3,455.42,151.80666666666667,14,177,95,0.0555555555555555,Finland,2
12377,315,2,1628.12,814.06,72,944,39,0.0,Switzerland,1
12378,130,1,4008.62,4008.62,219,2529,0,0.0,Switzerland,2
12379,82,3,850.29,283.43,39,406,88,0.024390243902439,Belgium,2
12380,22,5,2720.56,544.112,77,1126,164,0.0095238095238095,Belgium,0
12381,5,6,1803.96,300.66,70,783,115,0.0439560439560439,Norway,2
12383,185,6,1839.31,306.5516666666667,84,1529,167,0.01,Belgium,0
12384,29,3,566.16,188.72,26,121,92,0.1,Switzerland,2
12386,338,2,401.9,200.95,10,354,29,0.0,Australia,1
12388,16,6,2780.66,463.4433333333333,57,1462,311,0.0,Australia,0
12390,80,1,549.84,549.84,32,353,0,0.0,Belgium,2
12391,22,1,460.89,460.89,92,300,0,0.0,Cyprus,2
12393,72,4,1582.6,395.65,47,816,260,0.0,Australia,0
12394,64,2,1272.48,636.24,26,819,153,0.0,Belgium,2
12395,16,15,2998.28,199.8853333333333,91,2113,355,0.0188679245283018,Belgium,0
12397,36,2,2409.9,1204.95,110,1263,99,0.0,Belgium,2
12398,46,1,1635.66,1635.66,85,1394,0,0.0,Switzerland,2
12399,119,4,1108.65,277.1625,47,1178,142,0.0,Belgium,2
12401,303,1,84.3,84.3,5,11,0,0.0,Belgium,1
12402,323,1,225.6,225.6,11,94,0,0.0,Belgium,1
12403,50,2,409.7,204.85,5,95,0,0.1666666666666666,Denmark,2
12405,149,1,1710.39,1710.39,54,857,0,0.0,Finland,2
12406,22,3,3280.75,1093.5833333333333,92,1809,161,0.0277777777777777,Denmark,0
12407,50,5,1708.12,341.624,57,1416,214,0.0,Belgium,0
12408,33,9,2842.57,315.8411111111111,81,1399,227,0.0707964601769911,Belgium,0
12409,79,7,11056.93,1579.561428571429,91,5543,103,0.043859649122807,Switzerland,2
12410,301,3,681.0799999999999,227.02666666666664,26,209,7,0.0714285714285714,Switzerland,1
12412,75,3,1226.88,408.96,43,829,94,0.0,Denmark,2
12413,67,5,694.15,138.82999999999998,29,282,270,0.05,France,0
12414,217,3,562.41,187.47,16,300,93,0.0,Austria,1
12415,24,26,123725.45,4758.671153846154,444,76946,313,0.0798969072164948,Australia,0
12417,3,12,3578.8,298.2333333333333,158,1539,354,0.0303030303030303,Belgium,0
12418,113,1,668.58,668.58,34,407,0,0.0,Switzerland,2
12420,64,1,600.39,600.39,29,345,0,0.0,Cyprus,2
12421,16,5,806.27,161.254,33,483,303,0.0217391304347826,Spain,0
12422,96,3,803.5600000000001,267.8533333333333,39,370,229,0.0,Australia,0
12423,1,9,1849.11,205.45666666666665,97,1327,352,0.0079365079365079,Belgium,0
12424,163,2,1760.96,880.48,30,740,0,0.0,Australia,2
12425,78,1,777.2,777.2,36,496,0,0.0,Portugal,2
12426,195,1,582.73,582.73,30,258,0,0.0,Germany,1
12427,12,5,708.37,141.674,26,236,360,0.1142857142857142,Germany,0
12428,26,12,7877.2,656.4333333333333,258,3503,257,0.02,Finland,0
12429,9,4,3750.4,937.6,82,1557,356,0.0,Denmark,0
12430,43,1,256.4,256.4,11,117,0,0.0,Norway,2
12431,36,18,6416.39,356.4661111111111,163,2856,338,0.0167364016736401,Australia,0
12432,43,5,5059.32,1011.864,107,1801,129,0.0,Norway,2
12433,1,7,13375.87,1910.838571428572,219,11071,372,0.0,Norway,0
12434,85,4,765.19,191.2975,49,373,276,0.074074074074074,Australia,0
12435,80,2,7829.89,3914.945,31,2055,188,0.0,Denmark,0
12436,100,1,509.01,509.01,16,211,0,0.0,Norway,2
12437,2,19,4896.66,257.718947368421,118,2917,329,0.005,France,0
12438,14,2,2906.85,1453.425,84,1180,125,0.0,Norway,2
12441,367,1,173.55,173.55,11,121,0,0.0,France,1
12442,3,1,172.06,172.06,12,182,0,0.0,Spain,2
12444,21,5,5005.46,1001.092,138,1153,149,0.0,Norway,0
12445,22,1,133.4,133.4,4,62,0,0.0,Spain,2
12446,58,1,1002.31,1002.31,57,351,0,0.0,RSA,2
12447,243,1,476.49,476.49,26,190,0,0.0,Belgium,1
12448,44,1,449.45,449.45,22,243,0,0.0,Spain,2
12449,22,4,4067.29,1016.8225,118,1553,164,0.0,Belgium,0
12450,156,2,197.88,98.94,7,128,17,0.0,Spain,1
12451,11,6,8933.52,1488.92,265,6455,313,0.0028169014084507,Switzerland,0
12452,17,3,428.57,142.85666666666663,21,183,0,0.0434782608695652,Switzerland,2
12453,134,1,707.09,707.09,43,473,0,0.0,Austria,2
12454,53,2,0.01,0.01,15,0,2,0.5,Spain,2
12455,73,6,2466.86,411.1433333333334,85,2089,223,0.0,Spain,0
12456,44,4,3153.89,788.4725,105,1616,210,0.0310077519379844,Switzerland,0
12457,58,12,1917.78,159.815,53,694,180,0.0746268656716417,Switzerland,0
12458,71,2,947.4,473.7,35,506,213,0.0,Switzerland,0
12461,94,2,826.88,413.44,35,287,60,0.0,Switzerland,2
12462,2,4,1124.01,281.0025,51,514,300,0.1388888888888889,Spain,0
12463,46,7,1303.63,186.2328571428572,66,757,195,0.0568181818181818,Belgium,0
12464,10,8,1212.05,151.50625,6,112,299,0.0,Belgium,0
12465,8,3,733.89,244.63,46,475,161,0.0784313725490196,Belgium,0
12468,143,3,724.0400000000001,241.3466666666667,36,364,173,0.05,Germany,2
12471,2,49,18740.92,382.4677551020408,152,7965,370,0.1337099811676083,Germany,0
12472,31,13,6229.48,479.1907692307692,226,4020,342,0.1329923273657289,Germany,0
12473,29,9,2848.23,316.47,140,2363,162,0.0614525139664804,Germany,0
12474,17,30,7116.47,237.21566666666664,253,4764,351,0.0722100656455142,Germany,0
12475,54,1,723.38,723.38,36,535,0,0.0,Germany,2
12476,1,20,6546.58,327.329,177,2337,359,0.1174242424242424,Germany,0
12477,23,9,13117.01,1457.4455555555555,192,3620,288,0.0259740259740259,Germany,0
12478,4,1,680.99,680.99,36,236,0,0.0,Greece,2
12479,4,3,477.3,159.1,31,351,7,0.1142857142857142,Germany,2
12480,28,4,3281.63,820.4075,129,1707,307,0.0,Germany,0
12481,23,11,5590.86,508.26,150,3290,342,0.0045871559633027,Germany,0
12483,17,13,2327.13,179.01000000000002,46,1097,322,0.074074074074074,Sweden,0
12484,33,8,4495.27,561.90875,256,2185,303,0.0114285714285714,Spain,0
12488,10,3,1298.66,432.8866666666667,46,529,65,0.0,France,2
12489,336,1,334.93,334.93,15,105,0,0.0,France,1
12490,5,10,5417.93,541.793,131,3064,324,0.0,France,0
12491,39,1,460.4,460.4,25,260,0,0.0,France,2
12492,63,2,263.21000000000004,131.60500000000002,19,192,42,0.0,Germany,2
12493,166,3,416.79,138.93,20,206,31,0.0434782608695652,France,1
12494,10,13,1139.35,87.6423076923077,63,690,355,0.0833333333333333,France,0
12497,82,1,1043.1,1043.1,14,1236,0,0.0,Germany,2
12498,21,3,403.7000000000001,134.5666666666667,21,159,36,0.0,Germany,2
12500,23,13,4206.27,323.5592307692308,34,2671,310,0.0615384615384615,Germany,0
12501,315,2,2089.68,1044.84,149,1722,21,0.06875,Germany,1
12502,96,5,3723.87,744.774,102,820,214,0.0,Spain,0
12503,338,1,0.01,0.01,1,-1,0,1.0,Spain,1
12504,18,4,114.0,28.5,6,51,12,0.4,Germany,2
12505,301,1,0.01,0.01,1,-1,0,1.0,Italy,1
12506,233,1,73.5,73.5,23,23,0,0.0,France,1
12507,134,4,1258.06,314.515,19,883,164,0.0454545454545454,Spain,2
12508,26,2,398.27,199.135,57,272,2,0.0,France,2
12509,284,1,176.5,176.5,7,55,0,0.0,France,1
12510,143,2,982.57,491.285,29,353,182,0.0,Spain,2
12512,66,2,138.03,69.015,31,99,0,0.0,Israel,2
12513,85,2,586.79,293.395,35,456,28,0.0277777777777777,France,2
12514,267,1,1017.68,1017.68,51,440,0,0.0,Italy,1
12515,353,1,383.7,383.7,16,131,0,0.0,Italy,1
12516,78,2,1312.06,656.03,20,875,102,0.0,Germany,2
12517,28,6,2464.89,410.815,232,1348,161,0.0069930069930069,Germany,0
12518,1,5,2056.89,411.378,84,1318,109,0.0,Germany,2
12519,64,1,340.84,340.84,17,183,0,0.0,Germany,2
12520,79,6,2582.51,430.41833333333335,121,1430,194,0.0193548387096774,Germany,0
12521,143,1,599.68,599.68,38,309,0,0.0,Germany,2
12522,39,2,192.72,96.36,11,194,12,0.0,Germany,2
12523,2,13,1745.57,134.27461538461537,84,861,330,0.0363636363636363,France,0
12524,9,8,4485.72,560.715,113,3699,324,0.0,Germany,0
12526,1,3,1316.66,438.8866666666667,64,632,93,0.0,Germany,2
12527,82,3,348.71000000000004,116.23666666666668,18,234,243,0.0,Germany,0
12528,9,8,1922.28,240.285,50,750,303,0.031578947368421,Germany,0
12530,60,5,1623.63,324.726,51,900,277,0.0294117647058823,Germany,0
12531,15,1,125.22,125.22,17,45,0,0.0,Germany,2
12532,30,1,349.83000000000004,349.83000000000004,16,153,0,0.0,France,2
12534,131,1,1089.18,1089.18,63,651,0,0.0,Germany,2
12535,92,2,716.35,358.175,28,219,94,0.0,France,2
12536,8,5,4106.82,821.3639999999999,260,2652,51,0.0439560439560439,France,2
12538,29,1,363.95,363.95,21,191,0,0.0,Spain,2
12539,22,5,3852.5,770.5,158,2066,311,0.0036496350364963,Spain,0
12540,20,19,13309.04,700.4757894736841,278,6677,342,0.0062370062370062,Spain,0
12541,30,3,981.18,327.06,46,680,251,0.0,Spain,0
12544,30,2,355.7,177.85,19,132,6,0.05,Spain,2
12545,75,2,1000.39,500.195,42,523,184,0.0,Spain,0
12546,47,3,1141.5,380.5,59,617,31,0.0142857142857142,Spain,2
12547,198,2,207.8,103.9,7,134,82,0.0,Spain,1
12548,166,1,95.2,95.2,5,49,0,0.0,Spain,1
12550,79,1,964.83,964.83,57,569,0,0.0,Spain,2
12551,358,1,168.0,168.0,10,100,0,0.0,Spain,1
12552,39,2,437.82,218.91,20,88,0,0.0,Italy,2
12553,8,14,3652.25,260.875,95,1924,321,0.0255102040816326,France,0
12556,50,2,603.71,301.855,100,358,100,0.0,Spain,2
12557,16,5,11990.96,2398.192,15,4384,355,0.0,Spain,0
12558,2,2,0.01,0.01,11,0,5,0.5,USA,2
12559,311,3,536.21,178.73666666666668,21,281,8,0.0454545454545454,Germany,1
12560,5,4,2101.39,525.3475,92,1078,137,0.054054054054054,Germany,2
12561,303,1,238.85,238.85,16,177,0,0.0,Germany,1
12562,8,7,3781.74,540.2485714285715,99,1779,190,0.0,France,0
12564,261,1,456.9,456.9,21,133,0,0.0,France,1
12565,282,2,131.17,65.585,9,75,7,0.1,Saudi Arabia,1
12566,73,2,346.7,173.35,19,264,13,0.05,Germany,2
12567,23,11,9114.94,828.6309090909091,323,4089,346,0.0367170626349892,France,0
12569,2,35,4064.99,116.14257142857144,92,1793,250,0.0157068062827225,Germany,0
12571,40,2,519.61,259.805,31,523,81,0.0,France,2
12572,9,3,1004.72,334.9066666666667,53,450,43,0.032258064516129,Germany,2
12573,227,1,160.54000000000002,160.54000000000002,26,84,0,0.0,France,1
12574,316,1,218.45,218.45,11,61,0,0.0,France,1
12576,36,6,1306.98,217.83,72,964,268,0.0112359550561797,Poland,0
12577,35,4,595.4,148.85,137,466,323,0.0067567567567567,France,0
12578,21,4,2753.36,688.34,112,1171,317,0.05,Italy,0
12579,73,3,410.72,136.90666666666667,29,278,4,0.064516129032258,France,2
12580,247,1,415.7,415.7,24,238,0,0.0,Germany,1
12581,40,1,197.71,197.71,15,161,0,0.0,Germany,2
12582,239,2,511.36,255.68,21,300,49,0.0,Finland,1
12583,3,18,7187.34,399.2966666666667,115,5009,370,0.0159362549800796,France,0
12584,4,18,1893.95,105.21944444444443,44,354,276,0.238095238095238,Italy,0
12585,234,4,1982.81,495.7025,77,1258,117,0.1030927835051546,Germany,1
12586,17,2,179.94000000000003,89.97000000000001,12,77,351,0.0833333333333333,Italy,0
12587,8,1,144.0,144.0,4,51,0,0.0,Finland,2
12588,39,1,214.9,214.9,10,53,0,0.0,Finland,2
12589,29,2,646.68,323.34,29,306,115,0.0,France,2
12590,190,3,9861.38,3287.1266666666666,68,4279,20,0.0285714285714285,Germany,2
12591,317,1,452.85,452.85,26,228,0,0.0,Italy,1
12592,92,2,437.6,218.8,11,290,121,0.0,Germany,2
12593,109,3,418.1,139.36666666666665,14,206,110,0.0,France,2
12594,38,11,3320.2200000000003,301.83818181818185,50,1776,285,0.0084033613445378,Italy,0
12596,51,2,618.27,309.135,25,474,190,0.0,Spain,0
12597,19,5,3683.13,736.626,184,2187,248,0.0373831775700934,Spain,0
12598,10,9,3002.68,333.63111111111107,84,1940,275,0.0075187969924812,France,0
12599,29,7,1032.58,147.51142857142855,32,956,275,0.0,France,0
12600,29,11,2581.04,234.64,32,773,342,0.0153846153846153,Germany,0
12601,190,6,569.5600000000001,94.92666666666668,21,244,142,0.0344827586206896,Germany,1
12602,59,1,153.12,153.12,12,162,0,0.0,France,2
12603,22,1,739.1999999999999,739.1999999999999,2,63,0,0.0,Germany,2
12604,79,2,254.18,127.09,15,201,182,0.0,France,2
12605,365,1,0.01,0.01,3,-4,0,1.0,Germany,1
12607,58,2,0.01,0.01,101,0,2,0.5,USA,2
12609,78,3,1126.85,375.6166666666666,57,648,240,0.0,Germany,0
12610,23,7,2057.99,293.9985714285714,85,1028,103,0.045045045045045,Italy,2
12611,52,1,1193.32,1193.32,65,846,0,0.0,Italy,2
12612,58,2,643.59,321.795,19,251,16,0.0952380952380952,Germany,2
12613,31,6,3218.98,536.4966666666667,124,1596,230,0.0613496932515337,Germany,0
12614,278,1,315.6,315.6,20,76,0,0.0,Germany,1
12615,2,4,2291.19,572.7975,82,1376,166,0.0,France,0
12616,85,5,657.25,131.45,25,273,212,0.1111111111111111,France,0
12617,29,1,355.53,355.53,39,213,0,0.0,France,2
12618,22,1,177.31,177.31,11,96,0,0.0,Italy,2
12619,16,13,3214.81,247.2930769230769,50,3354,237,0.0526315789473684,Germany,0
12620,15,3,1339.41,446.47,89,1181,189,0.0,France,0
12621,2,23,13612.07,591.8291304347825,261,7404,364,0.0147679324894514,Germany,0
12622,232,1,180.1,180.1,11,69,0,0.0,Germany,1
12623,276,1,305.1,305.1,18,191,0,0.0,Germany,1
12624,106,2,641.13,320.565,36,355,71,0.0,France,2
12625,212,3,2614.32,871.44,74,1577,107,0.0549450549450549,Germany,1
12626,23,13,6388.35,491.4115384615385,232,3350,303,0.0423452768729641,Germany,0
12627,11,7,4478.53,639.79,162,2752,129,0.0,Germany,0
12628,4,4,769.61,192.4025,34,445,60,0.0465116279069767,Germany,2
12630,10,2,1270.88,635.44,60,548,34,0.0,Finland,2
12631,57,1,640.5,640.5,31,236,0,0.0,Finland,2
12633,59,5,2140.63,428.126,73,1149,229,0.0194174757281553,Germany,0
12635,90,2,1689.18,844.59,96,1172,65,0.0,Germany,2
12637,67,10,5953.25,595.325,205,2990,256,0.0101522842639593,France,0
12638,33,1,671.69,671.69,39,577,0,0.0,Sweden,2
12639,239,1,486.1,486.1,22,201,0,0.0,Sweden,1
12640,24,3,1174.58,391.5266666666666,47,311,57,0.0,France,2
12641,115,1,185.9,185.9,10,72,0,0.0,Sweden,2
12642,25,3,1013.26,337.75333333333333,39,552,82,0.0,Germany,2
12643,128,6,3344.64,557.4399999999999,11,1808,204,0.0,France,0
12644,130,1,477.91,477.91,31,325,0,0.0,Germany,2
12645,34,5,1755.38,351.076,58,1072,282,0.0135135135135135,Germany,0
12646,5,2,1346.97,673.485,43,897,44,0.0,USA,2
12647,22,13,3669.92,282.3015384615385,78,1419,346,0.0472440944881889,Germany,0
12648,155,1,318.05,318.05,21,160,0,0.0,Germany,2
12649,107,4,603.71,150.9275,30,574,257,0.0606060606060606,Germany,0
12650,3,1,314.44,314.44,20,254,0,0.0,France,2
12651,335,1,114.0,114.0,9,78,0,0.0,France,1
12652,322,2,914.53,457.265,48,502,9,0.0588235294117647,France,1
12653,149,2,2209.85,1104.925,37,919,147,0.0,Israel,2
12654,11,5,601.98,120.396,31,264,284,0.0,Germany,0
12656,17,8,3982.72,497.84,89,1708,225,0.0307692307692307,France,0
12657,11,5,1152.06,230.412,35,654,67,0.1607142857142857,France,2
12658,19,1,686.05,686.05,36,320,0,0.0,Germany,2
12659,30,1,91.68,91.68,5,105,0,0.0,France,2
12660,11,1,245.1,245.1,13,127,0,0.0,France,2
12662,1,12,3817.08,318.09,129,2040,372,0.0086206896551724,Germany,0
12664,8,10,4863.88,486.388,10,1202,314,0.0263157894736842,Finland,0
12665,325,2,61.75,30.875,3,36,6,0.25,Germany,1
12666,359,1,0.01,0.01,2,-56,0,1.0,Israel,1
12667,58,1,620.13,620.13,33,395,0,0.0,Finland,2
12668,7,6,3743.18,623.8633333333333,115,1595,348,0.0416666666666666,Germany,0
12669,151,4,1607.73,401.9325,98,1114,105,0.0098039215686274,France,2
12670,10,6,2986.15,497.69166666666666,58,1391,222,0.0212765957446808,France,0
12672,330,1,225.9,225.9,10,78,0,0.0,France,1
12673,5,2,610.52,305.26,42,351,321,0.0,Germany,0
12674,12,7,1919.31,274.1871428571429,52,1102,196,0.0879120879120879,France,0
12676,25,6,1331.39,221.8983333333333,33,670,286,0.0,Sweden,0
12678,42,13,17588.26,1352.943076923077,105,10899,311,0.0119760479041916,France,0
12679,52,9,1058.67,117.63,45,530,231,0.1428571428571428,France,0
12680,1,4,862.81,215.7025,33,443,112,0.0,France,2
12681,15,27,13677.59,506.5774074074074,267,7518,353,0.0123839009287925,France,0
12682,4,31,12288.22,396.3941935483871,209,5575,367,0.0,France,0
12683,4,20,8221.09,411.0545,177,4903,361,0.0497237569060773,France,0
12684,8,7,2283.63,326.23285714285714,61,1985,205,0.0,France,0
12685,28,6,2863.08,477.18,117,1523,65,0.0,France,2
12686,372,1,89.14,89.14,7,107,0,0.0,France,1
12688,114,1,4873.81,4873.81,171,3028,0,0.0,Israel,2
12689,26,2,1247.61,623.805,57,628,101,0.0,France,2
12690,206,1,389.01,389.01,16,106,0,0.0,France,1
12691,28,6,1035.8,172.63333333333333,21,394,329,0.0,France,0
12693,121,6,830.96,138.49333333333334,35,250,198,0.048780487804878,Germany,0
12694,70,2,869.67,434.835,32,509,112,0.0,France,2
12695,7,4,582.1,145.525,23,220,203,0.0,France,0
12697,21,5,939.02,187.804,37,499,148,0.0465116279069767,Sweden,2
12700,8,6,4867.99,811.3316666666666,193,2963,207,0.0074074074074074,France,0
12701,80,2,797.71,398.855,50,678,162,0.0,Germany,2
12702,20,1,219.0,219.0,12,53,0,0.0,Germany,2
12703,64,2,274.7,137.35,21,161,7,0.0454545454545454,Germany,2
12704,7,10,2220.84,222.084,64,1003,162,0.0222222222222222,Finland,0
12705,15,14,6814.24,486.7314285714286,228,3973,341,0.0402298850574712,Germany,0
12707,292,1,603.42,603.42,33,256,0,0.0,France,1
12708,30,16,2616.32,163.52,86,1270,338,0.0977011494252873,Germany,0
12709,3,26,9294.1,357.4653846153846,103,3832,363,0.1906614785992217,Germany,0
12710,97,4,1130.57,282.6425,75,849,104,0.0253164556962025,Germany,2
12712,23,17,4241.63,249.50764705882352,59,1044,348,0.0633802816901408,Germany,0
12713,1,1,848.55,848.55,38,508,0,0.0,Germany,2
12714,9,5,4708.86,941.772,216,3069,285,0.0,France,0
12715,106,1,353.86,353.86,20,197,0,0.0,Sweden,2
12716,4,2,1053.49,526.745,60,708,129,0.0,France,2
12717,151,3,980.98,326.99333333333334,49,505,94,0.0178571428571428,Greece,2
12718,71,1,238.25,238.25,19,203,0,0.0,France,2
12719,5,3,608.1,202.7,34,361,59,0.0714285714285714,France,2
12720,3,29,5713.28,197.00965517241377,211,4654,366,0.0139275766016713,Germany,0
12721,32,7,2628.98,375.5685714285714,134,1954,334,0.0182926829268292,France,0
12722,85,6,904.33,150.72166666666666,50,560,65,0.0701754385964912,France,2
12723,4,5,725.07,145.014,53,434,61,0.0,France,2
12724,5,4,1031.41,257.8525,47,445,327,0.0,France,0
12725,371,1,427.8,427.8,24,164,0,0.0,Italy,1
12726,28,7,2609.1,372.7285714285714,57,3143,329,0.0,France,0
12727,11,9,3947.7,438.6333333333333,109,2085,309,0.0141843971631205,France,0
12728,71,4,836.33,209.0825,38,419,261,0.0,France,0
12729,114,1,453.01,453.01,26,233,0,0.0,France,2
12731,24,14,18793.41,1342.3864285714285,109,8366,341,0.0108303249097472,France,0
12732,180,1,236.26,236.26,12,111,0,0.0,France,1
12733,234,1,383.95,383.95,22,137,0,0.0,USA,1
12734,353,1,110.4,110.4,4,88,0,0.0,France,1
12735,315,2,779.5699999999999,389.785,38,368,21,0.0,France,1
12736,333,1,234.0,234.0,4,173,0,0.0,France,1
12738,372,1,155.35,155.35,11,148,0,0.0,Germany,1
12739,78,2,1013.04,506.52,38,486,20,0.0,United Arab Emirates,2
12740,64,1,427.6,427.6,27,342,0,0.0,France,2
12743,134,2,546.43,273.215,114,319,0,0.0,Unspecified,2
12744,52,10,9120.39,912.039,178,5234,266,0.0305676855895196,Singapore,0
12747,2,11,4196.01,381.4554545454546,42,1275,366,0.0,United Kingdom,0
12748,1,223,29072.1,130.36816143497757,1769,24209,372,0.0099116569704805,United Kingdom,0
12749,4,8,3868.2,483.525,160,1422,209,0.1385281385281385,United Kingdom,0
12750,129,1,275.88,275.88,15,137,0,0.0,Poland,2
12752,81,1,4366.78,4366.78,53,2262,0,0.0,Norway,2
12753,4,11,21024.01,1911.273636363636,132,11250,358,0.1434782608695652,Japan,0
12754,236,5,2949.12,589.824,50,6479,72,0.0307692307692307,Japan,1
12755,250,4,2203.2,550.8,5,866,115,0.3333333333333333,Japan,1
12756,87,1,112.07999999999998,112.07999999999998,4,144,0,0.0,Japan,2
12757,16,19,4227.7,222.51052631578943,237,2385,195,0.0159151193633952,Portugal,0
12758,117,2,2791.59,1395.795,84,2135,159,0.0,Portugal,2
12759,52,3,1531.44,510.48,81,902,223,0.0,Netherlands,0
12762,8,2,1898.52,949.26,62,1227,17,0.0,Portugal,2
12763,138,2,494.08,247.04,16,316,230,0.0,Japan,0
12764,317,1,1693.88,1693.88,45,386,0,0.0,Lebanon,1
12766,4,7,6989.63,998.5185714285716,205,3646,362,0.0,Portugal,0
12769,239,1,1143.6,1143.6,32,356,0,0.0,Brazil,1
12770,211,1,1351.45,1351.45,12,743,0,0.0,Japan,1
12772,60,1,892.47,892.47,55,556,0,0.0,Portugal,2
12775,17,6,1351.24,225.20666666666668,47,853,294,0.0149253731343283,Netherlands,0
12778,20,7,804.23,114.89,40,824,292,0.0196078431372549,Netherlands,0
12779,21,12,3868.7,322.39166666666665,88,1996,350,0.0628930817610062,Poland,0
12781,21,5,707.72,141.544,25,592,263,0.1666666666666666,Czech Republic,0
12782,5,6,2273.32,378.8866666666667,81,1070,352,0.0373831775700934,Portugal,0
12783,2,8,1603.87,200.48375,76,622,73,0.0232558139534883,Portugal,2
12784,9,2,574.42,287.21,54,300,6,0.0,Portugal,2
12785,3,2,305.71,152.855,14,128,361,0.0666666666666666,Portugal,0
12787,10,3,463.66,154.55333333333334,17,261,182,0.0,Netherlands,0
12789,65,1,91.85,91.85,4,4,0,0.0,Netherlands,2
12790,192,1,324.92,324.92,21,166,0,0.0,Netherlands,1
12791,374,1,192.6,192.6,2,97,0,0.0,Netherlands,1
12792,257,1,400.54,400.54,25,217,0,0.0,Portugal,1
12793,335,2,545.48,272.74,21,295,36,0.0,Portugal,1
12794,53,2,860.41,430.205,43,592,45,0.0,Portugal,2
12795,19,1,430.48,430.48,14,68,0,0.0,Portugal,2
12797,360,3,194.18,64.72666666666667,13,79,5,0.2352941176470588,Portugal,1
12798,10,3,6977.04,2325.68,6,5256,160,0.0,Japan,2
12802,184,2,412.58,206.29,25,302,3,0.0384615384615384,Netherlands,1
12808,37,3,483.65,161.21666666666667,27,188,331,0.0,Portugal,0
12809,168,2,484.36,242.18,25,219,9,0.0384615384615384,Portugal,1
12811,261,3,514.85,171.61666666666667,27,230,23,0.0,Portugal,1
12812,45,1,229.64,229.64,15,164,0,0.0,Japan,2
12814,102,1,125.92,125.92,2,49,0,0.0,Poland,2
12815,148,2,1063.46,531.73,38,379,50,0.0,Poland,2
12816,96,2,572.2,286.1,27,128,80,0.0,Poland,2
12817,281,1,166.04,166.04,4,53,0,0.0,Austria,1
12818,178,2,1517.88,758.94,14,923,83,0.125,Austria,1
12820,3,4,942.34,235.585,55,722,323,0.0,United Kingdom,0
12821,214,1,92.72,92.72,6,70,0,0.0,United Kingdom,1
12822,71,3,918.98,306.32666666666665,41,548,16,0.0212765957446808,United Kingdom,2
12823,75,5,1759.5,351.9,1,230,221,0.0,United Kingdom,0
12824,60,1,397.12,397.12,25,232,0,0.0,United Kingdom,2
12826,3,8,1468.12,183.515,58,1054,362,0.0319148936170212,United Kingdom,0
12827,6,3,430.15,143.38333333333335,19,197,38,0.0,United Kingdom,2
12828,3,6,1018.71,169.785,46,494,127,0.0,United Kingdom,2
12829,322,3,253.05,84.35000000000001,9,375,37,0.0833333333333333,United Kingdom,1
12830,38,7,6748.4,964.0571428571428,14,9847,134,0.0256410256410256,United Kingdom,2
12831,262,1,215.05,215.05,9,135,0,0.0,United Kingdom,1
12832,32,2,383.03,191.515,27,195,65,0.0,United Kingdom,2
12833,145,1,417.38,417.38,24,156,0,0.0,United Kingdom,2
12834,283,1,312.38,312.38,18,110,0,0.0,United Kingdom,1
12836,59,4,2612.86,653.215,148,1064,252,0.0,United Kingdom,0
12837,173,1,134.1,134.1,12,24,0,0.0,United Kingdom,1
12838,34,2,683.13,341.565,115,359,340,0.0,United Kingdom,0
12839,3,16,5583.62,348.97625,96,3804,364,0.0063291139240506,United Kingdom,0
12840,144,6,2714.27,452.3783333333333,67,1505,82,0.0258620689655172,United Kingdom,2
12841,5,26,3876.4,149.09230769230768,230,2683,367,0.0432801822323462,United Kingdom,0
12842,70,2,1118.99,559.495,34,547,238,0.0,United Kingdom,0
12843,66,9,1680.76,186.7511111111111,69,753,198,0.0462962962962962,United Kingdom,0
12844,29,2,325.96000000000004,162.98000000000002,47,125,101,0.0,United Kingdom,2
12845,267,4,354.09,88.5225,26,204,22,0.0,United Kingdom,1
12847,22,1,871.54,871.54,72,909,0,0.0,United Kingdom,2
12849,31,2,1050.89,525.4449999999999,47,623,237,0.0,United Kingdom,0
12851,97,1,135.18,135.18,43,109,0,0.0,United Kingdom,2
12852,290,2,299.75,149.875,17,145,4,0.15,United Kingdom,1
12853,108,9,1881.7,209.07777777777775,66,782,208,0.0714285714285714,United Kingdom,0
12854,79,5,1289.15,257.83000000000004,97,622,240,0.0434782608695652,United Kingdom,0
12855,373,1,38.1,38.1,3,30,0,0.0,United Kingdom,1
12856,8,8,2162.68,270.335,155,1076,55,0.0094637223974763,United Kingdom,2
12857,211,2,1106.4,553.2,37,343,91,0.0,United Kingdom,1
12863,52,2,504.2,252.1,5,186,146,0.1666666666666666,United Kingdom,2
12864,138,1,147.12,147.12,3,216,0,0.0,United Kingdom,1
12865,26,3,1548.07,516.0233333333333,87,877,333,0.0104166666666666,Austria,0
12866,283,1,559.12,559.12,26,171,0,0.0,Belgium,1
12867,26,10,3986.22,398.622,241,4274,334,0.0235934664246823,United Kingdom,0
12868,186,6,1607.0600000000002,267.84333333333336,72,928,187,0.0,United Kingdom,0
12870,366,1,0.01,0.01,2,-2,0,1.0,United Kingdom,1
12871,84,2,380.64,190.32,8,200,123,0.0,United Kingdom,2
12872,327,2,599.97,299.985,58,319,38,0.0,United Kingdom,1
12873,282,1,374.0,374.0,4,128,0,0.0,United Kingdom,1
12875,143,2,343.2300000000001,171.61500000000004,1,2019,219,0.0,United Kingdom,2
12876,58,2,2218.02,1109.01,67,1941,138,0.0,Belgium,2
12877,4,12,1535.77,127.98083333333334,100,1178,354,0.0,United Kingdom,0
12878,18,3,841.64,280.5466666666667,38,536,248,0.0408163265306122,United Kingdom,0
12879,45,4,552.5699999999999,138.14249999999998,7,363,47,0.1666666666666666,United Kingdom,2
12881,276,1,298.0,298.0,7,21,0,0.0,United Kingdom,1
12882,9,2,1463.04,731.52,12,246,24,0.0,United Kingdom,2
12883,25,4,703.47,175.8675,39,196,64,0.0,United Kingdom,2
12884,88,1,309.05,309.05,7,43,0,0.0,United Kingdom,2
12885,63,4,1158.27,289.5675,66,654,60,0.0138888888888888,United Kingdom,2
12886,68,3,1351.09,450.3633333333333,75,761,151,0.0465116279069767,United Kingdom,2
12888,214,4,313.77,78.4425,4,68,41,0.2857142857142857,United Kingdom,1
12890,24,1,380.47,380.47,78,259,0,0.0,United Kingdom,2
12891,186,3,331.0,110.33333333333331,2,950,107,0.0,United Kingdom,1
12893,31,1,188.14,188.14,27,96,0,0.0,United Kingdom,2
12895,42,3,347.3,115.76666666666668,22,204,44,0.0833333333333333,United Kingdom,2
12897,205,2,216.5,108.25,3,110,97,0.0,United Kingdom,1
12901,9,36,16293.1,452.5861111111111,32,20915,261,0.072,United Kingdom,0
12902,265,1,138.68,138.68,10,66,0,0.0,United Kingdom,1
12904,18,2,509.58,254.79,59,302,154,0.0,United Kingdom,2
12906,12,5,2919.81,583.962,55,1749,66,0.0,United Kingdom,2
12908,59,4,246.0,61.5,2,0,253,0.5,United Kingdom,0
12909,40,8,2128.83,266.10375,78,1270,213,0.0520833333333333,United Kingdom,0
12910,23,8,3075.04,384.38,48,1692,218,0.0,United Kingdom,0
12912,3,5,1662.3,332.46,17,670,37,0.0,United Kingdom,2
12913,5,5,2483.63,496.726,37,1419,363,0.0,United Kingdom,0
12915,149,2,363.65,181.825,19,93,223,0.0,United Kingdom,0
12916,139,5,2982.35,596.47,53,1111,181,0.018348623853211,United Kingdom,0
12917,128,1,594.0,594.0,2,120,0,0.0,United Kingdom,2
12919,8,8,1301.44,162.68,34,668,161,0.0384615384615384,United Kingdom,0
12920,17,1,164.23,164.23,27,129,0,0.0,United Kingdom,2
12921,4,50,16389.74,327.7948,233,9454,369,0.0283400809716599,United Kingdom,0
12922,161,1,405.38,405.38,28,370,0,0.0,United Kingdom,2
12923,64,1,176.97,176.97,28,69,0,0.0,United Kingdom,2
12924,88,5,929.95,185.99,22,480,239,0.032258064516129,United Kingdom,0
12925,5,2,694.05,347.025,42,541,70,0.0,United Kingdom,2
12928,35,5,2062.7000000000003,412.5400000000001,59,1472,323,0.0,United Kingdom,0
12929,122,2,105.1,52.55,8,36,189,0.1111111111111111,United Kingdom,2
12930,78,4,409.9,102.475,20,250,93,0.074074074074074,United Kingdom,2
12931,22,20,33462.81,1673.1405,29,23377,336,0.196078431372549,United Kingdom,0
12933,24,4,606.28,151.57,103,498,259,0.0093457943925233,United Kingdom,0
12935,2,8,2156.45,269.55625,80,1852,317,0.0076923076923076,United Kingdom,0
12936,17,5,1012.9,202.58,56,539,61,0.0158730158730158,United Kingdom,2
12937,15,4,1504.27,376.0675,81,1007,252,0.0,United Kingdom,0
12938,26,1,114.14,114.14,9,140,0,0.0,United Kingdom,2
12939,64,8,11581.8,1447.725,21,4876,270,0.0,United Kingdom,0
12940,46,4,876.29,219.0725,88,406,41,0.0388349514563106,United Kingdom,2
12942,131,3,683.9,227.96666666666667,68,203,234,0.0,United Kingdom,0
12943,301,1,0.01,0.01,1,-1,0,1.0,United Kingdom,1
12944,36,2,604.51,302.255,29,289,319,0.0,United Kingdom,0
12945,288,1,462.95,462.95,23,165,0,0.0,United Kingdom,1
12947,144,11,1407.29,127.93545454545456,83,1157,229,0.058252427184466,United Kingdom,0
12948,16,8,2053.7,256.7125,82,1077,248,0.0169491525423728,United Kingdom,0
12949,31,10,4143.02,414.302,166,2363,221,0.0182648401826484,United Kingdom,0
12950,2,3,1843.0,614.3333333333334,13,1380,21,0.0,United Kingdom,2
12951,9,8,1042.07,130.25875,54,500,322,0.0307692307692307,United Kingdom,0
12952,6,5,1382.84,276.56800000000004,64,652,72,0.0125,United Kingdom,2
12953,10,1,329.85,329.85,17,84,0,0.0,United Kingdom,2
12955,1,14,4734.26,338.1614285714286,81,3642,266,0.0163934426229508,United Kingdom,0
12956,306,1,108.07,108.07,19,34,0,0.0,United Kingdom,1
12957,4,12,3979.04,331.58666666666664,208,2531,335,0.0245901639344262,United Kingdom,0
12962,7,2,266.39,133.195,15,129,106,0.0,United Kingdom,2
12963,8,9,1841.03,204.55888888888887,76,873,357,0.0104166666666666,United Kingdom,0
12965,89,1,771.91,771.91,108,283,0,0.0,United Kingdom,2
12966,10,1,160.18,160.18,10,75,0,0.0,United Kingdom,2
12967,3,4,1194.75,298.6875,21,243,368,0.4242424242424242,United Kingdom,0
12968,112,1,135.95,135.95,5,73,0,0.0,United Kingdom,2
12970,7,4,452.24,113.06,116,310,315,0.0,United Kingdom,0
12971,4,89,10930.26,122.81191011235956,95,9203,368,0.0097402597402597,United Kingdom,0
12974,198,1,144.8,144.8,8,24,0,0.0,United Kingdom,1
12976,212,1,738.6,738.6,22,561,0,0.0,United Kingdom,1
12977,156,1,39.24,39.24,9,12,0,0.0,United Kingdom,1
12980,156,12,7092.06,591.005,6,864,203,0.1666666666666666,United Kingdom,0
12981,30,2,372.22,186.11,12,242,103,0.0,United Kingdom,2
12982,240,2,377.2,188.6,28,278,2,0.1764705882352941,United Kingdom,1
12984,19,1,97.5,97.5,4,26,0,0.0,United Kingdom,2
12985,1,3,1215.62,405.2066666666667,73,1413,27,0.0256410256410256,United Kingdom,2
12987,74,3,545.0,181.66666666666663,27,217,124,0.0666666666666666,United Kingdom,2
12988,292,1,535.32,535.32,75,136,0,0.0,United Kingdom,1
12989,3,19,6854.51,360.7636842105263,41,2915,361,0.0588235294117647,United Kingdom,0
12990,31,3,409.5,136.5,8,200,278,0.0,United Kingdom,0
12991,23,2,503.76,251.88,31,405,89,0.0,United Kingdom,2
12993,23,4,414.76,103.69,26,240,275,0.0,United Kingdom,0
12994,4,5,902.22,180.444,52,440,264,0.1643835616438356,United Kingdom,0
12995,78,2,200.72,100.36,3,98,7,0.4,United Kingdom,2
12997,22,7,1197.94,171.1342857142857,45,648,294,0.1194029850746268,United Kingdom,0
12999,196,3,455.88,151.96,25,342,49,0.0,United Kingdom,1
13000,107,3,534.85,178.28333333333333,30,379,258,0.0,United Kingdom,0
13001,4,15,9797.92,653.1946666666666,166,5497,322,0.0087719298245614,United Kingdom,0
13002,318,1,120.95,120.95,7,73,0,0.0,United Kingdom,1
13003,106,3,149.05,49.68333333333334,4,103,109,0.0,United Kingdom,2
13004,12,22,5613.43,255.1559090909091,277,4796,346,0.0122249388753056,United Kingdom,0
13005,174,3,468.95,156.31666666666666,21,167,72,0.1034482758620689,United Kingdom,1
13006,56,1,81.57,81.57,4,55,0,0.0,United Kingdom,2
13008,323,2,178.46999999999997,89.23499999999999,15,115,37,0.0666666666666666,United Kingdom,1
13011,372,1,50.55,50.55,3,13,0,0.0,United Kingdom,1
13012,9,11,1311.62,119.23818181818184,68,671,285,0.1682242990654205,United Kingdom,0
13013,1,15,4786.99,319.13266666666664,155,2217,370,0.0135135135135135,United Kingdom,0
13014,3,16,3365.43,210.339375,67,884,278,0.1138211382113821,United Kingdom,0
13015,53,5,3346.28,669.2560000000001,156,1617,195,0.0,United Kingdom,0
13016,73,3,789.89,263.2966666666667,39,527,49,0.0,United Kingdom,2
13017,7,1,204.0,204.0,1,48,0,0.0,United Kingdom,2
13018,16,29,7272.75,250.7844827586207,313,5434,279,0.0021786492374727,United Kingdom,0
13021,4,12,2584.4,215.36666666666667,103,1336,361,0.0223880597014925,United Kingdom,0
13023,64,2,689.9,344.95,36,286,65,0.0,United Kingdom,2
13026,1,8,936.15,117.01875,34,1586,274,0.0697674418604651,United Kingdom,0
13027,114,6,6912.0,1152.0,6,17280,240,0.0,United Kingdom,0
13028,23,3,659.68,219.8933333333333,40,796,22,0.0425531914893617,United Kingdom,2
13029,31,3,1247.5,415.8333333333333,8,134,322,0.0,United Kingdom,0
13030,11,2,799.48,399.74,76,394,356,0.0,United Kingdom,0
13032,39,3,996.52,332.17333333333335,55,367,48,0.0533333333333333,United Kingdom,2
13033,357,1,190.55,190.55,11,83,0,0.0,United Kingdom,1
13034,55,2,642.77,321.385,37,369,314,0.0,United Kingdom,0
13035,58,3,886.63,295.5433333333333,23,627,203,0.1,United Kingdom,0
13037,138,3,881.07,293.69,44,431,118,0.0,United Kingdom,2
13038,80,3,908.46,302.82,24,360,210,0.0,United Kingdom,0
13040,9,2,676.99,338.495,38,355,24,0.0,United Kingdom,2
13043,254,2,471.57,235.785,13,251,19,0.0714285714285714,United Kingdom,1
13044,291,1,560.47,560.47,33,429,0,0.0,United Kingdom,1
13045,99,1,305.28000000000003,305.28000000000003,18,221,0,0.0,United Kingdom,2
13046,31,2,629.31,314.655,33,264,235,0.0,United Kingdom,0
13047,32,18,3079.1,171.0611111111111,106,1355,342,0.1224489795918367,United Kingdom,0
13048,14,5,1805.91,361.182,77,1230,312,0.0072992700729927,United Kingdom,0
13049,64,2,656.6800000000001,328.34000000000003,14,268,253,0.0,United Kingdom,0
13050,9,28,5684.61,203.0217857142857,246,3707,357,0.0450236966824644,United Kingdom,0
13052,212,1,348.15000000000003,348.15000000000003,18,222,0,0.0,United Kingdom,1
13055,64,4,1201.96,300.49,74,891,149,0.0256410256410256,United Kingdom,2
13058,25,3,271.40000000000003,90.46666666666668,5,52,127,0.0,United Kingdom,2
13059,250,1,183.4,183.4,8,35,0,0.0,United Kingdom,1
13060,254,1,307.53,307.53,15,123,0,0.0,United Kingdom,1
13061,72,1,248.61,248.61,10,107,0,0.0,United Kingdom,2
13062,191,1,346.98,346.98,11,343,0,0.0,United Kingdom,1
13064,13,4,1119.49,279.8725,51,516,314,0.0,United Kingdom,0
13065,373,1,205.86,205.86,14,74,0,0.0,United Kingdom,1
13066,24,3,430.9,143.63333333333333,48,320,7,0.0204081632653061,United Kingdom,2
13067,82,1,115.46,115.46,14,32,0,0.0,United Kingdom,2
13068,10,2,344.0,172.0,1,200,309,0.0,United Kingdom,0
13069,1,27,3717.82,137.69703703703703,285,5466,368,0.0957446808510638,United Kingdom,0
13070,192,1,228.8,228.8,9,110,0,0.0,United Kingdom,1
13072,267,1,177.15,177.15,7,69,0,0.0,United Kingdom,1
13075,130,1,919.61,919.61,22,485,0,0.0,United Kingdom,2
13077,1,4,729.27,182.3175,99,863,365,0.0,United Kingdom,0
13078,1,43,12432.28,289.1227906976744,96,5557,365,0.0578947368421052,United Kingdom,0
13079,4,5,220.1,44.02,2,62,136,0.0,United Kingdom,2
13080,179,1,58.08,58.08,6,120,0,0.0,United Kingdom,1
13081,1,21,27964.48,1331.6419047619047,511,18929,369,0.0312204351939451,United Kingdom,0
13082,126,10,3595.48,359.548,63,4313,212,0.0266666666666666,United Kingdom,0
13083,4,2,303.75,151.875,15,187,71,0.0,United Kingdom,2
13085,158,3,272.38,90.79333333333334,17,108,137,0.2413793103448276,United Kingdom,2
13089,3,118,57385.88,486.3210169491525,636,30787,366,0.0210016155088853,United Kingdom,0
13090,9,18,8689.39,482.7438888888889,98,2194,364,0.0372670807453416,United Kingdom,0
13091,21,2,319.82,159.91,21,450,7,0.125,United Kingdom,2
13092,71,6,459.83,76.63833333333334,19,271,288,0.0384615384615384,United Kingdom,0
13093,267,13,7741.47,595.4976923076923,99,3943,106,0.0647058823529411,United Kingdom,1
13094,21,16,1708.86,106.80375,4,1542,347,0.2,United Kingdom,0
13095,71,1,74.39999999999999,74.39999999999999,6,144,0,0.0,United Kingdom,2
13097,33,14,5893.32,420.95142857142855,215,2341,327,0.0320366132723112,United Kingdom,0
13098,1,41,28658.88,698.9970731707317,163,15911,316,0.0545454545454545,United Kingdom,0
13099,99,1,207.36,207.36,1,288,0,0.0,United Kingdom,2
13101,234,1,101.19,101.19,8,113,0,0.0,United Kingdom,1
13102,1,27,6336.29,234.6774074074074,141,4160,363,0.0193548387096774,United Kingdom,0
13103,40,1,243.94,243.94,8,82,0,0.0,United Kingdom,2
13104,3,6,1098.48,183.08,14,504,351,0.0,United Kingdom,0
13106,129,2,59.5,29.75,1,14,4,0.5,United Kingdom,1
13107,44,5,1524.07,304.814,54,1288,289,0.0333333333333333,United Kingdom,0
13108,373,1,350.06,350.06,10,298,0,0.0,United Kingdom,1
13109,3,5,766.84,153.368,41,514,154,0.06,United Kingdom,0
13110,31,8,1452.87,181.60875,109,384,279,0.0068493150684931,United Kingdom,0
13113,1,40,10510.0,262.75,113,2589,365,0.2831541218637993,United Kingdom,0
13115,9,14,2205.63,157.54500000000002,92,1534,357,0.0909090909090909,United Kingdom,0
13116,117,2,485.19,242.595,30,290,21,0.032258064516129,United Kingdom,2
13117,22,8,984.91,123.11375,66,945,350,0.0,United Kingdom,0
13118,20,7,1125.0,160.71428571428572,68,389,269,0.0365853658536585,United Kingdom,0
13120,239,1,30.6,30.6,1,12,0,0.0,United Kingdom,1
13121,269,2,254.73,127.365,50,227,0,0.0566037735849056,United Kingdom,1
13122,94,2,922.39,461.195,54,585,146,0.0,United Kingdom,2
13124,90,3,3866.33,1288.7766666666666,185,2147,269,0.0,United Kingdom,0
13126,5,10,2056.29,205.629,124,2130,361,0.0140845070422535,United Kingdom,0
13127,78,1,259.17,259.17,15,127,0,0.0,United Kingdom,2
13130,94,1,64.0,64.0,2,32,0,0.0,United Kingdom,2
13131,23,4,1039.3,259.825,30,443,164,0.0434782608695652,United Kingdom,0
13132,262,1,77.3,77.3,3,20,0,0.0,United Kingdom,1
13133,274,2,109.8,54.9,7,32,30,0.0,United Kingdom,1
13134,73,7,1740.63,248.6614285714286,94,1044,167,0.0666666666666666,United Kingdom,0
13135,197,1,3096.0,3096.0,1,4300,0,0.0,United Kingdom,1
13136,50,11,2545.38,231.39818181818185,97,1312,315,0.0863309352517985,United Kingdom,0
13137,11,9,3605.08,400.56444444444446,346,2225,298,0.001418439716312,United Kingdom,0
13138,22,6,962.39,160.39833333333334,31,473,350,0.0,United Kingdom,0
13139,16,8,5055.79,631.97375,132,2418,243,0.0229885057471264,United Kingdom,0
13140,108,3,423.72,141.24,40,186,258,0.0,United Kingdom,0
13141,85,6,2385.8,397.6333333333334,113,1547,230,0.0073529411764705,United Kingdom,0
13142,19,1,307.09,307.09,23,258,0,0.0,United Kingdom,2
13144,333,1,110.95,110.95,3,21,0,0.0,United Kingdom,1
13145,40,5,614.77,122.954,5,142,332,0.1428571428571428,United Kingdom,0
13146,26,1,228.91,228.91,16,154,0,0.0,United Kingdom,2
13147,10,4,712.8000000000001,178.20000000000002,1,144,89,0.0,United Kingdom,2
13148,29,17,3348.48,196.96941176470588,238,1828,335,0.0806916426512968,United Kingdom,0
13149,14,4,1676.06,419.015,76,1280,274,0.0,United Kingdom,0
13151,203,2,1250.37,625.1850000000001,73,361,92,0.0133333333333333,United Kingdom,1
13153,6,1,486.22,486.22,15,418,0,0.0,United Kingdom,2
13154,144,1,0.01,0.01,1,-1,0,1.0,United Kingdom,1
13155,33,4,971.76,242.94,67,497,335,0.0,United Kingdom,0
13157,49,5,1721.57,344.314,69,1430,248,0.0224719101123595,United Kingdom,0
13158,95,4,1201.06,300.265,59,784,224,0.0,United Kingdom,0
13159,9,5,1379.75,275.95,114,1045,106,0.0081967213114754,United Kingdom,2
13160,22,1,91.8,91.8,4,56,0,0.0,United Kingdom,2
13161,313,1,112.75,112.75,8,29,0,0.0,United Kingdom,1
13162,122,5,1644.99,328.998,74,1663,212,0.0365853658536585,United Kingdom,0
13165,46,2,1021.48,510.74,40,1376,305,0.0,United Kingdom,0
13166,282,2,414.7,207.35,39,214,0,0.0238095238095238,United Kingdom,1
13167,19,4,791.33,197.8325,51,785,125,0.0,United Kingdom,2
13168,36,5,1310.14,262.028,102,680,281,0.0150375939849624,United Kingdom,0
13169,64,2,712.88,356.44,11,272,188,0.0,United Kingdom,2
13170,27,1,116.01,116.01,29,147,0,0.0,United Kingdom,2
13171,8,5,426.81,85.362,37,227,291,0.0416666666666666,United Kingdom,0
13173,4,2,353.65,176.825,41,277,363,0.0,United Kingdom,0
13174,16,3,2817.03,939.01,228,1395,352,0.0,United Kingdom,0
13176,46,1,492.84,492.84,66,453,0,0.0,United Kingdom,2
13177,65,1,282.45,282.45,17,91,0,0.0,United Kingdom,2
13178,26,11,5725.47,520.4972727272727,95,3570,334,0.0,United Kingdom,0
13182,45,1,121.18,121.18,11,201,0,0.0,United Kingdom,2
13183,8,9,3957.78,439.7533333333333,51,2208,326,0.0,United Kingdom,0
13184,15,12,1648.79,137.39916666666667,138,1662,275,0.0109289617486338,United Kingdom,0
13185,268,1,71.4,71.4,1,12,0,0.0,United Kingdom,1
13186,40,5,1539.69,307.938,69,804,89,0.0595238095238095,United Kingdom,2
13187,337,1,236.02,236.02,37,95,0,0.0,United Kingdom,1
13188,11,1,114.6,114.6,2,25,0,0.0,United Kingdom,2
13189,19,2,260.68,130.34,29,842,96,0.0,United Kingdom,2
13192,95,2,911.94,455.97,57,595,109,0.0,United Kingdom,2
13193,61,1,117.88,117.88,22,50,0,0.0,United Kingdom,2
13194,136,1,60.7,60.7,3,26,0,0.0,United Kingdom,1
13196,11,4,1797.78,449.445,97,1224,250,0.0,United Kingdom,0
13198,10,8,3384.09,423.01125,200,2645,351,0.0131004366812227,United Kingdom,0
13199,4,39,9803.96,251.3835897435897,48,6172,363,0.0083333333333333,United Kingdom,0
13200,19,4,870.09,217.5225,42,516,107,0.0,United Kingdom,2
13203,10,4,869.46,217.365,56,800,232,0.0,United Kingdom,0
13207,15,2,250.26,125.13,7,130,135,0.0,United Kingdom,2
13208,59,7,1205.9,172.27142857142857,124,786,250,0.0066666666666666,United Kingdom,0
13209,30,11,5820.16,529.1054545454546,255,4232,331,0.0243161094224924,United Kingdom,0
13210,94,1,353.48,353.48,22,316,0,0.0,United Kingdom,2
13211,10,3,1197.42,399.14,45,874,350,0.0,United Kingdom,0
13212,9,4,780.58,195.145,128,309,52,0.0069930069930069,United Kingdom,2
13213,57,6,1518.43,253.0716666666667,82,1357,142,0.0217391304347826,United Kingdom,0
13216,268,1,333.74,333.74,5,297,0,0.0,United Kingdom,1
13217,122,5,133.62,26.724,3,114,34,0.4285714285714285,United Kingdom,2
13218,127,1,62.63999999999999,62.63999999999999,5,88,0,0.0,United Kingdom,2
13220,78,4,819.2900000000001,204.8225,18,196,158,0.0,United Kingdom,2
13221,240,2,847.41,423.705,62,244,119,0.0,United Kingdom,1
13223,200,2,163.20000000000002,81.60000000000001,5,88,31,0.0,United Kingdom,1
13224,60,3,2150.85,716.9499999999999,101,1512,91,0.0091743119266055,United Kingdom,2
13225,3,8,6083.04,760.38,23,3352,358,0.0588235294117647,United Kingdom,0
13226,273,1,108.21,108.21,16,80,0,0.0,United Kingdom,1
13227,202,1,257.7,257.7,9,99,0,0.0,United Kingdom,1
13228,81,1,358.0,358.0,2,200,0,0.0,United Kingdom,2
13229,226,1,160.95,160.95,10,63,0,0.0,United Kingdom,1
13230,4,15,2763.41,184.2273333333333,393,1544,360,0.0016339869281045,United Kingdom,0
13232,13,7,1357.6,193.94285714285712,147,778,230,0.0,United Kingdom,0
13233,74,2,605.12,302.56,43,1004,261,0.0,United Kingdom,0
13235,212,2,101.17000000000009,50.58500000000004,54,440,0,0.0169491525423728,United Kingdom,1
13236,25,3,727.27,242.4233333333333,34,411,82,0.0769230769230769,United Kingdom,2
13238,11,5,680.83,136.166,20,296,349,0.03125,United Kingdom,0
13239,262,1,329.56,329.56,21,327,0,0.0,United Kingdom,1
13240,96,4,663.65,165.9125,59,298,269,0.0,United Kingdom,0
13242,112,3,270.40000000000003,90.13333333333334,12,130,101,0.0,United Kingdom,2
13243,203,1,600.07,600.07,56,233,0,0.0,United Kingdom,1
13244,93,1,121.74,121.74,27,38,0,0.0,United Kingdom,2
13245,51,1,430.5,430.5,16,125,0,0.0,United Kingdom,2
13246,18,7,1922.1,274.5857142857143,110,1552,312,0.0139860139860139,United Kingdom,0
13247,18,4,501.12,125.28,18,328,64,0.0,United Kingdom,2
13248,125,2,465.68,232.84,25,305,64,0.0,United Kingdom,2
13249,92,3,711.41,237.13666666666663,21,546,168,0.0,United Kingdom,2
13253,157,2,1030.4,515.2,35,1572,182,0.0,United Kingdom,2
13255,4,3,390.66,130.22,13,174,369,0.0714285714285714,United Kingdom,0
13258,12,3,698.58,232.86,28,287,193,0.0,United Kingdom,0
13259,62,1,292.32,292.32,77,132,0,0.0,United Kingdom,2
13260,61,1,557.62,557.62,8,142,0,0.0,United Kingdom,2
13261,269,2,944.1,472.05,8,210,17,0.0,United Kingdom,1
13262,263,1,200.29,200.29,11,125,0,0.0,United Kingdom,1
13263,1,35,7454.07,212.97342857142857,450,4780,323,0.0,United Kingdom,0
13265,53,5,2107.66,421.532,66,1752,220,0.0,United Kingdom,0
13266,11,19,3717.67,195.6668421052632,83,4299,347,0.0742574257425742,United Kingdom,0
13267,3,27,4404.44,163.1274074074074,88,1939,364,0.0580357142857142,United Kingdom,0
13268,18,15,3167.64,211.176,257,3635,249,0.0156599552572706,United Kingdom,0
13269,1,17,5315.92,312.7011764705882,178,3509,368,0.0125,United Kingdom,0
13270,366,1,590.0,590.0,1,200,0,0.0,United Kingdom,1
13271,37,2,178.26,89.13,79,181,0,0.0495049504950495,United Kingdom,2
13272,31,2,276.56,138.28,15,96,58,0.0,United Kingdom,2
13273,113,1,138.98,138.98,16,153,0,0.0,United Kingdom,2
13276,64,2,590.9300000000001,295.46500000000003,30,161,36,0.0,United Kingdom,2
13277,16,4,258.4,64.6,5,176,117,0.0,United Kingdom,2
13278,41,1,542.73,542.73,46,537,0,0.0,United Kingdom,2
13279,64,2,126.3,63.150000000000006,9,70,14,0.1818181818181818,United Kingdom,2
13280,122,3,814.86,271.62,67,522,214,0.0,United Kingdom,0
13282,18,6,1047.84,174.64,30,289,202,0.075,United Kingdom,0
13283,60,2,93.66,46.83,7,90,125,0.0,United Kingdom,2
13284,323,2,196.15,98.075,13,79,8,0.0714285714285714,United Kingdom,1
13285,23,4,2709.12,677.28,157,2051,266,0.0,United Kingdom,0
13291,156,1,361.11,361.11,41,233,0,0.0,United Kingdom,2
13292,39,2,578.9399999999999,289.47,29,347,245,0.0,United Kingdom,0
13294,190,2,873.74,436.87,48,453,59,0.0,United Kingdom,1
13295,360,2,197.95,98.975,11,81,12,0.0909090909090909,United Kingdom,1
13296,137,1,87.4,87.4,5,78,0,0.0,United Kingdom,1
13297,8,4,2089.85,522.4625,52,963,59,0.0,United Kingdom,2
13298,1,1,360.0,360.0,2,96,0,0.0,United Kingdom,2
13299,268,1,142.5,142.5,5,30,0,0.0,United Kingdom,1
13300,165,2,365.29,182.645,20,201,4,0.0909090909090909,United Kingdom,1
13301,104,4,618.09,154.5225,75,345,188,0.0,United Kingdom,0
13302,155,1,63.75,63.75,1,5,0,0.0,United Kingdom,1
13304,351,1,300.42,300.42,21,238,0,0.0,United Kingdom,1
13305,4,10,2000.86,200.086,50,1232,368,0.0,United Kingdom,0
13307,120,1,15.0,15.0,1,4,0,0.0,United Kingdom,1
13308,23,4,1367.61,341.90250000000003,49,840,180,0.0526315789473684,United Kingdom,0
13309,7,5,1456.79,291.358,82,1544,301,0.0,United Kingdom,0
13310,9,6,1083.63,180.605,65,575,315,0.0649350649350649,United Kingdom,0
13311,4,2,598.57,299.285,25,305,145,0.0,United Kingdom,2
13313,22,5,1555.32,311.064,47,851,317,0.0,United Kingdom,0
13314,2,4,578.66,144.665,55,484,72,0.1733333333333333,United Kingdom,2
13316,37,5,5815.49,1163.098,67,6947,217,0.0113636363636363,United Kingdom,0
13317,64,9,2140.07,237.7855555555556,101,1003,294,0.0814814814814814,United Kingdom,0
13318,1,3,640.76,213.58666666666667,14,304,36,0.0,United Kingdom,2
13319,5,36,10664.34,296.2316666666667,211,4686,362,0.048,United Kingdom,0
13320,70,6,1491.7,248.61666666666667,77,1066,143,0.0363636363636363,United Kingdom,0
13321,72,2,567.36,283.68,10,372,14,0.0,United Kingdom,2
13322,17,1,199.48,199.48,25,117,0,0.0,United Kingdom,2
13323,3,5,787.85,157.57,6,175,81,0.0,United Kingdom,2
13324,32,12,7072.8,589.4,25,5200,328,0.0259740259740259,United Kingdom,0
13325,82,1,675.3,675.3,12,240,0,0.0,United Kingdom,2
13327,39,9,3617.57,401.9522222222223,74,1588,326,0.0091743119266055,United Kingdom,0
13328,316,1,1308.48,1308.48,17,680,0,0.0,United Kingdom,1
13329,32,4,740.4,185.1,16,427,335,0.1052631578947368,United Kingdom,0
13330,93,3,1140.93,380.31,37,751,223,0.0,United Kingdom,0
13332,14,1,350.9,350.9,21,179,0,0.0,United Kingdom,2
13334,82,3,3536.82,1178.94,207,1774,223,0.0,United Kingdom,0
13336,77,1,795.12,795.12,51,559,0,0.0,United Kingdom,2
13338,154,3,431.82,143.94,19,247,3,0.2083333333333333,United Kingdom,1
13339,201,1,860.12,860.12,54,326,0,0.0,United Kingdom,1
13340,45,7,10736.48,1533.782857142857,128,5770,231,0.0,United Kingdom,0
13341,261,1,775.85,775.85,42,301,0,0.0,United Kingdom,1
13343,173,2,303.93,151.965,19,126,4,0.1363636363636363,United Kingdom,1
13344,68,3,2543.72,847.9066666666666,115,971,209,0.0,United Kingdom,0
13345,277,2,377.6,188.8,20,139,10,0.0909090909090909,United Kingdom,1
13347,70,1,341.36,341.36,8,205,0,0.0,United Kingdom,2
13348,64,1,233.76,233.76,14,136,0,0.0,United Kingdom,2
13349,11,1,247.32,247.32,16,225,0,0.0,United Kingdom,2
13350,16,3,910.72,303.5733333333333,36,284,63,0.0697674418604651,United Kingdom,2
13351,66,1,373.94,373.94,16,117,0,0.0,United Kingdom,2
13352,8,2,389.28,194.64,24,315,52,0.1111111111111111,United Kingdom,2
13354,71,1,743.53,743.53,51,604,0,0.0,United Kingdom,2
13355,122,1,674.7,674.7,32,314,0,0.0,United Kingdom,2
13356,80,1,768.24,768.24,42,325,0,0.0,United Kingdom,2
13357,257,1,609.95,609.95,85,322,0,0.0,United Kingdom,1
13358,269,1,439.03,439.03,29,285,0,0.0,United Kingdom,1
13359,59,2,431.26,215.63,23,159,4,0.0416666666666666,United Kingdom,2
13362,3,5,3085.49,617.0980000000001,128,1379,284,0.0177514792899408,United Kingdom,0
13363,18,2,992.5,496.25,47,710,26,0.0,United Kingdom,2
13364,67,2,0.01,0.01,10,0,4,0.5,United Kingdom,2
13365,9,3,2191.22,730.4066666666666,122,1238,208,0.0303030303030303,United Kingdom,0
13366,50,1,56.16,56.16,1,144,0,0.0,United Kingdom,2
13368,257,2,623.4,311.7,29,327,80,0.0,United Kingdom,1
13369,354,2,263.75,131.875,14,127,11,0.2631578947368421,United Kingdom,1
13370,366,2,721.32,360.66,39,336,5,0.1136363636363636,United Kingdom,1
13372,90,1,378.64,378.64,23,159,0,0.0,United Kingdom,2
13373,61,3,3312.25,1104.0833333333333,135,1651,215,0.0,United Kingdom,0
13375,81,2,772.9,386.45,37,441,7,0.0263157894736842,United Kingdom,2
13376,99,3,1019.76,339.92,45,493,135,0.0,United Kingdom,2
13379,26,3,572.56,190.85333333333327,85,601,110,0.0,United Kingdom,2
13381,21,7,3626.81,518.1157142857143,77,2027,277,0.0057803468208092,United Kingdom,0
13382,281,1,222.99,222.99,15,131,0,0.0,United Kingdom,1
13384,31,9,4122.28,458.0311111111111,123,2415,147,0.0193548387096774,United Kingdom,0
13385,330,1,534.57,534.57,35,281,0,0.0,United Kingdom,1
13388,121,3,627.15,209.05,35,281,10,0.0277777777777777,United Kingdom,2
13389,11,3,797.96,265.9866666666667,50,429,221,0.0,United Kingdom,0
13390,75,1,544.08,544.08,13,224,0,0.0,United Kingdom,2
13391,204,1,59.8,59.8,1,4,0,0.0,United Kingdom,1
13394,2,10,2312.8,231.28000000000003,126,2215,308,0.0548780487804878,United Kingdom,0
13395,185,1,307.72,307.72,21,336,0,0.0,United Kingdom,1
13396,22,4,1325.29,331.3225,42,592,297,0.0851063829787234,United Kingdom,0
13397,73,6,1539.18,256.53000000000003,28,429,266,0.0256410256410256,United Kingdom,0
13398,192,1,457.34,457.34,26,281,0,0.0,United Kingdom,1
13402,127,2,621.23,310.615,32,479,244,0.0,United Kingdom,0
13403,18,1,75.0,75.0,3,44,0,0.0,United Kingdom,2
13404,1,2,252.49,126.245,11,111,211,0.0,United Kingdom,0
13405,74,3,572.451,190.817,25,165,243,0.0,United Kingdom,0
13408,2,81,27487.41,339.3507407407407,236,16119,371,0.0459081836327345,United Kingdom,0
13410,9,7,988.91,141.2728571428571,15,513,282,0.0666666666666666,United Kingdom,0
13411,107,1,213.55,213.55,17,72,0,0.0,United Kingdom,2
13414,134,3,1390.5,463.5,23,1574,162,0.0,United Kingdom,2
13416,44,2,712.5,356.25,11,142,37,0.0,United Kingdom,2
13417,5,2,640.83,320.415,26,162,200,0.0,United Kingdom,0
13418,12,23,5845.44,254.14956521739128,223,3839,360,0.0318471337579617,United Kingdom,0
13419,64,1,221.06,221.06,16,275,0,0.0,United Kingdom,2
13420,135,4,140.35,35.0875,8,88,36,0.2,United Kingdom,2
13421,40,3,1848.98,616.3266666666667,89,1180,249,0.0095238095238095,United Kingdom,0
13422,51,2,2601.55,1300.775,127,1321,13,0.0078125,United Kingdom,2
13425,108,3,1624.21,541.4033333333333,66,1123,186,0.0,United Kingdom,0
13426,1,12,3550.7000000000003,295.8916666666667,104,2224,358,0.0125786163522012,United Kingdom,0
13427,19,3,582.6,194.2,25,545,195,0.0,United Kingdom,0
13428,10,1,218.47,218.47,70,156,0,0.0,United Kingdom,2
13429,11,4,1006.8,251.7,55,1390,64,0.0,United Kingdom,2
13430,19,4,648.6899999999999,162.1725,49,738,67,0.0925925925925925,United Kingdom,2
13431,67,2,1269.1,634.55,44,672,21,0.0,United Kingdom,2
13434,74,2,534.24,267.12,9,300,22,0.0,United Kingdom,2
13435,5,9,3794.49,421.61,68,2125,183,0.0194174757281553,United Kingdom,0
13436,2,1,196.89,196.89,12,76,0,0.0,United Kingdom,2
13437,14,7,3408.06,486.8657142857143,143,1283,175,0.0,United Kingdom,0
13439,255,1,283.71,283.71,54,242,0,0.0,United Kingdom,1
13441,92,1,296.64,296.64,13,204,0,0.0,United Kingdom,2
13447,23,4,1104.23,276.0575,55,577,12,0.0483870967741935,United Kingdom,2
13448,17,10,3465.67,346.567,137,1638,357,0.0201005025125628,United Kingdom,0
13449,24,1,291.88,291.88,19,222,0,0.0,United Kingdom,2
13450,27,6,2043.72,340.61999999999995,32,1982,191,0.0,United Kingdom,0
13451,26,6,2916.45,486.075,315,2143,308,0.0022522522522522,United Kingdom,0
13452,259,2,590.0,295.0,1,2,11,0.0,United Kingdom,1
13453,166,2,356.98,178.48999999999998,16,134,123,0.0,United Kingdom,2
13455,25,4,1007.35,251.8375,42,345,341,0.1320754716981132,United Kingdom,0
13456,18,7,1737.8200000000002,248.26,43,756,189,0.0307692307692307,United Kingdom,0
13458,7,22,9537.92,433.5418181818182,242,5460,352,0.0304568527918781,United Kingdom,0
13460,29,2,183.44,91.72,16,286,20,0.0,United Kingdom,2
13461,39,3,1445.0,481.6666666666667,14,1170,124,0.0,United Kingdom,2
13462,183,2,143.25,71.625,9,61,69,0.1,United Kingdom,1
13464,58,1,674.68,674.68,41,403,0,0.0,United Kingdom,2
13466,100,2,297.95,148.975,17,258,83,0.0555555555555555,United Kingdom,2
13467,11,2,1083.71,541.855,89,584,25,0.0,United Kingdom,2
13468,2,41,5656.75,137.96951219512195,184,2581,371,0.0130718954248366,United Kingdom,0
13470,99,2,165.0,82.5,7,100,15,0.0,United Kingdom,2
13471,1,4,2531.58,632.895,214,1590,46,0.0,United Kingdom,2
13473,61,3,417.54,139.18,21,260,272,0.0454545454545454,United Kingdom,0
13474,236,1,229.59,229.59,59,132,0,0.0,United Kingdom,1
13475,191,4,1431.78,357.945,64,1012,107,0.0,United Kingdom,1
13476,179,4,1092.77,273.1925,56,414,102,0.0491803278688524,United Kingdom,2
13477,38,8,1441.53,180.19125,57,1018,253,0.0246913580246913,United Kingdom,0
13479,198,3,291.0,97.0,14,133,36,0.0625,United Kingdom,1
13481,46,8,1776.81,222.10125,98,1127,322,0.0267857142857142,United Kingdom,0
13482,232,1,184.64,184.64,11,116,0,0.0,United Kingdom,1
13483,66,1,140.34,140.34,10,160,0,0.0,United Kingdom,2
13484,241,1,313.8,313.8,8,44,0,0.0,United Kingdom,1
13485,233,1,454.24,454.24,23,277,0,0.0,United Kingdom,1
13486,78,3,1122.41,374.1366666666667,69,669,76,0.0,United Kingdom,2
13487,58,3,575.4,191.8,26,265,295,0.0,United Kingdom,0
13488,17,17,8910.61,524.1535294117648,272,4512,350,0.0117096018735363,United Kingdom,0
13489,105,4,449.52,112.38,11,560,189,0.0,United Kingdom,0
13491,52,10,1215.82,121.582,73,903,320,0.0,United Kingdom,0
13492,136,3,1269.84,423.28,38,408,78,0.0,Switzerland,2
13493,275,2,618.63,309.315,6,380,11,0.0,Switzerland,1
13494,312,1,316.26000000000005,316.26000000000005,18,162,0,0.0,United Kingdom,1
13495,8,6,1990.12,331.68666666666667,34,814,360,0.0769230769230769,United Kingdom,0
13496,11,3,617.93,205.97666666666663,28,329,349,0.0277777777777777,United Kingdom,0
13497,283,3,321.05,107.01666666666668,19,159,85,0.05,United Kingdom,1
13499,18,7,1146.96,163.85142857142858,31,1358,252,0.0666666666666666,United Kingdom,0
13500,23,4,1136.77,284.1925,60,585,99,0.0298507462686567,United Kingdom,2
13501,243,2,1310.47,655.235,52,557,45,0.0188679245283018,Switzerland,1
13502,17,3,292.0,97.33333333333331,17,264,307,0.0,United Kingdom,0
13503,71,1,216.85,216.85,17,248,0,0.0,United Kingdom,2
13504,64,1,295.93,295.93,22,178,0,0.0,United Kingdom,2
13505,68,8,4282.88,535.36,182,2461,165,0.052863436123348,Switzerland,0
13506,312,3,452.82,150.94,26,321,57,0.1034482758620689,United Kingdom,1
13507,3,4,2479.16,619.79,146,1597,142,0.0,United Kingdom,0
13508,244,1,110.97,110.97,12,24,0,0.0,United Kingdom,1
13509,9,7,979.72,139.96,27,1106,275,0.0,United Kingdom,0
13510,1,5,1785.16,357.03200000000004,86,1382,182,0.017094017094017,United Kingdom,0
13512,261,1,251.21,251.21,15,143,0,0.0,United Kingdom,1
13513,127,1,205.1,205.1,10,109,0,0.0,United Kingdom,2
13514,74,1,152.20000000000002,152.20000000000002,4,40,0,0.0,United Kingdom,2
13515,73,4,891.12,222.78,50,681,175,0.0,United Kingdom,0
13516,21,3,1389.41,463.1366666666667,43,985,217,0.0,United Kingdom,0
13517,60,5,2109.07,421.814,125,1360,120,0.0139860139860139,United Kingdom,2
13518,86,1,659.4399999999999,659.4399999999999,36,392,0,0.0,United Kingdom,2
13519,50,2,110.8,55.400000000000006,8,22,27,0.1111111111111111,United Kingdom,2
13520,59,8,3487.75,435.96875,49,1642,312,0.0210526315789473,Switzerland,0
13521,1,3,1093.65,364.55,313,736,8,0.0,United Kingdom,2
13522,30,1,125.8,125.8,5,44,0,0.0,United Kingdom,2
13523,33,6,3755.38,625.8966666666666,157,1745,333,0.0282485875706214,United Kingdom,0
13524,41,5,680.1800000000001,136.036,17,324,179,0.0,United Kingdom,0
13525,15,2,628.78,314.39,5,394,233,0.0,United Kingdom,0
13527,34,8,2263.76,282.97,153,1673,293,0.0044642857142857,United Kingdom,0
13529,79,2,307.76,153.88,15,74,125,0.0,United Kingdom,2
13531,205,2,483.8,241.9,17,174,161,0.0,United Kingdom,1
13532,34,1,210.31,210.31,66,129,0,0.0,United Kingdom,2
13533,183,3,270.79,90.26333333333334,61,204,84,0.0,United Kingdom,1
13534,2,43,5613.08,130.53674418604652,119,2876,355,0.1345029239766081,United Kingdom,0
13536,1,7,3448.29,492.61285714285714,91,2136,74,0.0,United Kingdom,2
13538,43,7,1280.85,182.97857142857143,10,175,272,0.0,United Kingdom,0
13539,86,4,605.84,151.46,36,314,223,0.0263157894736842,United Kingdom,0
13544,40,2,291.41,145.705,76,127,200,0.0,United Kingdom,0
13546,12,3,626.99,208.99666666666667,72,359,188,0.0,United Kingdom,0
13548,96,2,682.41,341.205,114,441,147,0.0,United Kingdom,2
13549,26,8,916.12,114.515,37,457,216,0.0192307692307692,United Kingdom,0
13551,319,1,91.8,91.8,4,12,0,0.0,United Kingdom,1
13552,66,16,3539.53,221.220625,82,1386,249,0.0991735537190082,United Kingdom,0
13555,74,4,4149.28,1037.32,128,2660,128,0.0,United Kingdom,2
13557,28,2,584.06,292.03,31,546,252,0.0,United Kingdom,0
13558,6,4,605.06,151.265,123,344,62,0.0,United Kingdom,2
13560,7,1,174.37,174.37,32,64,0,0.0,United Kingdom,2
13561,216,1,141.86,141.86,14,83,0,0.0,United Kingdom,1
13562,82,3,1799.33,599.7766666666666,50,757,163,0.0,United Kingdom,0
13563,84,2,777.53,388.765,49,209,55,0.0,United Kingdom,2
13564,144,5,647.74,129.548,68,659,223,0.0235294117647058,United Kingdom,0
13565,19,2,240.22,120.11,35,172,315,0.0,United Kingdom,0
13566,41,2,874.71,437.355,134,575,41,0.0,United Kingdom,2
13568,173,1,192.85,192.85,41,70,0,0.0,United Kingdom,1
13569,17,2,373.75,186.875,73,164,350,0.0,United Kingdom,0
13570,243,1,239.49,239.49,27,161,0,0.0,United Kingdom,1
13571,13,12,2092.32,174.36,157,1759,240,0.0,United Kingdom,0
13572,206,1,1384.25,1384.25,32,534,0,0.0,United Kingdom,1
13573,50,2,294.4,147.2,24,303,202,0.0,United Kingdom,0
13575,23,5,732.0699999999999,146.414,41,449,152,0.0,United Kingdom,2
13576,10,20,6703.3,335.165,78,2640,362,0.0307692307692307,United Kingdom,0
13577,25,5,1658.3,331.66,61,771,216,0.0235294117647058,United Kingdom,0
13579,15,2,467.04,233.52,19,176,354,0.0,United Kingdom,0
13581,309,1,118.0,118.0,10,30,0,0.0,United Kingdom,1
13583,156,1,781.03,781.03,53,725,0,0.0,United Kingdom,2
13584,307,1,142.4,142.4,24,37,0,0.0,United Kingdom,1
13587,32,3,347.0,115.66666666666669,8,160,31,0.2727272727272727,United Kingdom,2
13588,16,13,2445.12,188.08615384615385,132,2573,239,0.0333333333333333,United Kingdom,0
13589,15,2,379.65,189.825,21,114,164,0.0,United Kingdom,2
13590,11,7,1976.12,282.30285714285714,70,1846,291,0.0224719101123595,United Kingdom,0
13591,65,3,1117.13,372.3766666666667,56,485,202,0.0,United Kingdom,0
13592,36,4,247.96,61.99,15,84,228,0.0,United Kingdom,0
13593,108,6,1990.28,331.7133333333333,77,707,227,0.0077519379844961,United Kingdom,0
13594,53,1,396.97,396.97,26,359,0,0.0,United Kingdom,2
13596,6,2,697.04,348.52,133,406,7,0.0,United Kingdom,2
13598,47,2,167.42000000000002,83.71000000000001,33,57,0,0.024390243902439,United Kingdom,2
13599,1,33,5030.6,152.44242424242427,172,3169,365,0.0643939393939393,United Kingdom,0
13600,312,1,219.52,219.52,19,324,0,0.0,United Kingdom,1
13601,45,2,693.32,346.66,90,548,166,0.0,United Kingdom,0
13602,65,1,428.89,428.89,23,267,0,0.0,United Kingdom,2
13603,26,1,164.34,164.34,27,164,0,0.0,United Kingdom,2
13606,29,3,280.54,93.51333333333332,40,279,282,0.0,United Kingdom,0
13607,40,1,678.01,678.01,93,290,0,0.0,United Kingdom,2
13610,12,9,1115.43,123.93666666666668,165,514,273,0.0087719298245614,United Kingdom,0
13611,89,4,1158.2,289.55,67,762,270,0.0263157894736842,United Kingdom,0
13614,24,4,1610.46,402.615,171,570,306,0.0,United Kingdom,0
13615,313,2,399.99,199.995,23,183,6,0.0416666666666666,United Kingdom,1
13617,40,3,544.18,181.3933333333333,31,300,140,0.0,United Kingdom,2
13618,174,1,177.34,177.34,13,246,0,0.0,United Kingdom,1
13621,117,1,213.85,213.85,19,343,0,0.0,United Kingdom,2
13623,31,7,672.44,96.06285714285715,78,286,266,0.0581395348837209,United Kingdom,0
13626,253,1,257.23,257.23,19,209,0,0.0,United Kingdom,1
13627,59,7,1624.02,232.00285714285715,84,1266,298,0.0212765957446808,United Kingdom,0
13629,23,11,7792.36,708.3963636363636,28,4372,315,0.0,United Kingdom,0
13630,5,11,1995.68,181.42545454545456,51,1377,280,0.1125,United Kingdom,0
13631,100,12,3021.77,251.8141666666667,6,460,167,0.0833333333333333,United Kingdom,0
13632,25,6,2117.02,352.83666666666664,121,1036,218,0.0068027210884353,United Kingdom,0
13634,33,5,1575.16,315.03200000000004,156,704,293,0.0,United Kingdom,0
13635,68,1,1071.03,1071.03,62,677,0,0.0,United Kingdom,2
13636,37,6,941.62,156.93666666666667,57,586,248,0.015625,United Kingdom,0
13637,52,3,810.5,270.1666666666667,79,409,174,0.0,United Kingdom,0
13638,16,1,122.64,122.64,8,93,0,0.0,United Kingdom,2
13639,74,1,1033.34,1033.34,39,800,0,0.0,United Kingdom,2
13642,216,1,354.8,354.8,57,173,0,0.0,United Kingdom,1
13643,31,3,519.44,173.14666666666668,24,273,154,0.0,United Kingdom,2
13644,9,5,2597.52,519.504,144,2060,96,0.0135135135135135,United Kingdom,2
13645,120,1,252.1,252.1,5,158,0,0.0,United Kingdom,2
13647,10,5,1670.22,334.044,65,894,225,0.0125,United Kingdom,0
13649,257,2,346.6,173.3,23,139,109,0.0,United Kingdom,1
13650,17,7,1809.34,258.47714285714284,79,918,250,0.0204081632653061,United Kingdom,0
13651,35,2,94.2,47.1,6,33,4,0.0,United Kingdom,2
13652,46,3,1095.08,365.0266666666666,48,578,322,0.0,United Kingdom,0
13654,43,6,2707.33,451.2216666666666,157,2182,230,0.0,United Kingdom,0
13655,114,2,932.97,466.485,52,605,127,0.0,United Kingdom,2
13656,165,2,379.65,189.825,49,490,172,0.0,United Kingdom,2
13657,11,2,382.14,191.07,16,209,190,0.0,United Kingdom,0
13658,10,7,2421.47,345.9242857142857,91,1009,194,0.0357142857142857,United Kingdom,0
13659,197,3,1550.85,516.9499999999999,93,879,123,0.037037037037037,United Kingdom,1
13662,86,7,879.08,125.58285714285716,50,538,173,0.0862068965517241,United Kingdom,0
13663,179,1,189.47,189.47,13,91,0,0.0,United Kingdom,1
13666,60,3,84.65,28.21666666666667,12,41,227,0.0,United Kingdom,0
13667,149,1,305.02,305.02,82,154,0,0.0,United Kingdom,2
13668,3,29,6216.07,214.34724137931036,286,3637,359,0.06187624750499,United Kingdom,0
13669,51,2,218.55,109.275,9,237,98,0.0,United Kingdom,2
13670,75,1,349.7,349.7,25,282,0,0.0,United Kingdom,2
13672,301,6,0.01,0.01,5,-1,32,0.625,United Kingdom,1
13673,19,2,396.92,198.46,47,119,13,0.0,United Kingdom,2
13675,151,2,486.8200000000001,243.41000000000005,25,330,133,0.0,United Kingdom,2
13678,152,1,232.6,232.6,16,924,0,0.0,United Kingdom,2
13680,1,5,2202.31,440.462,164,1267,337,0.0972222222222222,United Kingdom,0
13681,18,4,827.83,206.9575,37,360,137,0.0,United Kingdom,2
13682,187,1,59.5,59.5,3,10,0,0.0,United Kingdom,1
13684,286,2,64.23,32.115,29,38,0,0.032258064516129,United Kingdom,1
13685,3,7,3119.44,445.63428571428574,29,5056,57,0.0,United Kingdom,2
13686,183,1,72.0,72.0,8,70,0,0.0,United Kingdom,1
13689,63,1,910.0,910.0,6,512,0,0.0,United Kingdom,2
13690,59,1,172.25,172.25,9,67,0,0.0,United Kingdom,2
13692,25,5,1466.87,293.374,49,1224,211,0.0363636363636363,United Kingdom,0
13693,325,2,0.01,0.01,4,-6,0,1.0,United Kingdom,1
13694,4,60,62653.1,1044.2183333333332,369,61803,369,0.029059829059829,United Kingdom,0
13695,31,15,2504.13,166.942,46,1603,228,0.0,United Kingdom,0
13697,39,1,151.29999999999998,151.29999999999998,12,177,0,0.0,United Kingdom,2
13699,155,1,308.58000000000004,308.58000000000004,14,66,0,0.0,United Kingdom,1
13700,26,10,2265.12,226.512,139,2304,300,0.0,United Kingdom,0
13703,318,1,99.5,99.5,1,10,0,0.0,United Kingdom,1
13704,5,10,2295.31,229.531,111,1528,83,0.0074074074074074,United Kingdom,2
13705,8,3,711.86,237.28666666666663,25,363,366,0.0,United Kingdom,0
13706,303,1,330.79,330.79,20,189,0,0.0,United Kingdom,1
13707,267,2,806.41,403.205,48,351,48,0.0,United Kingdom,1
13708,271,1,296.88,296.88,49,306,0,0.0,United Kingdom,1
13709,4,17,6249.110000000001,367.59470588235297,244,3501,311,0.0289017341040462,United Kingdom,0
13710,32,1,180.48,180.48,8,176,0,0.0,United Kingdom,2
13711,219,2,252.06,126.03,11,140,0,0.0,United Kingdom,1
13712,247,1,228.84,228.84,10,352,0,0.0,United Kingdom,1
13715,281,8,1053.94,131.7425,89,555,91,0.0277777777777777,United Kingdom,1
13716,269,1,138.28,138.28,21,138,0,0.0,United Kingdom,1
13717,32,7,1432.26,204.60857142857145,92,1958,266,0.0097087378640776,United Kingdom,0
13718,246,2,306.55,153.275,9,173,49,0.0,United Kingdom,1
13719,15,5,1041.68,208.336,56,609,219,0.0,United Kingdom,0
13720,117,4,799.9,199.975,42,501,138,0.0,United Kingdom,2
13721,36,1,524.14,524.14,28,316,0,0.0,United Kingdom,2
13722,120,4,2369.16,592.29,75,1400,162,0.0116279069767441,United Kingdom,0
13723,217,1,199.85,199.85,6,43,0,0.0,United Kingdom,1
13725,50,11,1809.81,164.52818181818182,97,659,258,0.1186440677966101,United Kingdom,0
13726,39,2,1079.66,539.8299999999999,39,1054,61,0.0,United Kingdom,2
13727,29,2,333.48,166.74,19,162,4,0.0,United Kingdom,2
13728,37,6,1016.14,169.35666666666663,38,458,273,0.0,United Kingdom,0
13730,136,2,752.6,376.3,38,488,25,0.0,United Kingdom,2
13731,219,2,610.59,305.295,36,278,27,0.0,United Kingdom,1
13732,28,1,491.86,491.86,33,498,0,0.0,United Kingdom,2
13735,25,8,2766.18,345.7725,161,1083,209,0.0576923076923076,United Kingdom,0
13736,5,3,724.0,241.33333333333331,167,493,255,0.0154639175257731,United Kingdom,0
13737,200,1,339.6,339.6,29,125,0,0.0,United Kingdom,1
13739,18,1,216.9,216.9,3,54,0,0.0,United Kingdom,2
13740,241,1,350.75,350.75,23,425,0,0.0,United Kingdom,1
13741,72,4,666.33,166.5825,34,217,145,0.0285714285714285,United Kingdom,2
13742,17,14,3102.42,221.60142857142856,200,1116,303,0.0061919504643962,United Kingdom,0
13743,3,8,1340.15,167.51874999999998,8,1775,256,0.0238095238095238,United Kingdom,0
13744,95,2,1156.36,578.18,54,1249,197,0.0,United Kingdom,0
13745,151,2,291.54,145.77,25,486,10,0.0384615384615384,United Kingdom,2
13747,374,1,79.6,79.6,1,8,0,0.0,United Kingdom,1
13748,96,5,948.25,189.65,24,439,278,0.0,United Kingdom,0
13750,54,5,1647.26,329.452,20,516,283,0.0,United Kingdom,0
13751,288,1,296.25,296.25,9,152,0,0.0,United Kingdom,1
13752,124,6,1186.28,197.7133333333333,64,876,122,0.0,United Kingdom,2
13753,288,1,741.26,741.26,35,512,0,0.0,United Kingdom,1
13754,152,2,282.6,141.29999999999998,11,214,165,0.0,United Kingdom,2
13755,4,10,2154.68,215.468,232,1241,59,0.0029154518950437,United Kingdom,2
13756,2,15,5145.12,343.008,66,3164,365,0.0069930069930069,United Kingdom,0
13758,12,7,3190.55,455.79285714285714,104,1844,361,0.0,United Kingdom,0
13759,33,2,659.4100000000001,329.70500000000004,24,287,37,0.0,United Kingdom,2
13760,54,2,286.79,143.395,50,197,202,0.0,United Kingdom,0
13761,50,2,1070.65,535.325,68,642,129,0.0,United Kingdom,2
13762,204,2,0.01,0.01,7,0,14,0.5,United Kingdom,1
13763,63,3,1689.46,563.1533333333333,17,725,107,0.1176470588235294,United Kingdom,2
13764,71,3,1521.76,507.2533333333333,183,932,266,0.0,United Kingdom,0
13767,2,52,16945.71,325.87903846153847,55,7258,371,0.0776942355889724,United Kingdom,0
13769,2,16,2771.87,173.241875,73,1152,365,0.0559440559440559,United Kingdom,0
13771,64,5,2631.7,526.3399999999999,114,1476,182,0.0083333333333333,United Kingdom,0
13772,34,3,1132.13,377.3766666666667,141,546,205,0.0,United Kingdom,0
13774,82,1,345.0,345.0,22,192,0,0.0,United Kingdom,2
13777,1,41,25748.35,628.008536585366,40,12804,372,0.1004566210045662,United Kingdom,0
13778,103,1,178.7,178.7,9,70,0,0.0,United Kingdom,2
13780,7,2,360.01,180.005,56,318,163,0.0,United Kingdom,2
13781,251,1,127.84,127.84,17,30,0,0.0,United Kingdom,1
13782,13,6,912.0,152.0,96,371,315,0.0,United Kingdom,0
13784,10,11,2462.79,223.89,9,2493,322,0.0,United Kingdom,0
13786,367,1,230.4,230.4,7,136,0,0.0,United Kingdom,1
13787,76,2,309.04,154.52,24,337,288,0.0,United Kingdom,0
13790,4,1,348.8,348.8,45,748,0,0.0,United Kingdom,2
13791,43,3,1047.68,349.2266666666667,7,828,124,0.3529411764705882,United Kingdom,2
13792,66,2,195.55,97.775,13,92,221,0.0,United Kingdom,0
13798,1,63,36351.42,577.0066666666667,115,23514,370,0.20501138952164,United Kingdom,0
13799,117,2,688.86,344.43,32,402,177,0.0,United Kingdom,2
13800,310,1,558.32,558.32,33,331,0,0.0,United Kingdom,1
13801,67,1,324.8,324.8,23,168,0,0.0,United Kingdom,2
13802,138,6,3906.27,651.045,57,2281,222,0.0909090909090909,United Kingdom,0
13803,255,1,277.07,277.07,17,121,0,0.0,United Kingdom,1
13804,31,7,2635.79,376.5414285714286,124,1498,259,0.0,United Kingdom,0
13805,52,2,924.6,462.3,10,1900,76,0.0,United Kingdom,2
13806,64,1,256.38,256.38,10,56,0,0.0,United Kingdom,2
13807,367,1,112.6,112.6,7,36,0,0.0,United Kingdom,1
13808,6,5,1747.66,349.53200000000004,70,782,91,0.0,United Kingdom,2
13809,305,1,155.05,155.05,11,29,0,0.0,Cyprus,1
13810,29,4,899.51,224.8775,32,311,27,0.0277777777777777,Germany,2
13811,184,4,591.75,147.9375,7,67,55,0.0714285714285714,Germany,1
13812,42,3,539.0,179.66666666666666,33,333,63,0.0,Germany,2
13813,40,5,1353.41,270.682,54,550,95,0.028169014084507,Germany,2
13814,56,3,1562.12,520.7066666666666,37,862,81,0.0172413793103448,Germany,2
13815,22,5,4014.91,802.982,132,2557,296,0.0056497175141242,Germany,0
13816,24,4,555.04,138.76,27,260,40,0.1515151515151515,Germany,2
13817,29,2,382.98,191.49,20,211,322,0.0,Germany,0
13819,302,3,1140.35,380.1166666666666,26,1109,18,0.0,United Kingdom,1
13821,145,2,385.64,192.82,51,153,116,0.0,United Kingdom,2
13822,6,2,632.0,316.0,90,611,34,0.0,United Kingdom,2
13823,19,2,957.66,478.83,39,439,72,0.0,United Kingdom,2
13824,33,5,1698.94,339.788,34,768,277,0.0,United Kingdom,0
13826,158,2,174.65,87.325,11,80,18,0.1666666666666666,United Kingdom,1
13827,58,3,412.05,137.35,83,141,85,0.0,United Kingdom,2
13828,22,1,209.49,209.49,15,311,0,0.0,United Kingdom,2
13829,359,1,0.01,0.01,1,-12,0,1.0,United Kingdom,1
13831,16,6,2202.99,367.165,58,745,353,0.0,United Kingdom,0
13832,18,2,40.95,20.475,3,25,1,0.25,United Kingdom,2
13833,159,1,384.8,384.8,28,118,0,0.0,United Kingdom,2
13835,25,4,834.57,208.6425,48,442,190,0.0,United Kingdom,0
13837,212,2,271.24,135.62,17,183,105,0.0,United Kingdom,1
13838,6,4,691.73,172.9325,144,263,364,0.0,United Kingdom,0
13841,253,1,85.0,85.0,1,100,0,0.0,United Kingdom,1
13842,59,9,3385.62,376.18,155,1768,308,0.0,United Kingdom,0
13844,11,1,361.62,361.62,20,196,0,0.0,United Kingdom,2
13845,65,1,312.98,312.98,9,182,0,0.0,United Kingdom,2
13846,25,4,847.61,211.9025,56,383,335,0.0517241379310344,United Kingdom,0
13848,92,3,1255.0,418.3333333333333,3,3700,273,0.0,United Kingdom,0
13849,52,2,1537.95,768.975,97,1016,119,0.0,United Kingdom,2
13850,88,2,1586.81,793.405,93,941,41,0.0106382978723404,United Kingdom,2
13851,96,3,2651.46,883.82,77,1705,192,0.0,United Kingdom,0
13853,9,2,1056.94,528.47,23,304,48,0.0416666666666666,United Kingdom,2
13854,9,29,8025.019999999999,276.72482758620686,39,2278,356,0.0350877192982456,United Kingdom,0
13856,169,5,363.4,72.67999999999999,10,484,34,0.1764705882352941,United Kingdom,1
13858,57,1,216.17,216.17,11,75,0,0.0,United Kingdom,2
13859,326,1,201.16,201.16,27,129,0,0.0,United Kingdom,1
13860,1,6,1240.0,206.66666666666663,58,589,85,0.0129870129870129,United Kingdom,2
13862,18,10,2187.31,218.731,97,1682,314,0.0211267605633802,United Kingdom,0
13863,245,2,299.56,149.78,20,219,2,0.0909090909090909,United Kingdom,1
13865,58,4,501.56,125.39,26,204,231,0.0,United Kingdom,0
13866,74,1,145.67000000000002,145.67000000000002,7,57,0,0.0,United Kingdom,2
13867,31,3,1015.29,338.43,51,513,186,0.0,United Kingdom,0
13868,7,2,3192.54,1596.27,32,1964,31,0.0,United Kingdom,2
13869,123,4,3104.95,776.2375,234,1721,233,0.0,United Kingdom,0
13870,2,10,2751.25,275.125,91,1320,285,0.0254237288135593,United Kingdom,0
13871,23,14,6389.8,456.4142857142857,155,2801,286,0.0059171597633136,United Kingdom,0
13873,120,4,381.7,95.425,21,138,190,0.0416666666666666,United Kingdom,0
13874,358,1,540.45,540.45,18,180,0,0.0,United Kingdom,1
13875,54,5,1786.79,357.358,79,1316,247,0.0,United Kingdom,0
13876,64,1,122.7,122.7,7,36,0,0.0,United Kingdom,2
13877,86,1,117.24,117.24,3,108,0,0.0,United Kingdom,2
13878,55,1,1281.53,1281.53,35,475,0,0.0,United Kingdom,2
13880,21,13,3219.77,247.67461538461535,125,1842,345,0.0,United Kingdom,0
13881,4,22,16989.52,772.2509090909091,72,10062,308,0.0111111111111111,United Kingdom,0
13882,3,6,1131.28,188.54666666666665,54,950,61,0.0151515151515151,United Kingdom,2
13883,1,9,2538.75,282.0833333333333,110,1368,325,0.0838709677419354,United Kingdom,0
13884,7,6,781.3000000000001,130.21666666666667,45,297,276,0.0166666666666666,United Kingdom,0
13885,189,2,506.8,253.4,28,182,11,0.0,United Kingdom,1
13886,71,1,243.56,243.56,16,126,0,0.0,United Kingdom,2
13887,204,1,349.55,349.55,19,147,0,0.0,United Kingdom,1
13888,120,2,605.63,302.815,38,258,98,0.0,United Kingdom,2
13889,93,1,416.9,416.9,15,146,0,0.0,United Kingdom,2
13890,1,14,1860.86,132.91857142857145,74,826,357,0.0350877192982456,United Kingdom,0
13892,27,4,632.97,158.2425,26,983,219,0.0,United Kingdom,0
13893,298,1,821.1,821.1,21,190,0,0.0,United Kingdom,1
13894,22,5,535.97,107.194,25,339,288,0.1,United Kingdom,0
13895,21,5,2588.12,517.624,97,1364,143,0.0084033613445378,United Kingdom,0
13897,50,1,311.16,311.16,17,200,0,0.0,United Kingdom,2
13898,326,1,155.93,155.93,12,133,0,0.0,United Kingdom,1
13899,16,2,388.52,194.26,19,156,258,0.0,United Kingdom,0
13900,183,3,740.95,246.98333333333332,42,430,79,0.0,United Kingdom,1
13901,72,5,2867.2,573.4399999999999,144,1739,246,0.0,United Kingdom,0
13904,37,2,332.64,166.32,24,332,257,0.0,United Kingdom,0
13908,80,5,2347.05,469.41,104,1470,196,0.0317460317460317,United Kingdom,0
13911,57,9,2580.91,286.7677777777778,120,2731,251,0.0,United Kingdom,0
13914,4,3,613.95,204.65,28,379,32,0.0294117647058823,United Kingdom,2
13917,50,2,272.04,136.02,16,228,141,0.0,United Kingdom,2
13918,50,2,1212.84,606.4200000000001,30,1140,203,0.0,United Kingdom,0
13919,53,3,350.16,116.71999999999998,24,437,68,0.1515151515151515,Denmark,2
13922,352,1,172.25,172.25,7,93,0,0.0,United Kingdom,1
13923,54,1,351.13,351.13,20,185,0,0.0,United Kingdom,2
13924,2,11,1682.08,152.91636363636363,91,1532,70,0.145985401459854,United Kingdom,2
13925,36,6,616.65,102.775,28,327,98,0.0888888888888888,United Kingdom,2
13926,23,1,223.85,223.85,11,104,0,0.0,United Kingdom,2
13927,75,1,348.99,348.99,21,214,0,0.0,United Kingdom,2
13928,11,4,464.57,116.1425,23,129,122,0.0,United Kingdom,2
13929,169,3,802.85,267.6166666666667,8,139,157,0.1,United Kingdom,1
13930,58,2,337.34,168.67,15,274,78,0.0,United Kingdom,2
13931,86,3,1230.93,410.31,56,721,195,0.0169491525423728,United Kingdom,0
13932,295,1,307.4,307.4,16,72,0,0.0,United Kingdom,1
13933,109,2,608.7900000000001,304.39500000000004,23,205,39,0.0,United Kingdom,2
13934,264,1,922.1,922.1,31,390,0,0.0,United Kingdom,1
13936,171,2,361.28,180.64,26,324,8,0.037037037037037,United Kingdom,1
13937,169,1,158.85,158.85,9,123,0,0.0,United Kingdom,1
13938,35,1,71.66,71.66,7,70,0,0.0,United Kingdom,2
13939,23,4,556.75,139.1875,43,843,288,0.0217391304347826,United Kingdom,0
13940,17,4,839.14,209.785,39,516,126,0.0,United Kingdom,2
13941,22,7,4912.41,701.7728571428571,24,2307,350,0.0425531914893617,United Kingdom,0
13946,79,3,561.5699999999999,187.19,11,443,188,0.0,United Kingdom,0
13947,65,1,90.6,90.6,5,44,0,0.0,United Kingdom,2
13948,361,1,102.0,102.0,3,40,0,0.0,United Kingdom,1
13949,3,6,2427.32,404.5533333333333,124,2474,91,0.0,United Kingdom,2
13950,11,5,728.56,145.712,33,321,235,0.0277777777777777,United Kingdom,0
13951,176,3,674.45,224.8166666666667,38,459,118,0.0,United Kingdom,2
13952,211,3,3246.091,1082.0303333333334,120,1425,27,0.0072463768115942,United Kingdom,1
13953,7,7,3515.68,502.24,8,2724,345,0.0,United Kingdom,0
13954,2,3,378.59,126.19666666666666,24,141,69,0.1666666666666666,United Kingdom,2
13955,154,2,322.96,161.48,33,154,151,0.0,United Kingdom,2
13956,5,5,1026.42,205.284,123,491,266,0.0,United Kingdom,0
13958,372,1,0.01,0.01,5,-23,0,1.0,United Kingdom,1
13959,79,3,598.2,199.4,79,357,283,0.0,United Kingdom,0
13960,21,2,230.22,115.11,11,142,50,0.0,United Kingdom,2
13962,22,2,169.55,84.775,11,87,223,0.0,United Kingdom,0
13963,308,4,664.54,166.135,35,460,59,0.0,United Kingdom,1
13967,146,1,80.7,80.7,2,42,0,0.0,United Kingdom,1
13969,7,20,8986.69,449.3345000000001,334,4483,357,0.0110584518167456,United Kingdom,0
13971,9,11,2702.2200000000003,245.6563636363637,118,1818,276,0.0569620253164556,United Kingdom,0
13972,71,2,190.25,95.125,15,187,131,0.0,United Kingdom,2
13973,287,1,264.7,264.7,11,109,0,0.0,United Kingdom,1
13974,49,1,413.59,413.59,28,249,0,0.0,United Kingdom,2
13975,31,7,2503.23,357.6042857142857,240,1725,245,0.0058823529411764,United Kingdom,0
13976,207,1,357.98,357.98,10,154,0,0.0,United Kingdom,1
13978,15,2,196.79,98.395,14,315,30,0.0,United Kingdom,2
13979,73,1,869.87,869.87,54,639,0,0.0,United Kingdom,2
13980,60,1,200.14,200.14,11,172,0,0.0,United Kingdom,2
13982,39,5,1861.11,372.222,72,1132,326,0.0347826086956521,United Kingdom,0
13983,30,13,2590.46,199.26615384615383,91,1170,337,0.0446428571428571,United Kingdom,0
13984,27,6,488.03,81.33833333333332,14,271,339,0.0588235294117647,United Kingdom,0
13985,4,16,7024.53,439.033125,108,3437,260,0.0056980056980056,United Kingdom,0
13986,17,1,320.46,320.46,12,430,0,0.0,United Kingdom,2
13988,20,9,4098.8,455.4222222222222,188,3025,234,0.0209205020920502,United Kingdom,0
13989,66,2,1266.08,633.04,33,1313,173,0.0,United Kingdom,2
13990,213,1,311.3,311.3,16,190,0,0.0,United Kingdom,1
13991,12,7,850.63,121.51857142857143,58,996,131,0.0232558139534883,United Kingdom,2
13992,30,1,76.8,76.8,5,64,0,0.0,United Kingdom,2
13993,32,12,3409.66,284.1383333333333,66,892,298,0.032,United Kingdom,0
13994,4,6,2313.14,385.5233333333333,122,940,144,0.0,United Kingdom,0
13995,15,6,1383.49,230.58166666666668,55,867,230,0.0114942528735632,United Kingdom,0
13999,10,15,3865.26,257.684,102,2231,351,0.0188679245283018,United Kingdom,0
14000,206,2,633.71,316.855,15,707,4,0.0625,United Kingdom,1
14001,46,4,2030.33,507.5825,35,959,327,0.025,United Kingdom,0
14002,134,2,529.73,264.865,47,877,22,0.0,United Kingdom,2
14004,43,7,4582.64,654.6628571428572,102,2668,245,0.0,United Kingdom,0
14005,10,5,2874.72,574.944,53,2478,206,0.0,United Kingdom,0
14006,116,3,962.19,320.73,22,641,196,0.0,United Kingdom,0
14009,198,3,685.9300000000001,228.64333333333332,42,361,7,0.0454545454545454,United Kingdom,1
14012,278,1,328.8,328.8,11,160,0,0.0,United Kingdom,1
14013,110,3,473.02,157.67333333333332,30,462,165,0.0,United Kingdom,2
14014,77,1,505.18,505.18,39,1076,0,0.0,United Kingdom,2
14015,53,1,917.34,917.34,20,378,0,0.0,United Kingdom,2
14016,154,5,4328.46,865.692,154,2124,203,0.0061728395061728,EIRE,0
14019,47,4,1398.96,349.74,37,1034,91,0.0294117647058823,United Kingdom,2
14020,17,2,642.8,321.4,37,441,71,0.0,United Kingdom,2
14021,155,3,631.9,210.63333333333333,22,192,101,0.0,United Kingdom,2
14022,225,1,440.0,440.0,28,487,0,0.0,United Kingdom,1
14023,7,2,584.07,292.035,30,345,242,0.0,United Kingdom,0
14024,122,2,327.7,163.85,16,150,2,0.0,United Kingdom,2
14027,61,1,104.82,104.82,6,62,0,0.0,United Kingdom,2
14029,63,2,467.66,233.83,15,198,80,0.0,United Kingdom,2
14030,18,8,2360.09,295.01125,210,1479,348,0.0,United Kingdom,0
14031,7,23,14634.64,636.2886956521739,121,5370,365,0.0310077519379844,United Kingdom,0
14032,2,18,2929.84,162.7688888888889,53,2008,364,0.0592105263157894,United Kingdom,0
14034,22,4,512.02,128.005,82,315,135,0.0326086956521739,United Kingdom,2
14035,29,5,1428.02,285.604,41,739,268,0.0,United Kingdom,0
14036,285,1,626.65,626.65,38,268,0,0.0,United Kingdom,1
14037,176,2,147.20000000000002,73.60000000000001,27,46,188,0.0,United Kingdom,1
14038,78,4,1554.48,388.62,64,963,128,0.010752688172043,United Kingdom,2
14039,33,1,152.2,152.2,6,92,0,0.0,United Kingdom,2
14040,41,15,3542.19,236.146,147,1524,290,0.0248962655601659,United Kingdom,0
14041,266,1,141.41,141.41,21,94,0,0.0,United Kingdom,1
14044,27,4,652.82,163.205,165,308,283,0.0,United Kingdom,0
14045,109,4,1659.75,414.9375,4,535,264,0.0,United Kingdom,0
14046,284,1,154.99,154.99,14,460,0,0.0,United Kingdom,1
14047,9,7,1290.01,184.28714285714287,22,377,364,0.0588235294117647,United Kingdom,0
14048,277,2,375.13,187.565,84,274,27,0.034090909090909,United Kingdom,1
14049,17,6,5639.15,939.8583333333332,352,3846,301,0.0336633663366336,United Kingdom,0
14050,32,2,746.36,373.18,49,689,74,0.0,United Kingdom,2
14051,1,26,15477.34,595.2823076923077,52,3741,365,0.0232558139534883,United Kingdom,0
14052,20,1,225.36,225.36,56,89,0,0.0,United Kingdom,2
14053,124,2,260.25,130.125,2,215,35,0.0,United Kingdom,2
14054,65,1,92.46,92.46,6,62,0,0.0,United Kingdom,2
14055,106,1,725.6400000000001,725.6400000000001,10,216,0,0.0,United Kingdom,2
14056,1,29,8124.4,280.151724137931,321,4232,282,0.0195035460992907,United Kingdom,0
14057,24,18,6147.4,341.5222222222222,179,4708,336,0.0240549828178694,United Kingdom,0
14059,267,1,183.6,183.6,8,128,0,0.0,United Kingdom,1
14060,5,20,6135.38,306.769,86,5374,368,0.0049261083743842,United Kingdom,0
14062,10,12,10464.85,872.0708333333333,60,5593,354,0.0,United Kingdom,0
14064,29,7,1188.32,169.76,59,1350,245,0.024390243902439,United Kingdom,0
14066,267,1,152.55,152.55,7,45,0,0.0,United Kingdom,1
14067,64,2,374.7,187.35,51,361,32,0.0,United Kingdom,2
14068,320,1,265.85,265.85,22,73,0,0.0,United Kingdom,1
14071,4,9,1307.41,145.26777777777778,271,900,261,0.027027027027027,United Kingdom,0
14073,21,2,139.54,69.77,13,128,11,0.0714285714285714,United Kingdom,2
14075,5,3,942.26,314.08666666666664,33,754,256,0.0,United Kingdom,0
14076,129,1,122.47,122.47,43,81,0,0.0,United Kingdom,2
14077,41,5,499.42,99.884,33,268,233,0.0,United Kingdom,0
14078,102,6,1049.37,174.89499999999998,46,310,271,0.0,United Kingdom,0
14079,125,1,375.1,375.1,12,301,0,0.0,United Kingdom,2
14080,33,1,45.6,45.6,4,48,0,0.0,United Kingdom,2
14081,267,4,904.67,226.1675,126,593,101,0.0192307692307692,United Kingdom,1
14082,365,1,182.25,182.25,28,110,0,0.0,United Kingdom,1
14083,4,9,1018.43,113.15888888888888,162,732,367,0.0,United Kingdom,0
14085,2,19,4435.79,233.46263157894737,272,3183,366,0.0022172949002217,United Kingdom,0
14087,3,2,181.67,90.835,62,250,0,0.0142857142857142,United Kingdom,2
14088,10,14,50415.49,3601.1064285714283,379,12593,312,0.0016949152542372,United Kingdom,0
14089,57,1,161.0,161.0,13,134,0,0.0,United Kingdom,2
14090,325,1,76.32000000000001,76.32000000000001,1,72,0,0.0,United Kingdom,1
14092,8,17,4063.1,239.0058823529412,117,2061,365,0.0138248847926267,United Kingdom,0
14093,12,1,442.85,442.85,95,406,0,0.0,United Kingdom,2
14096,4,34,57120.91,1680.0267647058822,1121,16335,97,0.0033151326053042,United Kingdom,0
14098,37,1,147.35,147.35,21,104,0,0.0,United Kingdom,2
14099,16,12,3092.9700000000003,257.7475,167,2177,338,0.0079365079365079,United Kingdom,0
14100,138,1,194.9,194.9,24,64,0,0.0,United Kingdom,2
14101,74,6,5976.79,996.1316666666668,15,6942,252,0.0,United Kingdom,0
14102,5,8,1314.73,164.34125,35,938,39,0.0595238095238095,United Kingdom,2
14104,155,2,216.21,108.105,21,72,11,0.0,United Kingdom,1
14105,85,2,1260.33,630.165,74,798,153,0.0263157894736842,United Kingdom,2
14107,52,8,2688.48,336.06,61,1788,312,0.0080645161290322,United Kingdom,0
14108,31,3,594.16,198.0533333333333,33,380,70,0.0285714285714285,United Kingdom,2
14109,23,2,80.2,40.1,9,56,49,0.3571428571428571,United Kingdom,2
14110,4,13,5669.65,436.1269230769231,94,2443,263,0.0064102564102564,United Kingdom,0
14111,14,5,688.6,137.72,10,457,227,0.0909090909090909,United Kingdom,0
14112,23,12,2774.17,231.1808333333333,117,1608,253,0.0751445086705202,United Kingdom,0
14113,4,8,1377.92,172.24,26,635,351,0.15,United Kingdom,0
14114,274,2,386.53,193.265,15,101,56,0.0,United Kingdom,1
14116,20,5,1382.74,276.548,61,707,101,0.0,United Kingdom,2
14117,144,1,90.0,90.0,3,72,0,0.0,United Kingdom,1
14119,354,1,0.01,0.01,1,-2,0,1.0,United Kingdom,1
14121,4,6,2740.3,456.7166666666667,148,2078,56,0.0124223602484472,United Kingdom,2
14124,84,1,419.58,419.58,4,1618,0,0.0,United Kingdom,2
14125,11,3,2740.43,913.4766666666666,159,1640,67,0.0,United Kingdom,2
14126,8,4,643.6300000000001,160.90750000000003,14,458,2,0.0625,United Kingdom,2
14127,123,3,709.71,236.57,39,321,187,0.0,United Kingdom,0
14128,61,2,637.5,318.75,40,564,195,0.0,United Kingdom,0
14129,2,5,1123.86,224.772,31,592,259,0.0,United Kingdom,0
14130,319,1,483.86,483.86,66,258,0,0.0,United Kingdom,1
14132,2,12,3580.13,298.3441666666667,100,3366,181,0.0049751243781094,United Kingdom,0
14133,130,5,590.3399999999999,118.06799999999998,26,342,186,0.0666666666666666,United Kingdom,0
14135,2,15,4690.31,312.68733333333336,95,3850,371,0.0,United Kingdom,0
14138,2,2,982.38,491.19000000000005,40,610,62,0.0,United Kingdom,2
14139,46,1,415.82,415.82,26,510,0,0.0,United Kingdom,2
14140,4,3,920.05,306.68333333333334,60,809,27,0.0149253731343283,United Kingdom,2
14141,3,6,879.0300000000001,146.50500000000002,28,337,102,0.1304347826086956,United Kingdom,2
14142,373,1,311.81,311.81,22,313,0,0.0,United Kingdom,1
14143,134,1,115.8,115.8,7,30,0,0.0,United Kingdom,2
14145,47,5,3148.2,629.64,6,636,170,0.0833333333333333,United Kingdom,0
14146,9,6,2949.57,491.595,183,1886,348,0.1428571428571428,United Kingdom,0
14147,49,3,468.4,156.13333333333333,4,96,236,0.1666666666666666,United Kingdom,0
14148,234,1,157.2,157.2,3,16,0,0.0,United Kingdom,1
14149,213,3,259.43,86.47666666666667,28,129,8,0.3,United Kingdom,1
14150,36,2,658.64,329.32,23,496,324,0.0,United Kingdom,0
14152,75,3,611.09,203.6966666666667,47,699,158,0.02,United Kingdom,2
14154,239,2,1345.62,672.81,52,465,0,0.0,United Kingdom,1
14155,266,1,118.75,118.75,6,25,0,0.0,United Kingdom,1
14156,10,66,113384.14,1717.9415151515152,716,57025,362,0.0140845070422535,EIRE,0
14157,20,3,400.43,133.47666666666666,45,273,265,0.0204081632653061,United Kingdom,0
14158,40,1,507.66,507.66,41,781,0,0.0,United Kingdom,2
14159,20,14,4678.3,334.1642857142857,501,4395,343,0.0066006600660066,United Kingdom,0
14161,216,3,1110.52,370.17333333333335,87,455,153,0.0,United Kingdom,1
14162,174,2,289.36,144.68,25,142,118,0.0,United Kingdom,1
14163,87,4,2445.91,611.4775,36,893,151,0.0,United Kingdom,2
14164,71,2,1631.77,815.885,28,1033,10,0.0,United Kingdom,2
14165,276,1,122.54,122.54,23,54,0,0.0,United Kingdom,1
14167,39,4,574.84,143.71,27,150,291,0.0,United Kingdom,0
14171,98,1,363.79,363.79,57,167,0,0.0,United Kingdom,2
14173,11,4,450.84,112.71,28,150,208,0.0,United Kingdom,0
14174,33,1,134.46,134.46,26,94,0,0.0,United Kingdom,2
14175,51,7,3108.06,444.0085714285714,139,1461,278,0.0914634146341463,United Kingdom,0
14176,297,5,574.0,114.8,28,207,70,0.03125,United Kingdom,1
14177,85,5,554.46,110.892,37,204,94,0.0232558139534883,United Kingdom,2
14178,9,7,1620.93,231.5614285714286,191,1505,173,0.0,United Kingdom,0
14179,41,2,719.78,359.89,135,330,11,0.0,United Kingdom,2
14180,11,31,4640.77,149.70225806451614,112,710,361,0.032258064516129,United Kingdom,0
14184,67,1,452.89,452.89,24,127,0,0.0,United Kingdom,2
14185,331,1,197.65,197.65,3,6,0,0.0,United Kingdom,1
14188,9,10,2018.91,201.891,34,1145,301,0.0845070422535211,United Kingdom,0
14189,2,24,4604.31,191.84625000000003,176,3919,366,0.0433212996389891,United Kingdom,0
14191,2,14,4660.01,332.85785714285714,146,3657,218,0.0152091254752851,United Kingdom,0
14193,68,2,853.39,426.695,35,445,201,0.0,United Kingdom,0
14194,5,32,11216.75,350.5234375,269,5783,303,0.0413907284768211,United Kingdom,0
14195,202,3,962.7,320.90000000000003,7,702,50,0.125,United Kingdom,1
14196,107,1,335.52,335.52,6,142,0,0.0,United Kingdom,2
14198,4,7,663.5,94.78571428571428,35,280,235,0.1136363636363636,United Kingdom,0
14199,218,1,185.4,185.4,2,28,0,0.0,United Kingdom,1
14201,60,9,688.04,76.44888888888889,32,578,299,0.0512820512820512,United Kingdom,0
14204,2,1,161.03,161.03,36,82,0,0.0,United Kingdom,2
14205,11,4,218.78,54.695,35,99,354,0.3846153846153846,United Kingdom,0
14206,239,2,308.26,154.13,21,274,121,0.0476190476190476,United Kingdom,1
14208,95,1,151.74,151.74,10,114,0,0.0,United Kingdom,2
14209,11,7,2067.13,295.3042857142857,55,688,321,0.0113636363636363,United Kingdom,0
14210,91,7,1900.89,271.5557142857143,66,759,280,0.0097087378640776,United Kingdom,0
14211,53,13,2208.3,169.8692307692308,87,1232,241,0.0508474576271186,United Kingdom,0
14212,90,1,1070.48,1070.48,9,1152,0,0.0,United Kingdom,2
14213,372,1,0.01,0.01,5,-244,0,1.0,United Kingdom,1
14214,31,7,1000.23,142.89,64,748,246,0.0428571428571428,United Kingdom,0
14215,12,7,1777.92,253.98857142857145,98,1354,356,0.0091743119266055,United Kingdom,0
14216,3,4,1839.3,459.825,47,594,34,0.0,United Kingdom,2
14217,2,24,1925.36,80.22333333333334,78,677,364,0.0654205607476635,United Kingdom,0
14218,43,1,169.48000000000002,169.48000000000002,12,160,0,0.0,United Kingdom,2
14219,4,1,89.94,89.94,7,78,0,0.0,United Kingdom,2
14220,247,2,632.4,316.2,21,272,110,0.0,United Kingdom,1
14221,42,10,3427.85,342.785,123,2190,296,0.0051546391752577,United Kingdom,0
14222,177,1,683.17,683.17,41,607,0,0.0,United Kingdom,1
14223,92,4,975.23,243.8075,50,583,171,0.0163934426229508,United Kingdom,0
14224,110,4,1050.12,262.53,105,514,209,0.0,United Kingdom,0
14226,29,7,2201.64,314.52,64,1301,240,0.0821917808219178,United Kingdom,0
14227,26,15,3315.71,221.0473333333333,117,1811,258,0.0437158469945355,United Kingdom,0
14229,52,5,1450.6,290.12,29,590,281,0.0697674418604651,United Kingdom,0
14231,179,5,822.0600000000001,164.412,47,402,109,0.074074074074074,United Kingdom,1
14232,32,8,2043.93,255.49125,81,1937,232,0.0254237288135593,United Kingdom,0
14233,44,5,1447.51,289.502,30,671,273,0.0277777777777777,United Kingdom,0
14234,22,4,775.46,193.865,122,963,35,0.0,United Kingdom,2
14235,10,6,3093.86,515.6433333333333,65,1947,250,0.0125,United Kingdom,0
14236,81,2,490.86,245.43,15,310,291,0.0,United Kingdom,0
14237,373,1,161.0,161.0,9,38,0,0.0,United Kingdom,1
14238,326,1,146.85,146.85,8,111,0,0.0,United Kingdom,1
14239,43,13,2323.5,178.73076923076923,83,986,272,0.0344827586206896,United Kingdom,0
14240,30,2,890.34,445.17,37,418,195,0.0,United Kingdom,0
14241,184,1,213.7,213.7,10,146,0,0.0,United Kingdom,1
14242,235,2,280.55,140.275,13,123,91,0.0,United Kingdom,1
14243,9,14,2535.88,181.1342857142857,99,1204,357,0.0472972972972973,United Kingdom,0
14245,176,5,1677.48,335.496,107,971,87,0.0357142857142857,United Kingdom,2
14246,111,3,1474.06,491.3533333333333,57,804,135,0.0,United Kingdom,2
14247,278,1,136.76999999999998,136.76999999999998,19,47,0,0.0,United Kingdom,1
14248,318,1,302.58,302.58,8,102,0,0.0,United Kingdom,1
14250,7,3,1904.05,634.6833333333333,94,1200,82,0.0,United Kingdom,2
14251,2,5,2879.7000000000003,575.94,37,1674,55,0.0,United Kingdom,2
14256,254,3,935.06,311.68666666666667,51,410,110,0.0185185185185185,United Kingdom,1
14257,51,6,3087.27,514.545,89,1677,267,0.0093457943925233,United Kingdom,0
14258,9,10,12650.08,1265.008,58,7098,328,0.0089285714285714,United Kingdom,0
14259,142,1,120.0,120.0,5,68,0,0.0,United Kingdom,1
14261,51,2,1163.45,581.725,52,406,27,0.0,United Kingdom,2
14262,8,8,2618.23,327.27875,87,1645,232,0.0,United Kingdom,0
14264,155,3,319.47,106.49,17,66,217,0.1052631578947368,United Kingdom,0
14265,109,2,530.18,265.09,31,330,39,0.0,Unspecified,2
14267,151,7,1279.09,182.72714285714284,25,461,109,0.1666666666666666,United Kingdom,2
14270,332,1,492.65,492.65,29,197,0,0.0,United Kingdom,1
14271,226,1,112.32,112.32,10,88,0,0.0,United Kingdom,1
14272,74,2,437.96,218.98,33,599,180,0.0,United Kingdom,2
14273,51,4,559.97,139.9925,22,264,190,0.0,United Kingdom,0
14276,88,5,1019.39,203.878,52,723,201,0.1466666666666666,United Kingdom,0
14277,15,4,3957.0,989.25,195,1624,197,0.0131578947368421,France,0
14280,197,1,134.04,134.04,8,52,0,0.0,United Kingdom,1
14282,3,15,3729.34,248.62266666666667,70,2668,364,0.0,United Kingdom,0
14284,31,3,578.45,192.8166666666667,24,157,55,0.0588235294117647,United Kingdom,2
14285,21,4,1910.01,477.5025,18,541,155,0.0,United Kingdom,2
14286,24,5,4595.81,919.162,220,4306,219,0.0175438596491228,United Kingdom,0
14287,8,4,151.23000000000002,37.807500000000005,10,236,190,0.1818181818181818,United Kingdom,0
14288,212,2,413.85,206.925,16,187,1,0.0588235294117647,United Kingdom,1
14289,9,6,911.26,151.8766666666667,33,292,280,0.0,United Kingdom,0
14290,11,6,2307.4500000000003,384.5750000000001,90,913,350,0.0194174757281553,United Kingdom,0
14291,2,12,3873.3,322.77500000000003,145,2748,273,0.0042016806722689,United Kingdom,0
14292,8,14,4819.33,344.23785714285714,67,1643,318,0.074074074074074,United Kingdom,0
14293,3,4,1046.56,261.64,51,709,365,0.0,United Kingdom,0
14295,40,2,154.70000000000002,77.35000000000001,7,82,292,0.2857142857142857,United Kingdom,0
14297,18,6,1284.06,214.01,49,861,257,0.03125,United Kingdom,0
14298,3,45,50862.44,1130.2764444444445,884,58021,357,0.0018292682926829,United Kingdom,0
14299,8,18,2855.35,158.63055555555556,94,2013,358,0.1172839506172839,United Kingdom,0
14300,19,1,43.2,43.2,3,32,0,0.0,United Kingdom,2
14301,108,2,632.04,316.02,13,600,9,0.1875,United Kingdom,2
14304,223,2,197.1,98.55,25,54,78,0.3703703703703703,United Kingdom,1
14305,71,5,1803.76,360.752,96,1069,64,0.0454545454545454,United Kingdom,2
14306,51,3,2083.42,694.4733333333334,33,1073,34,0.0571428571428571,United Kingdom,2
14307,89,6,2995.72,499.2866666666666,150,2058,284,0.0,United Kingdom,0
14309,8,10,2319.68,231.968,75,1619,350,0.048780487804878,United Kingdom,0
14311,225,2,229.71,114.855,20,125,17,0.2592592592592592,United Kingdom,1
14312,47,6,1611.59,268.5983333333333,74,1012,290,0.0,United Kingdom,0
14314,107,1,120.0,120.0,8,296,0,0.0,United Kingdom,2
14315,21,7,2456.98,350.9971428571429,64,1010,245,0.0288461538461538,United Kingdom,0
14317,65,1,508.58,508.58,24,255,0,0.0,United Kingdom,2
14320,207,3,343.11,114.37,29,239,126,0.2619047619047619,United Kingdom,1
14321,11,5,1530.75,306.15,111,2406,322,0.0,United Kingdom,0
14323,115,4,574.26,143.565,32,340,123,0.1219512195121951,United Kingdom,2
14326,235,2,166.85,83.425,8,99,7,0.1111111111111111,United Kingdom,1
14327,163,1,311.65,311.65,12,139,0,0.0,United Kingdom,1
14329,9,14,4928.74,352.05285714285714,218,3075,320,0.037174721189591,United Kingdom,0
14331,124,2,462.66,231.33,27,252,10,0.0,United Kingdom,2
14332,23,3,866.31,288.77,22,481,125,0.0,United Kingdom,2
14333,64,2,351.45,175.725,15,52,3,0.2105263157894736,United Kingdom,2
14334,17,9,2539.46,282.1622222222222,98,1730,341,0.0061349693251533,United Kingdom,0
14335,16,2,468.26,234.13,55,379,80,0.0,Germany,2
14336,17,4,1614.91,403.7275,77,1759,259,0.0,United Kingdom,0
14338,158,4,554.22,138.555,30,329,38,0.088235294117647,United Kingdom,2
14339,235,4,289.91,72.47749999999999,15,150,8,0.2222222222222222,United Kingdom,1
14340,219,1,134.7,134.7,6,58,0,0.0,United Kingdom,1
14341,45,9,2166.38,240.7088888888889,109,1401,273,0.0076923076923076,United Kingdom,0
14342,21,6,607.71,101.285,19,337,188,0.125,United Kingdom,0
14344,127,8,889.9300000000001,111.24125,56,477,241,0.0,United Kingdom,0
14345,39,1,108.98,108.98,6,50,0,0.0,United Kingdom,2
14346,121,2,1021.58,510.79,55,605,176,0.0,United Kingdom,0
14348,260,1,409.57,409.57,18,183,0,0.0,United Kingdom,1
14349,10,1,133.5,133.5,31,86,0,0.0,United Kingdom,2
14350,271,2,258.7,129.35,19,166,3,0.1428571428571428,United Kingdom,1
14351,165,1,51.0,51.0,1,12,0,0.0,United Kingdom,1
14352,157,4,1078.96,269.74,44,538,116,0.0,United Kingdom,2
14353,215,1,90.6,90.6,6,64,0,0.0,United Kingdom,1
14354,6,2,163.62,81.81,9,210,24,0.0,United Kingdom,2
14355,366,1,174.4,174.4,11,92,0,0.0,United Kingdom,1
14356,60,4,666.9399999999999,166.735,36,266,21,0.131578947368421,United Kingdom,2
14357,43,1,225.77,225.77,39,148,0,0.0,United Kingdom,2
14359,19,6,882.58,147.09666666666666,44,363,68,0.0517241379310344,United Kingdom,2
14360,32,4,2128.23,532.0575,104,1151,62,0.0,United Kingdom,2
14362,22,1,161.2,161.2,37,100,0,0.0,United Kingdom,2
14364,109,8,3717.35,464.66875,61,1967,102,0.0,United Kingdom,2
14367,8,19,9167.82,482.5168421052632,270,4410,267,0.0168855534709193,United Kingdom,0
14368,320,1,155.0,155.0,8,36,0,0.0,United Kingdom,1
14371,295,1,100.5,100.5,4,34,0,0.0,United Kingdom,1
14373,358,1,76.55,76.55,4,17,0,0.0,United Kingdom,1
14375,185,1,257.68,257.68,57,194,0,0.0,United Kingdom,1
14377,191,2,617.05,308.525,11,219,70,0.0,United Kingdom,1
14379,44,2,348.1,174.05,39,292,251,0.0,United Kingdom,0
14381,52,1,202.68,202.68,56,146,0,0.0,United Kingdom,2
14382,26,1,626.0699999999999,626.0699999999999,121,1237,0,0.0,United Kingdom,2
14383,38,3,1247.69,415.8966666666667,49,817,125,0.0,United Kingdom,2
14385,9,3,202.11,67.37,13,159,14,0.0,United Kingdom,2
14386,297,1,142.4,142.4,7,54,0,0.0,United Kingdom,1
14387,33,3,1770.56,590.1866666666666,125,819,76,0.0,United Kingdom,2
14388,9,10,3172.04,317.204,124,1933,364,0.0261780104712041,United Kingdom,0
14389,9,5,999.72,199.944,34,702,309,0.2741935483870967,United Kingdom,0
14390,10,13,4592.47,353.2669230769231,135,2125,362,0.0171821305841924,United Kingdom,0
14393,218,1,67.95,67.95,5,13,0,0.0,United Kingdom,1
14395,2,12,3471.91,289.3258333333333,181,1689,369,0.0084985835694051,United Kingdom,0
14396,65,2,487.99,243.995,71,225,306,0.0,United Kingdom,0
14397,1,23,2556.68,111.16,18,1852,212,0.0842105263157894,United Kingdom,0
14400,141,2,559.7,279.85,25,450,8,0.0384615384615384,United Kingdom,2
14401,4,14,4039.98,288.57,113,4505,355,0.0054644808743169,United Kingdom,0
14403,130,5,1426.31,285.262,17,513,116,0.2307692307692307,United Kingdom,2
14404,34,7,1434.72,204.96,70,831,335,0.0096153846153846,United Kingdom,0
14406,119,1,156.75,156.75,8,77,0,0.0,United Kingdom,2
14407,107,9,2111.08,234.56444444444443,67,1412,169,0.0394736842105263,United Kingdom,0
14408,11,7,2606.53,372.3614285714286,60,1616,253,0.0,United Kingdom,0
14409,71,7,1908.25,272.60714285714283,40,1158,297,0.0181818181818181,United Kingdom,0
14410,16,15,576.3,38.42,197,291,290,0.3251748251748251,United Kingdom,0
14411,311,1,1063.0,1063.0,14,196,0,0.0,United Kingdom,1
14412,35,3,761.3299999999999,253.77666666666664,43,784,37,0.0444444444444444,United Kingdom,2
14413,362,1,122.7,122.7,22,68,0,0.0,United Kingdom,1
14414,92,8,1485.13,185.64125,79,2509,267,0.010204081632653,United Kingdom,0
14415,1,18,5811.56,322.8644444444445,284,2973,359,0.0359477124183006,United Kingdom,0
14416,22,2,490.22,245.11,13,326,20,0.0,United Kingdom,2
14418,4,3,1937.25,645.75,114,1711,104,0.0,United Kingdom,2
14419,11,6,1058.06,176.34333333333333,112,487,354,0.0,United Kingdom,0
14420,85,2,385.87,192.935,29,333,13,0.0333333333333333,United Kingdom,2
14421,57,2,813.11,406.555,25,365,154,0.0,United Kingdom,2
14422,1,6,4263.64,710.6066666666667,189,2906,266,0.0,United Kingdom,0
14423,218,1,265.2,265.2,3,120,0,0.0,United Kingdom,1
14424,18,1,322.08,322.08,1,48,0,0.0,United Kingdom,2
14426,19,16,3918.9,244.93125,187,2339,340,0.1515151515151515,United Kingdom,0
14427,50,2,363.34,181.67,16,228,13,0.0,United Kingdom,2
14428,7,7,1230.14,175.73428571428573,108,428,317,0.027027027027027,United Kingdom,0
14431,299,2,397.76,198.88,17,122,4,0.2272727272727272,United Kingdom,1
14432,10,6,2255.51,375.91833333333335,256,2070,79,0.0,United Kingdom,2
14434,22,6,1372.8,228.8,3,368,50,0.0,United Kingdom,2
14436,99,1,89.06,89.06,9,129,0,0.0,United Kingdom,2
14437,143,2,0.01,0.01,6,59,222,0.1666666666666666,United Kingdom,1
14438,306,1,131.9,131.9,9,82,0,0.0,United Kingdom,1
14439,320,1,2661.24,2661.24,32,526,0,0.0,Greece,1
14440,8,5,2357.6800000000003,471.53600000000006,33,588,357,0.0,United Kingdom,0
14441,1,10,1545.14,154.514,45,430,364,0.135593220338983,United Kingdom,0
14442,2,5,1544.62,308.924,59,475,315,0.0735294117647058,Channel Islands,0
14443,54,7,1400.88,200.1257142857143,86,931,318,0.0510204081632653,United Kingdom,0
14446,1,4,1039.58,259.895,233,933,245,0.0,United Kingdom,0
14447,19,5,1163.23,232.646,54,571,261,0.0,United Kingdom,0
14448,9,2,375.35,187.675,20,104,354,0.0,United Kingdom,0
14449,19,4,907.1,226.775,201,757,353,0.0,United Kingdom,0
14450,181,3,483.25,161.08333333333334,32,241,139,0.0,United Kingdom,1
14451,60,2,662.59,331.295,86,389,134,0.0,United Kingdom,2
14452,11,2,264.44,132.22,55,119,83,0.0,United Kingdom,2
14453,190,1,119.93,119.93,22,49,0,0.0,United Kingdom,1
14456,5,14,3047.63,217.68785714285715,580,2901,137,0.007164790174002,United Kingdom,0
14457,311,1,113.64,113.64,4,88,0,0.0,United Kingdom,1
14459,155,1,1837.92,1837.92,37,760,0,0.0,United Kingdom,2
14460,110,4,383.34,95.835,14,869,200,0.0588235294117647,United Kingdom,0
14461,148,3,2103.06,701.02,173,766,113,0.0,United Kingdom,2
14462,64,15,1965.9,131.06,151,932,275,0.024390243902439,United Kingdom,0
14463,98,3,529.62,176.54,6,179,107,0.0,United Kingdom,2
14465,247,3,1058.62,352.8733333333334,107,405,56,0.0,United Kingdom,1
14466,29,7,2272.4,324.62857142857143,35,1006,343,0.0,United Kingdom,0
14467,18,4,598.76,149.69,67,278,295,0.0,United Kingdom,0
14470,12,2,461.19,230.595,43,193,275,0.0,United Kingdom,0
14472,104,8,1936.84,242.105,153,1160,251,0.0,United Kingdom,0
14473,74,2,234.34000000000003,117.17000000000002,7,88,208,0.0,United Kingdom,0
14474,43,2,537.71,268.855,29,139,2,0.0333333333333333,United Kingdom,2
14475,72,6,799.82,133.30333333333334,36,428,233,0.1063829787234042,United Kingdom,0
14476,257,1,215.7,215.7,17,132,0,0.0,United Kingdom,1
14477,20,5,1307.81,261.562,7,719,277,0.0909090909090909,United Kingdom,0
14479,254,2,316.25,158.125,18,117,111,0.0,United Kingdom,1
14480,11,1,279.05,279.05,13,143,0,0.0,United Kingdom,2
14481,165,2,636.51,318.255,25,489,122,0.0,United Kingdom,2
14482,18,6,2068.15,344.69166666666666,110,1646,220,0.0,United Kingdom,0
14483,150,2,129.2,64.6,10,95,131,0.1,United Kingdom,2
14484,50,1,321.92,321.92,14,210,0,0.0,United Kingdom,2
14485,39,1,165.75,165.75,44,71,0,0.0,United Kingdom,2
14487,27,7,1183.58,169.08285714285714,112,734,341,0.0068965517241379,United Kingdom,0
14488,51,2,1047.43,523.715,46,793,16,0.0612244897959183,United Kingdom,2
14489,207,1,463.38,463.38,30,299,0,0.0,United Kingdom,1
14491,175,2,340.93,170.465,17,139,197,0.0,United Kingdom,2
14493,7,7,2362.84,337.54857142857145,95,1279,147,0.024390243902439,United Kingdom,0
14494,26,1,139.56,139.56,7,92,0,0.0,United Kingdom,2
14495,51,2,123.8,61.9,6,62,70,0.0,United Kingdom,2
14496,312,2,538.8100000000001,269.40500000000003,16,159,61,0.0,United Kingdom,1
14497,301,2,457.47,228.735,29,233,7,0.064516129032258,United Kingdom,1
14498,43,5,1957.32,391.464,162,1098,319,0.0,United Kingdom,0
14499,26,3,815.32,271.77333333333337,146,501,252,0.0,United Kingdom,0
14500,88,3,356.85,118.95,6,117,101,0.0,United Kingdom,2
14501,64,3,190.31,63.43666666666667,9,119,255,0.1666666666666666,United Kingdom,0
14502,20,14,2351.02,167.93,369,1483,293,0.011093502377179,United Kingdom,0
14503,3,6,3543.26,590.5433333333334,113,2004,175,0.0,United Kingdom,0
14504,47,4,673.26,168.315,85,308,231,0.0,United Kingdom,0
14505,17,11,5818.7,528.9727272727273,542,2743,344,0.0049813200498132,United Kingdom,0
14506,17,5,2012.17,402.434,204,730,351,0.0,United Kingdom,0
14507,24,7,1368.18,195.45428571428573,79,588,252,0.0204081632653061,United Kingdom,0
14508,22,2,276.42,138.21,52,131,67,0.0,United Kingdom,2
14511,11,6,1267.41,211.235,53,772,122,0.0422535211267605,United Kingdom,2
14512,188,2,275.28,137.64,19,122,44,0.0,United Kingdom,1
14513,101,4,438.49,109.6225,11,355,188,0.3333333333333333,United Kingdom,0
14514,61,3,1055.35,351.7833333333333,65,589,270,0.0,United Kingdom,0
14515,18,6,2102.09,350.34833333333336,68,1134,200,0.0,United Kingdom,0
14517,33,2,330.45,165.225,17,91,108,0.0,United Kingdom,2
14518,64,1,174.37,174.37,16,278,0,0.0,United Kingdom,2
14520,2,2,270.6,135.3,3,146,289,0.0,United Kingdom,0
14522,24,4,974.54,243.635,15,525,173,0.0,United Kingdom,0
14523,108,1,241.09,241.09,12,251,0,0.0,United Kingdom,2
14524,32,9,1867.68,207.52,161,676,329,0.0,United Kingdom,0
14525,9,13,4221.37,324.72076923076924,218,2662,352,0.023489932885906,United Kingdom,0
14527,3,86,7711.38,89.66720930232559,331,2049,371,0.0385756676557863,United Kingdom,0
14528,37,1,364.22,364.22,18,278,0,0.0,United Kingdom,2
14529,60,3,620.04,206.68,177,348,50,0.0,United Kingdom,2
14530,26,6,2925.91,487.6516666666666,140,1410,270,0.0,United Kingdom,0
14532,236,4,932.85,233.2125,45,284,115,0.0,United Kingdom,1
14533,25,9,1812.62,201.40222222222224,53,2777,328,0.0461538461538461,United Kingdom,0
14534,3,25,4075.35,163.014,334,1925,316,0.0698924731182795,United Kingdom,0
14535,59,4,2841.09,710.2725,280,1825,189,0.009009009009009,United Kingdom,0
14536,260,1,171.8,171.8,18,40,0,0.0,United Kingdom,1
14537,58,1,355.56,355.56,10,120,0,0.0,United Kingdom,2
14538,65,2,388.25,194.125,19,155,191,0.0,United Kingdom,0
14539,16,2,537.48,268.74,31,428,28,0.0,United Kingdom,2
14540,10,3,996.26,332.08666666666664,64,421,299,0.0,United Kingdom,0
14541,59,8,1461.65,182.70625,71,647,260,0.0,United Kingdom,0
14542,186,1,103.25,103.25,5,19,0,0.0,United Kingdom,1
14543,4,21,2916.17,138.8652380952381,43,600,360,0.3271028037383177,United Kingdom,0
14544,24,2,2024.45,1012.225,97,1543,337,0.0,United Kingdom,0
14546,4,9,2487.02,276.3355555555556,255,1287,244,0.0431654676258992,United Kingdom,0
14547,4,9,3986.74,442.9711111111112,198,2658,50,0.0027247956403269,United Kingdom,2
14548,151,2,652.8,326.4,2,256,167,0.0,United Kingdom,2
14549,311,1,289.24,289.24,56,136,0,0.0,United Kingdom,1
14550,11,2,765.62,382.81,38,394,33,0.0,United Kingdom,2
14551,18,2,186.23,93.115,9,106,185,0.0,United Kingdom,2
14552,152,1,165.07,165.07,57,91,0,0.0,United Kingdom,2
14553,19,5,859.27,171.85399999999998,103,493,319,0.0,United Kingdom,0
14554,10,4,2381.04,595.26,147,1478,42,0.0,United Kingdom,2
14555,57,2,324.14,162.07,18,130,244,0.0,United Kingdom,0
14557,64,2,0.01,0.01,16,0,21,0.5,United Kingdom,2
14560,7,24,2174.18,90.59083333333332,39,1223,350,0.0263157894736842,United Kingdom,0
14561,76,3,1080.76,360.25333333333333,67,1014,108,0.0,United Kingdom,2
14562,4,22,4709.22,214.05545454545452,189,1670,300,0.0515695067264574,United Kingdom,0
14565,96,6,3073.77,512.295,111,1532,265,0.0155038759689922,United Kingdom,0
14566,111,1,1432.0,1432.0,4,800,0,0.0,Channel Islands,2
14567,35,3,1524.46,508.15333333333336,33,410,95,0.0294117647058823,United Kingdom,2
14569,1,1,227.39,227.39,10,79,0,0.0,United Kingdom,2
14570,281,2,218.06,109.03,29,95,0,0.0,United Kingdom,1
14572,3,10,2803.69,280.369,191,1425,320,0.0109890109890109,United Kingdom,0
14573,180,13,1603.72,123.36307692307692,127,538,192,0.0248962655601659,United Kingdom,0
14576,372,1,35.400000000000006,35.400000000000006,1,12,0,0.0,United Kingdom,1
14577,13,4,859.71,214.9275,86,353,350,0.0,United Kingdom,0
14578,3,1,168.63,168.63,24,240,0,0.0,United Kingdom,2
14581,17,1,138.6,138.6,16,217,0,0.0,United Kingdom,2
14582,41,1,114.11,114.11,6,73,0,0.0,United Kingdom,2
14583,6,5,1052.55,210.51,243,792,200,0.0,United Kingdom,0
14584,169,5,1029.26,205.852,68,379,29,0.0099009900990099,United Kingdom,2
14585,50,1,157.05,157.05,29,91,0,0.0,United Kingdom,2
14586,227,3,134.16,44.72,19,236,49,0.2962962962962963,United Kingdom,1
14587,19,10,1598.24,159.824,170,759,312,0.0026041666666666,United Kingdom,0
14589,372,1,39.75,39.75,3,5,0,0.0,United Kingdom,1
14591,15,4,1447.14,361.785,138,1297,197,0.0,United Kingdom,0
14592,35,3,570.46,190.1533333333333,132,415,28,0.0,United Kingdom,2
14593,22,3,617.99,205.99666666666667,127,332,177,0.0,United Kingdom,0
14594,7,2,379.83,189.915,48,185,365,0.0,United Kingdom,0
14595,20,6,1740.6,290.1,94,978,293,0.0,United Kingdom,0
14597,11,2,883.15,441.575,45,577,180,0.0,United Kingdom,0
14598,44,1,221.97,221.97,49,189,0,0.0,United Kingdom,2
14600,306,1,393.33,393.33,25,125,0,0.0,United Kingdom,1
14601,11,1,213.96,213.96,7,168,0,0.0,United Kingdom,2
14603,275,1,660.0,660.0,2,400,0,0.0,United Kingdom,1
14606,1,128,11713.85,91.514453125,832,5978,372,0.0294751976994967,United Kingdom,0
14607,16,17,11341.1,667.1235294117647,38,7998,245,0.2456140350877192,United Kingdom,0
14608,4,4,1785.15,446.2875,8,437,358,0.0,United Kingdom,0
14609,72,4,601.56,150.39,2,7026,224,0.0,United Kingdom,0
14616,243,3,406.08,135.36,2,104,74,0.0,United Kingdom,1
14618,9,4,538.59,134.6475,11,261,356,0.0588235294117647,United Kingdom,0
14619,239,2,379.51,189.755,20,145,6,0.0909090909090909,United Kingdom,1
14620,204,3,393.28,131.09333333333333,26,188,79,0.1333333333333333,United Kingdom,1
14621,1,6,1765.76,294.2933333333333,80,987,357,0.0416666666666666,United Kingdom,0
14622,185,1,320.58000000000004,320.58000000000004,21,146,0,0.0,United Kingdom,1
14623,32,6,869.35,144.89166666666668,108,417,203,0.0074074074074074,United Kingdom,0
14624,57,2,225.85,112.925,13,162,1,0.0,United Kingdom,2
14625,185,5,848.48,169.696,52,330,186,0.0701754385964912,United Kingdom,0
14626,9,7,2757.07,393.8671428571429,108,1387,224,0.0317460317460317,United Kingdom,0
14627,312,1,0.01,0.01,5,-5,0,1.0,United Kingdom,1
14628,91,2,671.96,335.98,22,272,151,0.0,United Kingdom,2
14629,4,3,939.21,313.07,133,376,43,0.0065359477124183,United Kingdom,2
14631,51,3,1006.98,335.66,38,622,248,0.0,United Kingdom,0
14632,263,1,114.56,114.56,8,96,0,0.0,United Kingdom,1
14633,266,1,344.90000000000003,344.90000000000003,20,96,0,0.0,United Kingdom,1
14636,36,2,609.85,304.925,27,241,232,0.0,United Kingdom,0
14638,51,1,443.6,443.6,16,166,0,0.0,United Kingdom,2
14639,52,8,2952.34,369.0425,138,1428,309,0.0171428571428571,United Kingdom,0
14640,16,8,2042.15,255.26875,87,829,211,0.0619469026548672,United Kingdom,0
14641,22,1,110.46,110.46,7,90,0,0.0,United Kingdom,2
14642,59,1,96.12,96.12,2,76,0,0.0,United Kingdom,2
14643,170,3,668.61,222.87,30,755,187,0.088235294117647,United Kingdom,0
14644,9,4,780.46,195.115,26,252,289,0.1034482758620689,United Kingdom,0
14645,157,2,597.09,298.545,28,381,118,0.0,United Kingdom,2
14646,2,76,279489.02,3677.4871052631584,702,196143,353,0.0024026910139356,Netherlands,0
14647,201,1,243.22,243.22,24,95,0,0.0,United Kingdom,1
14649,5,4,1417.29,354.3225,148,1018,207,0.0,United Kingdom,0
14651,67,2,654.6,327.3,95,344,143,0.0,United Kingdom,2
14652,77,1,114.18,114.18,29,53,0,0.0,United Kingdom,2
14653,1,7,1947.55,278.2214285714286,154,950,337,0.0,United Kingdom,0
14655,4,5,1930.15,386.03,35,1088,218,0.02,United Kingdom,0
14656,169,2,291.05,145.525,73,120,114,0.0,United Kingdom,2
14657,18,5,838.27,167.654,103,465,308,0.0078740157480314,United Kingdom,0
14658,5,2,247.15,123.575,27,47,111,0.0,United Kingdom,2
14659,9,12,2456.53,204.7108333333333,147,1183,306,0.0231660231660231,United Kingdom,0
14660,87,2,285.74,142.87,24,228,14,0.0,United Kingdom,2
14661,27,1,107.95,107.95,4,35,0,0.0,United Kingdom,2
14662,29,4,771.17,192.7925,143,602,287,0.0,United Kingdom,0
14664,20,2,637.89,318.945,78,466,13,0.0,United Kingdom,2
14665,61,7,1258.38,179.76857142857145,63,500,250,0.2307692307692307,United Kingdom,0
14666,24,1,195.25,195.25,14,161,0,0.0,United Kingdom,2
14667,11,27,9231.2,341.8962962962963,354,5382,357,0.0052083333333333,United Kingdom,0
14669,242,3,1269.99,423.33,158,775,90,0.0,United Kingdom,1
14670,280,2,411.53,205.765,107,337,0,0.0,United Kingdom,1
14672,235,2,765.55,382.775,58,454,101,0.0,United Kingdom,1
14673,3,5,1736.4,347.28000000000003,39,1004,364,0.0,United Kingdom,0
14675,16,1,604.75,604.75,93,341,0,0.0,United Kingdom,2
14676,31,8,2543.24,317.90500000000003,30,2498,269,0.0454545454545454,United Kingdom,0
14679,372,1,0.01,0.01,1,-1,0,1.0,United Kingdom,1
14680,25,23,26932.34,1170.9713043478262,83,12474,346,0.19375,United Kingdom,0
14681,71,3,498.95,166.31666666666666,6,76,140,0.0,United Kingdom,2
14682,188,2,52.0,26.0,1,80,13,0.0,United Kingdom,1
14684,26,5,1236.28,247.256,231,853,336,0.0,United Kingdom,0
14687,107,1,628.38,628.38,15,470,0,0.0,United Kingdom,2
14688,8,27,5107.38,189.16222222222223,148,3222,366,0.0891364902506963,United Kingdom,0
14689,209,1,112.8,112.8,13,76,0,0.0,United Kingdom,1
14690,44,3,358.61,119.53666666666668,42,163,107,0.074074074074074,United Kingdom,2
14691,31,5,2114.33,422.866,50,707,182,0.0,United Kingdom,0
14692,137,5,582.05,116.41,53,255,185,0.0144927536231884,United Kingdom,0
14693,265,1,172.9,172.9,8,34,0,0.0,United Kingdom,1
14696,4,9,2070.97,230.10777777777776,117,1626,368,0.0225563909774436,United Kingdom,0
14697,218,2,188.61,94.305,22,181,0,0.0,United Kingdom,1
14698,2,5,1250.76,250.152,148,615,49,0.0,United Kingdom,2
14699,214,1,109.13,109.13,8,77,0,0.0,United Kingdom,1
14700,32,3,2235.3,745.1,80,1342,206,0.0,United Kingdom,0
14701,11,12,2486.2200000000003,207.18500000000003,273,909,305,0.0428571428571428,United Kingdom,0
14702,1,18,3250.64,180.5911111111111,196,1444,364,0.0028735632183908,United Kingdom,0
14703,15,1,318.17,318.17,22,183,0,0.0,United Kingdom,2
14704,11,9,1546.91,171.8788888888889,288,1082,168,0.0,United Kingdom,0
14705,199,1,179.0,179.0,1,100,0,0.0,United Kingdom,1
14708,3,4,1096.67,274.1675,25,615,365,0.0344827586206896,United Kingdom,0
14709,15,14,4911.14,350.7957142857143,71,2482,343,0.0050761421319796,United Kingdom,0
14710,14,4,606.13,151.5325,124,378,45,0.0,United Kingdom,2
14711,10,12,2838.2,236.51666666666665,221,966,252,0.0055710306406685,United Kingdom,0
14712,29,3,917.07,305.69,21,315,82,0.0,United Kingdom,2
14713,9,12,2664.26,222.02166666666665,146,1613,355,0.0058651026392961,United Kingdom,0
14714,24,1,160.19,160.19,10,229,0,0.0,United Kingdom,2
14715,25,4,867.38,216.845,60,521,306,0.0,United Kingdom,0
14716,43,2,329.68,164.84,46,604,105,0.0,United Kingdom,2
14719,2,6,1592.18,265.36333333333334,177,1031,247,0.0042016806722689,United Kingdom,0
14720,6,3,663.81,221.27,34,219,120,0.0,United Kingdom,2
14722,147,1,187.92,187.92,28,120,0,0.0,United Kingdom,2
14723,10,6,1158.3,193.05,193,695,361,0.0,United Kingdom,0
14725,25,1,718.08,718.08,45,593,0,0.0,United Kingdom,2
14727,274,1,268.58,268.58,10,62,0,0.0,United Kingdom,1
14729,374,1,313.49,313.49,69,197,0,0.0,United Kingdom,1
14730,1,8,2005.06,250.6325,317,1132,275,0.0,United Kingdom,0
14731,47,3,380.02,126.67333333333332,38,256,165,0.0,United Kingdom,2
14732,8,10,2686.34,268.634,105,1402,330,0.0134228187919463,United Kingdom,0
14733,9,15,9451.54,630.1026666666668,102,3725,358,0.0648148148148148,United Kingdom,0
14735,4,34,5807.6900000000005,170.8144117647059,99,2160,354,0.0536585365853658,United Kingdom,0
14737,4,3,1164.55,388.1833333333333,15,345,349,0.0,United Kingdom,0
14738,39,9,1289.94,143.32666666666668,39,576,276,0.0357142857142857,United Kingdom,0
14739,2,8,3899.1,487.3875,47,3817,364,0.0163934426229508,United Kingdom,0
14740,191,4,1423.21,355.8025,85,729,92,0.043010752688172,United Kingdom,1
14741,12,6,1400.34,233.39,35,841,361,0.0,United Kingdom,0
14744,16,9,1088.53,120.94777777777776,21,625,350,0.0714285714285714,United Kingdom,0
14745,113,6,1167.16,194.52666666666667,46,1020,172,0.0142857142857142,United Kingdom,0
14747,248,2,294.3,147.15,18,82,1,0.0526315789473684,United Kingdom,1
14748,29,6,1311.79,218.63166666666663,90,1192,339,0.0326086956521739,United Kingdom,0
14752,44,1,389.64,389.64,5,260,0,0.0,United Kingdom,2
14753,87,1,563.15,563.15,30,211,0,0.0,United Kingdom,2
14754,45,2,638.05,319.025,38,486,250,0.0,United Kingdom,0
14755,10,12,4965.38,413.7816666666667,128,2217,324,0.0084388185654008,United Kingdom,0
14756,15,1,738.96,738.96,38,416,0,0.0,United Kingdom,2
14757,75,1,420.5,420.5,19,160,0,0.0,United Kingdom,2
14758,145,4,1484.06,371.015,54,419,114,0.0,United Kingdom,2
14759,5,3,1625.97,541.99,92,569,228,0.0,United Kingdom,0
14760,294,2,53.8,26.9,5,28,2,0.2857142857142857,United Kingdom,1
14761,59,2,255.9,127.95,11,118,276,0.0,United Kingdom,0
14762,264,1,300.52,300.52,21,341,0,0.0,United Kingdom,1
14764,44,2,250.55,125.275,6,175,2,0.1428571428571428,United Kingdom,2
14765,29,3,254.11,84.70333333333333,38,135,147,0.0,United Kingdom,2
14766,8,8,2423.07,302.88375,111,1323,364,0.0145985401459854,United Kingdom,0
14768,17,3,139.5,46.5,4,34,109,0.1666666666666666,United Kingdom,2
14769,3,10,10641.6,1064.16,718,7406,354,0.0036563071297989,United Kingdom,0
14770,232,2,876.42,438.21,49,490,90,0.0,United Kingdom,1
14772,112,1,139.26,139.26,9,82,0,0.0,United Kingdom,2
14775,58,3,1011.9,337.3,57,1174,313,0.0,United Kingdom,0
14776,51,13,2195.58,168.89076923076922,44,2688,261,0.126865671641791,United Kingdom,0
14777,4,2,0.01,0.01,2,-9,353,1.0,United Kingdom,0
14778,127,2,730.86,365.43,34,306,181,0.0,United Kingdom,2
14779,281,3,386.15,128.71666666666667,40,84,43,0.0,United Kingdom,1
14780,55,2,447.68,223.84,26,310,24,0.0,United Kingdom,2
14782,320,1,200.1,200.1,6,114,0,0.0,United Kingdom,1
14784,26,2,289.99,144.995,15,237,297,0.0,United Kingdom,0
14785,10,2,77.4,38.7,2,84,4,0.0,United Kingdom,2
14788,7,2,679.4399999999999,339.72,26,421,19,0.0,United Kingdom,2
14789,29,1,197.64,197.64,6,116,0,0.0,United Kingdom,2
14790,17,4,745.06,186.265,30,699,236,0.0,United Kingdom,0
14792,64,2,0.01,0.01,2,0,0,0.5,United Kingdom,2
14793,4,2,214.14,107.07,14,88,17,0.0666666666666666,United Kingdom,2
14794,3,9,1272.11,141.3455555555555,68,669,331,0.024390243902439,United Kingdom,0
14795,166,1,131.45000000000002,131.45000000000002,6,17,0,0.0,United Kingdom,1
14796,1,27,7839.51,290.3522222222222,403,5942,365,0.0206008583690987,United Kingdom,0
14798,53,3,173.74,57.91333333333333,11,150,257,0.0,United Kingdom,0
14799,51,1,157.7,157.7,13,146,0,0.0,United Kingdom,2
14800,48,16,4236.34,264.77125,248,3634,322,0.0178571428571428,United Kingdom,0
14801,61,1,193.14,193.14,56,175,0,0.0,United Kingdom,2
14803,162,3,845.55,281.85,35,370,130,0.0,United Kingdom,2
14804,9,1,353.27,353.27,12,121,0,0.0,United Kingdom,2
14805,15,4,554.65,138.6625,30,115,298,0.0,United Kingdom,0
14806,75,1,193.39,193.39,11,330,0,0.0,United Kingdom,2
14808,40,15,2175.37,145.02466666666666,179,2054,132,0.08203125,United Kingdom,0
14810,41,11,2087.88,189.80727272727276,106,1016,328,0.0,United Kingdom,0
14813,370,2,155.43,77.715,25,67,0,0.0,United Kingdom,1
14815,37,2,778.5,389.25,53,744,31,0.0,United Kingdom,2
14816,197,1,271.85,271.85,4,5,0,0.0,United Kingdom,1
14817,200,2,1110.34,555.17,52,655,76,0.0,United Kingdom,1
14818,74,3,657.8,219.26666666666665,41,324,179,0.0,United Kingdom,0
14819,64,2,272.07,136.035,13,109,127,0.0,United Kingdom,2
14820,21,4,507.29,126.8225,24,253,152,0.0,United Kingdom,2
14821,367,1,48.8,48.8,2,20,0,0.0,United Kingdom,1
14823,180,3,321.43,107.14333333333332,56,88,14,0.0,United Kingdom,1
14824,10,4,1127.71,281.9275,19,525,81,0.0,United Kingdom,2
14825,4,12,2226.91,185.5758333333333,82,991,364,0.0,United Kingdom,0
14828,197,3,2139.76,713.2533333333334,17,2172,140,0.0,United Kingdom,1
14829,29,6,644.65,107.44166666666666,40,414,343,0.0666666666666666,United Kingdom,0
14830,53,1,197.13,197.13,39,169,0,0.0,United Kingdom,2
14834,18,8,1698.35,212.29375,43,731,222,0.0428571428571428,United Kingdom,0
14836,10,3,102.45,34.15,5,45,20,0.0,United Kingdom,2
14837,90,5,1641.2,328.24,96,1430,111,0.0181818181818181,United Kingdom,2
14840,268,1,62.85,62.85,4,31,0,0.0,United Kingdom,1
14841,53,6,3295.76,549.2933333333334,103,1778,305,0.0,United Kingdom,0
14842,35,8,2456.8,307.1,128,1146,272,0.0822784810126582,United Kingdom,0
14844,64,4,3189.81,797.4525,87,1833,177,0.0,United Kingdom,0
14847,149,1,309.4,309.4,13,120,0,0.0,United Kingdom,2
14849,22,28,7904.28,282.29571428571427,159,5656,351,0.010204081632653,United Kingdom,0
14850,312,2,278.15,139.075,22,285,56,0.0454545454545454,United Kingdom,1
14851,23,2,511.35,255.675,28,325,232,0.0,United Kingdom,0
14852,58,6,2836.69,472.7816666666667,96,1747,193,0.0,United Kingdom,0
14853,9,3,463.05,154.35,8,81,202,0.1,United Kingdom,0
14854,78,8,2749.89,343.73625,110,1822,196,0.0305343511450381,United Kingdom,0
14855,119,2,645.65,322.825,13,267,15,0.0,United Kingdom,2
14856,36,3,1311.38,437.1266666666666,65,714,20,0.0,United Kingdom,2
14857,60,3,1165.65,388.55,58,455,88,0.0163934426229508,United Kingdom,2
14859,13,5,1352.04,270.408,47,669,191,0.0169491525423728,United Kingdom,0
14860,9,2,168.62,84.31,11,230,10,0.0833333333333333,United Kingdom,2
14861,52,1,125.79,125.79,6,117,0,0.0,United Kingdom,2
14862,26,2,841.1999999999999,420.6,47,772,122,0.0,United Kingdom,2
14863,29,1,266.76,266.76,11,132,0,0.0,United Kingdom,2
14865,7,2,52.2,26.1,4,108,364,0.0,United Kingdom,0
14866,11,13,14197.45,1092.1115384615384,30,6569,355,0.0388349514563106,United Kingdom,0
14867,186,4,701.33,175.3325,32,327,182,0.027027027027027,United Kingdom,0
14868,3,9,2939.64,326.62666666666667,96,1399,230,0.0204081632653061,United Kingdom,0
14869,4,3,721.95,240.65,66,549,99,0.0138888888888888,United Kingdom,2
14870,262,1,327.25,327.25,13,119,0,0.0,United Kingdom,1
14871,3,4,522.38,130.595,68,185,357,0.0,United Kingdom,0
14873,210,1,519.68,519.68,28,168,0,0.0,United Kingdom,1
14875,9,5,1448.72,289.744,47,554,253,0.06,United Kingdom,0
14878,13,9,1485.54,165.06,62,802,345,0.0,United Kingdom,0
14880,77,3,706.19,235.39666666666668,45,373,211,0.0,United Kingdom,0
14881,20,1,255.4,255.4,17,316,0,0.0,United Kingdom,2
14882,27,2,589.7,294.85,6,158,7,0.0,United Kingdom,2
14883,19,7,756.64,108.09142857142857,39,789,193,0.0185185185185185,United Kingdom,0
14885,132,1,765.3199999999999,765.3199999999999,15,724,0,0.0,United Kingdom,2
14886,253,1,364.8,364.8,18,160,0,0.0,United Kingdom,1
14887,79,1,1862.0,1862.0,6,1100,0,0.0,United Kingdom,2
14888,207,1,369.2,369.2,20,184,0,0.0,United Kingdom,1
14889,336,1,135.9,135.9,10,90,0,0.0,United Kingdom,1
14890,254,1,125.65,125.65,7,51,0,0.0,United Kingdom,1
14891,148,2,554.38,277.19,30,505,39,0.0,United Kingdom,2
14893,10,2,1237.85,618.9250000000001,72,799,2,0.0,United Kingdom,2
14894,85,1,655.75,655.75,23,265,0,0.0,United Kingdom,2
14895,8,24,11020.26,459.1775,275,4823,314,0.0158102766798418,United Kingdom,0
14896,205,2,468.77,234.385,43,279,160,0.0,United Kingdom,1
14897,8,4,1366.38,341.595,43,468,289,0.0,United Kingdom,0
14898,23,8,1228.32,153.54,87,1008,347,0.0252100840336134,United Kingdom,0
14901,11,10,1414.99,141.499,73,659,361,0.0204081632653061,United Kingdom,0
14902,21,2,314.11,157.055,20,209,4,0.1666666666666666,United Kingdom,2
14903,21,10,2744.48,274.448,227,1491,257,0.0247252747252747,United Kingdom,0
14904,2,2,1025.44,512.72,66,1985,23,0.0,United Kingdom,2
14905,154,3,599.9,199.96666666666667,14,274,79,0.0555555555555555,United Kingdom,2
14907,3,10,3478.85,347.885,125,1686,364,0.0178571428571428,United Kingdom,0
14908,74,1,277.8,277.8,9,132,0,0.0,United Kingdom,2
14910,3,7,389.86,55.69428571428572,25,221,51,0.1428571428571428,United Kingdom,2
14911,1,248,132572.62,534.5670161290323,1794,76930,372,0.0382985934587358,EIRE,0
14912,17,3,841.52,280.50666666666666,22,970,230,0.0357142857142857,Italy,0
14913,36,4,1227.43,306.8575,76,1743,323,0.0,United Kingdom,0
14915,86,3,258.83,86.27666666666666,12,105,192,0.0769230769230769,United Kingdom,0
14916,71,5,1264.84,252.968,72,1132,253,0.0253164556962025,United Kingdom,0
14918,116,2,1610.15,805.075,39,675,38,0.0,United Kingdom,2
14920,213,2,977.77,488.885,57,509,0,0.0,United Kingdom,1
14921,30,2,1316.07,658.035,78,953,171,0.0,United Kingdom,0
14923,51,1,749.1,749.1,44,418,0,0.0,United Kingdom,2
14924,246,1,310.05,310.05,10,64,0,0.0,United Kingdom,1
14929,32,1,223.88,223.88,11,136,0,0.0,United Kingdom,2
14930,109,3,2372.86,790.9533333333334,116,1166,165,0.0,Channel Islands,0
14931,5,6,964.68,160.78,30,416,236,0.0238095238095238,Channel Islands,0
14932,366,1,363.53,363.53,17,80,0,0.0,Channel Islands,1
14934,73,3,1888.84,629.6133333333333,68,1041,209,0.0113636363636363,Channel Islands,0
14935,297,1,1784.71,1784.71,10,935,0,0.0,Channel Islands,1
14936,9,9,8117.42,901.9355555555557,210,4083,266,0.0054644808743169,Channel Islands,0
14937,57,4,1617.63,404.4075,33,483,73,0.0285714285714285,Channel Islands,2
14944,30,14,5842.95,417.3535714285714,101,2801,322,0.0116279069767441,United Kingdom,0
14946,14,1,100.9,100.9,3,22,0,0.0,United Kingdom,2
14947,72,2,290.82,145.41,14,179,58,0.0,United Kingdom,2
14948,23,7,1066.57,152.36714285714285,56,661,196,0.015625,United Kingdom,0
14950,9,2,361.25,180.625,19,135,10,0.05,United Kingdom,2
14951,79,1,311.69,311.69,20,311,0,0.0,United Kingdom,2
14952,46,15,7912.79,527.5193333333333,119,3295,320,0.0738255033557047,United Kingdom,0
14953,25,1,289.82,289.82,54,225,0,0.0,United Kingdom,2
14954,12,1,336.17,336.17,75,127,0,0.0,United Kingdom,2
14957,253,1,58.49,58.49,12,34,0,0.0,United Kingdom,1
14958,147,3,499.68,166.56,33,129,98,0.0,United Kingdom,2
14959,59,5,684.97,136.994,37,491,237,0.0327868852459016,United Kingdom,0
14960,8,2,221.27,110.635,23,221,162,0.0,United Kingdom,2
14961,11,12,7006.58,583.8816666666667,193,3692,349,0.0157728706624605,United Kingdom,0
14962,271,1,126.7,126.7,5,44,0,0.0,United Kingdom,1
14963,10,5,1487.8,297.56,149,1176,173,0.0,United Kingdom,0
14964,247,1,206.21,206.21,13,143,0,0.0,United Kingdom,1
14965,96,2,599.0,299.5,80,365,0,0.0,United Kingdom,2
14966,15,1,191.32,191.32,35,187,0,0.0,United Kingdom,2
14967,50,1,463.8,463.8,6,140,0,0.0,United Kingdom,2
14968,30,1,147.59,147.59,37,127,0,0.0,United Kingdom,2
14970,68,4,1592.06,398.015,24,250,248,0.0,United Kingdom,0
14971,35,3,1116.57,372.19,144,644,8,0.0,United Kingdom,2
14972,128,1,114.77,114.77,18,28,0,0.0,United Kingdom,2
14973,107,3,1314.45,438.15,29,369,118,0.0,United Kingdom,2
14974,37,1,114.39,114.39,17,44,0,0.0,United Kingdom,2
14975,57,1,279.94,279.94,11,380,0,0.0,United Kingdom,2
14976,57,8,765.86,95.7325,47,230,269,0.0136986301369863,United Kingdom,0
14978,72,5,1931.42,386.284,136,525,258,0.0,United Kingdom,0
14981,246,1,102.12,102.12,8,97,0,0.0,United Kingdom,1
14984,19,2,213.27,106.635,37,60,161,0.0,United Kingdom,2
14985,198,2,296.75,148.375,78,260,159,0.0,United Kingdom,1
14987,16,2,326.4,163.2,2,128,349,0.0,United Kingdom,0
14988,212,1,334.54,334.54,40,141,0,0.0,United Kingdom,1
14995,39,2,233.23,116.615,53,103,241,0.0,United Kingdom,0
14997,46,4,540.98,135.245,25,1102,131,0.037037037037037,United Kingdom,2
14998,170,2,429.87,214.935,70,270,71,0.0,United Kingdom,2
15000,48,1,490.52,490.52,76,218,0,0.0,United Kingdom,2
15002,116,4,1641.76,410.44,93,862,251,0.0,United Kingdom,0
15004,147,1,1246.32,1246.32,154,630,0,0.0,United Kingdom,2
15005,16,35,6180.49,176.58542857142857,368,4204,350,0.0353448275862069,United Kingdom,0
15006,51,1,502.09,502.09,121,302,0,0.0,United Kingdom,2
15007,159,1,156.91,156.91,12,69,0,0.0,United Kingdom,1
15009,12,3,1261.78,420.5933333333333,148,642,12,0.0,United Kingdom,2
15010,36,1,308.94,308.94,20,184,0,0.0,United Kingdom,2
15012,54,2,423.04,211.52,110,231,319,0.0,United Kingdom,0
15014,43,2,260.17,130.085,29,151,133,0.0,United Kingdom,2
15016,173,1,170.04,170.04,20,76,0,0.0,United Kingdom,1
15017,34,1,125.58,125.58,20,63,0,0.0,United Kingdom,2
15018,39,4,456.26,114.065,30,188,329,0.03125,United Kingdom,0
15019,267,1,266.0,266.0,64,159,0,0.0,United Kingdom,1
15021,9,13,1872.28,144.02153846153846,287,829,359,0.0146137787056367,United Kingdom,0
15022,12,4,905.04,226.26,96,543,35,0.0,United Kingdom,2
15023,3,12,6763.16,563.5966666666667,347,2863,366,0.0017761989342806,United Kingdom,0
15024,10,10,1661.33,166.13299999999998,105,920,357,0.0,United Kingdom,0
15025,33,1,377.01,377.01,66,189,0,0.0,United Kingdom,2
15026,80,3,469.0,156.33333333333334,57,285,197,0.0,United Kingdom,0
15027,31,6,1051.95,175.32500000000002,30,563,207,0.054054054054054,United Kingdom,0
15028,8,4,627.13,156.7825,35,459,360,0.0,United Kingdom,0
15030,72,2,518.28,259.14,7,372,196,0.0,United Kingdom,2
15031,4,4,668.14,167.035,74,401,277,0.0,United Kingdom,0
15032,256,5,4464.1,892.82,29,2668,110,0.0545454545454545,United Kingdom,1
15033,5,11,2571.02,233.7290909090909,315,1692,324,0.0058479532163742,United Kingdom,0
15034,16,11,4277.66,388.8781818181818,299,2411,338,0.015,United Kingdom,0
15035,90,1,252.73,252.73,26,245,0,0.0,United Kingdom,2
15036,72,3,465.55,155.18333333333334,107,327,107,0.0,United Kingdom,2
15038,43,7,665.59,95.08428571428573,105,187,326,0.0225563909774436,United Kingdom,0
15039,10,52,19786.44,380.5084615384615,408,9191,359,0.0039787798408488,United Kingdom,0
15041,170,1,180.35,180.35,66,104,0,0.0,United Kingdom,1
15042,199,1,135.93,135.93,5,30,0,0.0,United Kingdom,1
15043,31,1,537.0,537.0,3,300,0,0.0,United Kingdom,2
15044,19,22,7629.38,346.79,233,2786,342,0.0173535791757049,United Kingdom,0
15045,152,3,633.66,211.22,11,106,105,0.0769230769230769,United Kingdom,2
15046,9,16,5064.01,316.500625,147,3307,329,0.0048309178743961,United Kingdom,0
15047,270,1,343.62,343.62,22,222,0,0.0,United Kingdom,1
15048,65,5,380.57,76.114,86,183,303,0.010204081632653,United Kingdom,0
15049,274,1,121.17000000000002,121.17000000000002,3,63,0,0.0,United Kingdom,1
15050,25,5,1727.17,345.434,68,1184,46,0.025,United Kingdom,2
15051,23,3,1391.61,463.87,130,1011,127,0.0,United Kingdom,2
15052,319,1,215.78,215.78,27,82,0,0.0,United Kingdom,1
15053,5,3,697.79,232.59666666666664,49,986,277,0.0,United Kingdom,0
15054,12,2,302.1,151.05,105,198,28,0.0,United Kingdom,2
15057,275,2,1489.5,744.75,25,668,40,0.0,United Kingdom,1
15058,25,11,2124.99,193.18090909090915,199,1069,286,0.0,United Kingdom,0
15059,41,11,1325.82,120.5290909090909,161,602,293,0.00836820083682,United Kingdom,0
15060,8,4,303.09,75.7725,81,263,0,0.0,United Kingdom,2
15061,4,55,54228.74,985.9770909090907,71,28590,368,0.0170731707317073,United Kingdom,0
15062,71,4,987.86,246.965,47,763,288,0.0,United Kingdom,0
15063,213,1,370.8,370.8,5,56,0,0.0,United Kingdom,1
15065,38,6,3135.98,522.6633333333333,148,1355,253,0.0189873417721519,United Kingdom,0
15066,32,2,760.59,380.295,42,279,21,0.2075471698113207,United Kingdom,2
15067,78,3,1744.76,581.5866666666667,82,954,204,0.0,United Kingdom,0
15068,46,2,553.36,276.68,96,364,210,0.0,United Kingdom,0
15069,179,1,1109.53,1109.53,70,520,0,0.0,United Kingdom,1
15070,373,1,106.2,106.2,1,36,0,0.0,United Kingdom,1
15071,94,2,982.07,491.035,25,269,182,0.0,United Kingdom,0
15073,10,4,612.43,153.1075,31,277,177,0.2894736842105263,United Kingdom,0
15074,105,1,748.87,748.87,41,455,0,0.0,United Kingdom,2
15075,78,1,773.03,773.03,27,447,0,0.0,United Kingdom,2
15076,173,1,880.85,880.85,49,571,0,0.0,United Kingdom,1
15078,7,38,9623.35,253.24605263157892,98,5069,361,0.024390243902439,United Kingdom,0
15079,213,5,893.66,178.732,47,388,153,0.0208333333333333,United Kingdom,1
15081,22,6,487.35,81.22500000000001,26,188,345,0.0571428571428571,United Kingdom,0
15083,257,1,88.2,88.2,5,38,0,0.0,United Kingdom,1
15087,282,1,306.94,306.94,15,470,0,0.0,United Kingdom,1
15088,21,3,1140.27,380.09,53,457,45,0.05,United Kingdom,2
15089,10,6,2420.84,403.47333333333336,139,1359,118,0.0,United Kingdom,2
15090,308,1,381.32,381.32,23,208,0,0.0,United Kingdom,1
15091,54,2,476.96,238.48,30,343,13,0.032258064516129,United Kingdom,2
15092,215,2,457.81,228.905,23,135,68,0.0,United Kingdom,1
15093,18,9,4410.14,490.0155555555556,52,3733,353,0.0357142857142857,United Kingdom,0
15095,104,5,1364.7,272.94,30,1077,99,0.0408163265306122,United Kingdom,2
15096,43,1,219.39,219.39,11,120,0,0.0,United Kingdom,2
15097,4,1,248.08,248.08,25,170,0,0.0,United Kingdom,2
15098,182,5,649.5,129.9,2,60,0,0.4,United Kingdom,1
15099,84,1,410.48,410.48,23,343,0,0.0,United Kingdom,2
15100,330,6,635.1,105.85,1,58,43,0.5,United Kingdom,1
15101,9,3,310.03,103.34333333333332,8,239,350,0.1111111111111111,United Kingdom,0
15103,31,2,703.36,351.68,35,329,55,0.0,United Kingdom,2
15104,167,3,1002.54,334.18,66,635,115,0.028169014084507,United Kingdom,2
15105,18,7,2298.93,328.4185714285714,90,1211,116,0.0,United Kingdom,2
15106,18,7,1407.73,201.1042857142857,90,1144,251,0.0196078431372549,United Kingdom,0
15107,311,8,247.66,30.9575,13,161,61,0.1578947368421052,United Kingdom,1
15108,142,5,1291.75,258.35,50,497,85,0.0163934426229508,European Community,2
15109,241,2,463.75,231.875,28,127,4,0.0967741935483871,United Kingdom,1
15110,24,7,970.25,138.60714285714286,17,240,294,0.125,United Kingdom,0
15111,29,3,1567.48,522.4933333333333,70,710,343,0.0,United Kingdom,0
15113,10,4,3439.41,859.8525,77,2362,44,0.0099009900990099,United Kingdom,2
15114,30,10,2760.56,276.056,136,3096,271,0.0,United Kingdom,0
15115,18,1,340.11,340.11,21,157,0,0.0,United Kingdom,2
15116,18,4,1352.75,338.1875,37,648,187,0.0,United Kingdom,0
15117,15,6,1550.13,258.355,63,1947,200,0.0125,United Kingdom,0
15118,134,1,244.8,244.8,1,1440,0,0.0,United Kingdom,1
15119,246,1,266.4,266.4,14,88,0,0.0,United Kingdom,1
15120,130,2,343.82,171.91,21,292,4,0.0454545454545454,United Kingdom,2
15121,50,2,457.72,228.86,28,199,238,0.0,United Kingdom,0
15122,85,6,1612.13,268.68833333333333,65,788,212,0.057471264367816,United Kingdom,0
15123,7,2,2199.31,1099.655,93,1195,198,0.0,United Kingdom,0
15124,23,2,184.19,92.095,14,233,169,0.0,United Kingdom,2
15125,25,23,11117.05,483.35,102,5991,245,0.0928571428571428,United Kingdom,0
15127,66,1,406.53,406.53,16,251,0,0.0,United Kingdom,2
15128,60,8,1419.54,177.4425,76,1326,159,0.081081081081081,United Kingdom,0
15129,50,11,3447.4,313.40000000000003,54,1794,241,0.0,United Kingdom,0
15130,170,1,330.11,330.11,22,197,0,0.0,United Kingdom,1
15132,18,5,977.93,195.586,49,679,244,0.0,United Kingdom,0
15133,128,3,982.42,327.4733333333333,27,680,174,0.0,United Kingdom,2
15134,15,8,1387.99,173.49875,44,887,225,0.0,United Kingdom,0
15135,233,2,127.15,63.575,9,41,5,0.1,United Kingdom,1
15136,3,5,1282.45,256.49,61,775,93,0.0144927536231884,United Kingdom,2
15139,240,2,178.96,89.48,13,208,96,0.0,United Kingdom,1
15140,52,8,2350.0,293.75,74,1567,211,0.0123456790123456,United Kingdom,0
15142,46,1,498.74,498.74,26,365,0,0.0,United Kingdom,2
15143,226,1,259.45,259.45,14,150,0,0.0,United Kingdom,1
15144,8,18,6530.04,362.78,132,3026,304,0.0045871559633027,United Kingdom,0
15145,4,4,1194.73,298.6825,54,756,244,0.0,United Kingdom,0
15146,165,3,1313.66,437.8866666666667,90,1459,126,0.0421052631578947,United Kingdom,2
15147,219,2,608.65,304.325,28,363,21,0.0344827586206896,United Kingdom,1
15148,11,1,301.29,301.29,20,187,0,0.0,United Kingdom,2
15149,134,1,520.8000000000001,520.8000000000001,23,128,0,0.0,United Kingdom,2
15150,17,11,5303.97,482.1790909090909,282,3633,251,0.002906976744186,United Kingdom,0
15152,10,16,4684.24,292.765,196,2694,177,0.0251798561151079,United Kingdom,0
15153,31,1,329.25,329.25,22,198,0,0.0,United Kingdom,2
15154,74,2,240.27,120.135,66,97,1,0.0760869565217391,United Kingdom,2
15156,1,3,961.49,320.49666666666667,51,597,32,0.0,United Kingdom,2
15157,4,5,1869.5,373.9,126,2242,354,0.0601503759398496,United Kingdom,0
15158,45,1,401.4,401.4,7,198,0,0.0,United Kingdom,2
15159,2,34,18573.68,546.2847058823529,363,11394,359,0.0138888888888888,United Kingdom,0
15160,357,1,158.16,158.16,4,84,0,0.0,United Kingdom,1
15163,18,2,304.47,152.235,29,186,173,0.0,United Kingdom,2
15164,69,3,843.05,281.01666666666665,79,360,270,0.0,United Kingdom,0
15165,373,1,487.75,487.75,27,160,0,0.0,United Kingdom,1
15167,321,1,163.0,163.0,39,67,0,0.0,United Kingdom,1
15168,26,1,106.56,106.56,5,52,0,0.0,United Kingdom,2
15171,325,2,1034.5,517.25,5,190,6,0.2857142857142857,United Kingdom,1
15172,9,5,1624.05,324.81,106,1611,227,0.0,United Kingdom,0
15174,323,1,135.75,135.75,11,145,0,0.0,United Kingdom,1
15175,72,1,224.14,224.14,23,454,0,0.0,United Kingdom,2
15178,260,1,40.5,40.5,3,30,0,0.0,United Kingdom,1
15179,18,7,2186.2,312.3142857142857,91,1907,345,0.0210526315789473,United Kingdom,0
15180,367,1,87.5,87.5,6,36,0,0.0,United Kingdom,1
15181,66,5,680.28,136.05599999999998,13,542,299,0.1111111111111111,United Kingdom,0
15182,154,2,622.85,311.425,24,253,114,0.0,United Kingdom,2
15184,29,2,406.76,203.38,59,223,161,0.0,United Kingdom,2
15185,70,1,310.62,310.62,21,666,0,0.0,United Kingdom,2
15186,14,2,411.41,205.705,17,215,154,0.0,United Kingdom,2
15187,2,18,4670.08,259.44888888888886,61,1869,210,0.021505376344086,United Kingdom,0
15189,1,53,15802.14,298.15358490566035,80,6035,331,0.0862068965517241,United Kingdom,0
15192,120,3,1044.32,348.1066666666666,36,918,245,0.0,United Kingdom,0
15193,61,1,499.32,499.32,19,144,0,0.0,United Kingdom,2
15194,3,22,7521.17,341.87136363636364,209,5648,365,0.0490797546012269,United Kingdom,0
15195,3,1,3861.0,3861.0,1,1404,0,0.0,United Kingdom,2
15197,9,5,656.44,131.288,30,453,349,0.1111111111111111,United Kingdom,0
15198,92,2,193.64,96.82,10,120,31,0.0,United Kingdom,2
15199,59,4,1268.7,317.175,5,396,249,0.0,United Kingdom,0
15201,79,11,927.84,84.34909090909092,38,962,168,0.2886597938144329,United Kingdom,0
15203,26,6,1827.8,304.6333333333333,82,1753,285,0.0,United Kingdom,0
15204,357,1,316.58,316.58,9,258,0,0.0,United Kingdom,1
15205,85,3,648.8299999999999,216.27666666666664,38,377,42,0.0263157894736842,United Kingdom,2
15206,10,4,420.3,105.075,3,162,265,0.0,United Kingdom,0
15208,1,6,867.62,144.60333333333332,25,314,352,0.0232558139534883,United Kingdom,0
15210,225,1,331.18,331.18,20,228,0,0.0,United Kingdom,1
15211,60,2,894.4100000000001,447.205,52,240,304,0.0,United Kingdom,0
15212,239,2,88.94999999999999,44.475,5,33,1,0.2857142857142857,United Kingdom,1
15213,319,3,325.05,108.35,22,270,11,0.04,United Kingdom,1
15214,2,8,1661.44,207.68,109,1254,241,0.0,United Kingdom,0
15215,45,6,615.99,102.665,35,211,272,0.1860465116279069,United Kingdom,0
15216,88,1,96.6,96.6,2,28,0,0.0,United Kingdom,2
15218,11,11,5756.89,523.3536363636364,77,3329,308,0.0,United Kingdom,0
15219,176,1,305.75,305.75,9,45,0,0.0,United Kingdom,1
15220,52,7,1758.92,251.27428571428567,110,1377,229,0.0168067226890756,United Kingdom,0
15221,366,2,114.1,57.05,9,25,3,0.5454545454545454,United Kingdom,1
15222,319,1,585.0,585.0,5,440,0,0.0,United Kingdom,1
15223,226,3,454.9,151.63333333333335,14,98,23,0.375,United Kingdom,1
15224,358,3,310.48,103.49333333333334,13,150,4,0.125,United Kingdom,1
15225,234,1,409.4,409.4,23,226,0,0.0,United Kingdom,1
15226,311,1,154.41,154.41,8,71,0,0.0,United Kingdom,1
15227,37,5,1219.4,243.88,43,750,280,0.0,United Kingdom,0
15228,66,5,3376.96,675.392,110,2252,228,0.0079365079365079,United Kingdom,0
15230,239,2,429.6,214.8,23,351,1,0.0,United Kingdom,1
15232,113,2,612.06,306.03,26,686,27,0.0,United Kingdom,2
15234,277,1,197.0,197.0,14,196,0,0.0,United Kingdom,1
15235,218,12,2247.51,187.2925,132,1324,155,0.0,United Kingdom,0
15236,299,1,321.05,321.05,15,269,0,0.0,United Kingdom,1
15237,2,4,1412.32,353.08,94,1071,225,0.0,United Kingdom,0
15238,29,5,1056.54,211.308,49,689,154,0.0384615384615384,United Kingdom,0
15239,10,3,764.34,254.78,48,591,68,0.0576923076923076,United Kingdom,2
15240,45,7,1685.57,240.79571428571427,61,1361,326,0.0602409638554216,United Kingdom,0
15241,67,9,1738.59,193.17666666666665,82,1815,216,0.009009009009009,United Kingdom,0
15243,74,1,316.68,316.68,22,185,0,0.0,United Kingdom,2
15244,65,2,631.57,315.785,31,405,182,0.0,United Kingdom,0
15245,134,3,2515.84,838.6133333333333,55,1784,127,0.0,United Kingdom,2
15246,238,2,514.15,257.075,32,247,120,0.0,United Kingdom,1
15247,122,1,356.0,356.0,6,160,0,0.0,United Kingdom,2
15249,32,15,6657.36,443.824,211,3557,224,0.0223463687150838,United Kingdom,0
15251,9,15,10327.11,688.474,97,6084,232,0.0826446280991735,United Kingdom,0
15252,36,2,740.78,370.39,44,522,146,0.0,United Kingdom,2
15253,16,6,915.3,152.54999999999998,52,864,153,0.0363636363636363,United Kingdom,0
15254,127,1,300.36,300.36,18,275,0,0.0,United Kingdom,2
15255,67,1,890.85,890.85,47,489,0,0.0,United Kingdom,2
15256,149,1,98.45,98.45,6,55,0,0.0,United Kingdom,1
15257,281,2,232.15,116.075,7,45,2,0.125,United Kingdom,1
15258,169,2,623.16,311.58,32,142,48,0.0,United Kingdom,2
15260,100,8,1780.77,222.59625,62,861,272,0.0128205128205128,United Kingdom,0
15261,135,1,254.82,254.82,19,270,0,0.0,United Kingdom,2
15262,324,1,178.95000000000002,178.95000000000002,10,73,0,0.0,United Kingdom,1
15263,107,1,156.51,156.51,12,89,0,0.0,United Kingdom,2
15264,64,1,393.74,393.74,23,265,0,0.0,United Kingdom,2
15265,151,2,1506.12,753.0600000000001,76,612,84,0.0,United Kingdom,2
15266,338,1,119.3,119.3,6,18,0,0.0,United Kingdom,1
15267,22,5,1717.36,343.472,8,944,160,0.0,United Kingdom,2
15269,24,1,408.8,408.8,2,26,0,0.0,United Kingdom,2
15270,16,9,2298.2,255.35555555555555,22,1459,294,0.1458333333333333,United Kingdom,0
15271,7,16,2485.82,155.36375,184,1257,358,0.0036363636363636,United Kingdom,0
15272,57,2,721.94,360.97,63,310,28,0.0,United Kingdom,2
15274,4,2,716.57,358.285,44,619,14,0.0,United Kingdom,2
15275,31,2,609.19,304.595,41,497,6,0.0238095238095238,United Kingdom,2
15276,66,1,135.31,135.31,49,64,0,0.0,United Kingdom,2
15277,47,1,255.9,255.9,12,205,0,0.0,United Kingdom,2
15279,355,2,277.41,138.70499999999998,21,185,10,0.0952380952380952,United Kingdom,1
15280,172,1,113.12,113.12,16,154,0,0.0,United Kingdom,1
15281,59,12,2239.9500000000003,186.6625,122,1193,274,0.0733333333333333,United Kingdom,0
15286,50,1,240.55,240.55,3,55,0,0.0,United Kingdom,2
15287,22,3,485.24,161.74666666666667,17,432,48,0.0476190476190476,United Kingdom,2
15288,43,5,2306.52,461.304,80,775,322,0.0,United Kingdom,0
15289,29,4,935.1,233.775,43,996,220,0.0169491525423728,United Kingdom,0
15290,5,21,7803.769999999999,371.6080952380952,93,4431,354,0.0377358490566037,United Kingdom,0
15291,26,20,4596.51,229.8255,63,2074,348,0.055045871559633,United Kingdom,0
15292,201,1,180.94,180.94,24,56,0,0.0,United Kingdom,1
15296,44,10,3610.31,361.031,137,1757,282,0.03,United Kingdom,0
15297,10,4,635.04,158.76,30,290,53,0.048780487804878,United Kingdom,2
15298,2,14,3774.1,269.5785714285714,115,2752,364,0.0103092783505154,United Kingdom,0
15299,67,11,3787.09,344.2809090909091,9,2940,304,0.4166666666666667,United Kingdom,0
15300,64,1,496.44,496.44,28,292,0,0.0,United Kingdom,2
15301,51,14,5028.12,359.15142857142854,167,2768,317,0.0161943319838056,United Kingdom,0
15303,290,1,574.02,574.02,31,248,0,0.0,United Kingdom,1
15304,61,10,680.3,68.03,8,100,307,0.1153846153846153,United Kingdom,0
15306,64,3,1174.35,391.45,57,810,83,0.0,United Kingdom,2
15307,96,1,205.3,205.3,12,37,0,0.0,United Kingdom,2
15308,271,2,302.27,151.135,19,173,3,0.0952380952380952,United Kingdom,1
15311,1,118,59419.34,503.55372881355936,571,37720,373,0.0449618627057406,United Kingdom,0
15312,75,5,921.1,184.22,42,513,279,0.0208333333333333,United Kingdom,0
15313,110,1,52.0,52.0,1,25,0,0.0,United Kingdom,2
15314,199,1,327.97,327.97,24,313,0,0.0,United Kingdom,1
15315,64,3,551.54,183.84666666666664,35,838,51,0.0263157894736842,United Kingdom,2
15316,327,1,165.0,165.0,1,100,0,0.0,United Kingdom,1
15318,4,1,312.62,312.62,33,642,0,0.0,United Kingdom,2
15319,284,1,204.5,204.5,16,175,0,0.0,United Kingdom,1
15320,44,1,267.13,267.13,36,326,0,0.0,United Kingdom,2
15321,49,4,2650.73,662.6825,83,1163,242,0.1037735849056603,United Kingdom,0
15322,64,2,602.97,301.485,42,365,21,0.1428571428571428,United Kingdom,2
15325,104,1,162.29,162.29,47,232,0,0.0,United Kingdom,2
15326,334,1,311.71,311.71,29,386,0,0.0,United Kingdom,1
15327,53,1,208.75,208.75,10,116,0,0.0,United Kingdom,2
15329,35,5,1005.5,201.1,52,476,329,0.0806451612903225,United Kingdom,0
15330,32,2,714.96,357.48,10,1312,28,0.0,United Kingdom,2
15332,366,4,1661.06,415.265,29,652,3,0.0,Lithuania,1
15333,208,1,1028.56,1028.56,16,344,0,0.0,United Kingdom,1
15334,157,3,351.67,117.22333333333334,67,274,16,0.0,United Kingdom,2
15335,54,1,173.97,173.97,34,80,0,0.0,United Kingdom,2
15339,66,3,557.57,185.85666666666668,79,414,251,0.0227272727272727,United Kingdom,0
15341,81,1,2020.52,2020.52,17,812,0,0.0,United Kingdom,2
15342,116,2,391.76,195.88,24,276,13,0.0769230769230769,United Kingdom,2
15343,87,1,364.5,364.5,21,84,0,0.0,United Kingdom,2
15344,1,5,476.58,95.316,21,106,73,0.1875,United Kingdom,2
15345,35,2,367.69,183.845,20,78,10,0.1304347826086956,United Kingdom,2
15346,333,1,252.42,252.42,17,144,0,0.0,United Kingdom,1
15347,366,1,201.6,201.6,5,130,0,0.0,United Kingdom,1
15348,72,1,158.04,158.04,9,84,0,0.0,United Kingdom,2
15349,158,2,473.81,236.905,65,327,29,0.0,United Kingdom,2
15350,373,1,115.65,115.65,5,51,0,0.0,United Kingdom,1
15351,12,10,1862.14,186.214,160,732,357,0.0343347639484978,United Kingdom,0
15353,255,2,777.02,388.51,59,343,113,0.0,United Kingdom,1
15355,29,2,277.05,138.525,9,45,23,0.0,United Kingdom,2
15356,31,10,2766.5,276.65,215,1673,336,0.0,United Kingdom,0
15358,5,29,8234.8,283.9586206896552,292,6927,360,0.017825311942959,United Kingdom,0
15360,40,1,427.93,427.93,13,223,0,0.0,United Kingdom,2
15361,362,1,418.92,418.92,7,336,0,0.0,United Kingdom,1
15363,241,2,318.05,159.025,16,143,131,0.0588235294117647,United Kingdom,1
15364,96,2,913.19,456.595,29,493,158,0.0,United Kingdom,2
15365,26,9,1330.45,147.82777777777778,66,758,289,0.2450331125827814,United Kingdom,0
15366,75,2,602.51,301.255,37,621,282,0.0,United Kingdom,0
15367,57,5,1867.69,373.538,92,1055,218,0.0104166666666666,United Kingdom,0
15368,21,1,446.94000000000005,446.94000000000005,4,230,0,0.0,United Kingdom,2
15369,144,1,0.01,0.01,1,-1,0,1.0,United Kingdom,1
15370,41,8,2360.55,295.06875,65,828,291,0.0105263157894736,United Kingdom,0
15372,137,1,2007.4,2007.4,27,2924,0,0.0,United Kingdom,2
15373,8,13,2213.11,170.23923076923077,74,476,363,0.0364963503649635,United Kingdom,0
15374,129,1,168.0,168.0,3,126,0,0.0,United Kingdom,2
15376,40,3,1233.36,411.12000000000006,100,619,182,0.0,United Kingdom,0
15379,169,8,3631.89,453.98625,145,2293,189,0.010204081632653,United Kingdom,0
15380,9,6,1682.36,280.3933333333334,22,374,356,0.027027027027027,United Kingdom,0
15381,214,2,596.85,298.425,8,171,54,0.0,United Kingdom,1
15382,15,8,5927.86,740.9825,193,4003,280,0.0130718954248366,United Kingdom,0
15384,170,3,635.76,211.92,35,593,202,0.0465116279069767,United Kingdom,0
15385,40,1,316.88,316.88,12,161,0,0.0,United Kingdom,2
15386,186,1,394.14,394.14,31,446,0,0.0,United Kingdom,1
15388,270,1,140.54,140.54,10,88,0,0.0,Canada,1
15389,172,1,500.0,500.0,1,400,0,0.0,United Kingdom,1
15392,5,5,1515.73,303.146,74,1265,355,0.0117647058823529,United Kingdom,0
15393,16,2,231.86,115.93,10,150,264,0.0,United Kingdom,0
15394,10,4,2183.54,545.885,54,910,348,0.0,United Kingdom,0
15395,326,1,107.45,107.45,7,17,0,0.0,United Kingdom,1
15396,113,1,288.18,288.18,14,122,0,0.0,United Kingdom,2
15397,290,1,94.0,94.0,6,20,0,0.0,United Kingdom,1
15398,16,3,1339.63,446.54333333333335,60,767,62,0.0135135135135135,United Kingdom,2
15399,1,3,815.77,271.92333333333335,45,611,77,0.0,United Kingdom,2
15400,92,6,666.7,111.11666666666667,10,360,186,0.0769230769230769,United Kingdom,0
15402,149,2,626.77,313.385,35,694,47,0.0,United Kingdom,2
15405,189,1,349.1,349.1,8,193,0,0.0,United Kingdom,1
15406,18,4,426.61,106.6525,51,236,282,0.0862068965517241,United Kingdom,0
15407,34,4,1056.44,264.11,142,558,271,0.0,United Kingdom,0
15408,264,1,267.18,267.18,34,106,0,0.0,United Kingdom,1
15410,84,8,3450.84,431.355,48,1200,177,0.0,United Kingdom,0
15411,26,5,1346.38,269.276,86,528,156,0.01,United Kingdom,0
15412,171,1,190.53,190.53,10,108,0,0.0,United Kingdom,1
15414,10,3,774.9000000000001,258.3,37,443,232,0.0,United Kingdom,0
15415,313,1,572.8100000000001,572.8100000000001,46,575,0,0.0,United Kingdom,1
15416,65,5,3974.37,794.874,165,2089,218,0.005181347150259,United Kingdom,0
15417,85,1,508.8,508.8,28,284,0,0.0,United Kingdom,2
15419,25,1,135.86,135.86,8,230,0,0.0,United Kingdom,2
15421,59,4,950.36,237.59,40,500,251,0.0,United Kingdom,0
15422,323,2,97.7,48.85,6,38,0,0.0,United Kingdom,1
15423,38,1,43.5,43.5,2,101,0,0.0,United Kingdom,2
15424,254,2,383.34,191.67,17,554,0,0.0,United Kingdom,1
15426,19,7,1429.9,204.27142857142857,222,663,350,0.0266666666666666,United Kingdom,0
15427,33,3,1483.14,494.38000000000005,233,1013,13,0.0,United Kingdom,2
15428,15,1,93.78,93.78,6,102,0,0.0,United Kingdom,2
15429,27,3,364.9,121.63333333333334,77,369,48,0.0120481927710843,United Kingdom,2
15432,23,1,171.19,171.19,10,65,0,0.0,United Kingdom,2
15433,79,3,417.87,139.29,40,399,188,0.2264150943396226,United Kingdom,0
15434,8,6,997.48,166.24666666666667,40,638,191,0.0677966101694915,United Kingdom,0
15435,22,1,149.29,149.29,29,54,0,0.0,United Kingdom,2
15436,12,3,1122.53,374.1766666666667,243,613,221,0.0,United Kingdom,0
15437,262,1,200.16,200.16,44,79,0,0.0,United Kingdom,1
15438,131,1,156.57999999999998,156.57999999999998,25,59,0,0.0,United Kingdom,2
15440,55,3,383.68,127.89333333333332,50,197,154,0.0,United Kingdom,2
15442,249,1,594.0,594.0,2,120,0,0.0,United Kingdom,1
15443,2,8,3212.16,401.52,237,1660,318,0.0077922077922077,United Kingdom,0
15444,9,2,1418.26,709.13,191,764,31,0.0,United Kingdom,2
15445,264,1,113.5,113.5,5,58,0,0.0,United Kingdom,1
15447,331,1,155.17,155.17,9,85,0,0.0,United Kingdom,1
15448,313,1,494.64,494.64,28,232,0,0.0,United Kingdom,1
15449,26,5,971.22,194.244,47,810,235,0.032258064516129,United Kingdom,0
15450,30,1,429.84,429.84,30,376,0,0.0,United Kingdom,2
15452,30,3,538.73,179.57666666666668,47,283,234,0.0,United Kingdom,0
15453,2,7,1388.37,198.3385714285714,169,845,185,0.0,United Kingdom,0
15454,362,1,179.1,179.1,23,86,0,0.0,United Kingdom,1
15456,283,3,447.22,149.07333333333335,48,660,75,0.0,United Kingdom,1
15457,262,1,237.07,237.07,56,132,0,0.0,United Kingdom,1
15458,25,1,161.64,161.64,7,156,0,0.0,United Kingdom,2
15460,354,1,216.76,216.76,53,109,0,0.0,United Kingdom,1
15462,94,3,234.6,78.2,9,172,92,0.0,United Kingdom,2
15463,29,1,126.14,126.14,7,106,0,0.0,United Kingdom,2
15464,338,1,1048.85,1048.85,155,350,0,0.0,United Kingdom,1
15465,20,24,6945.02,289.37583333333333,43,1217,349,0.0673076923076923,United Kingdom,0
15466,85,1,334.53,334.53,56,246,0,0.0,United Kingdom,2
15467,9,4,511.88,127.97,41,306,142,0.0188679245283018,United Kingdom,2
15468,35,5,438.46,87.692,25,150,325,0.1724137931034483,United Kingdom,0
15469,43,4,504.5,126.125,24,150,77,0.1111111111111111,United Kingdom,2
15471,2,1,469.48,469.48,67,266,0,0.0,United Kingdom,2
15472,113,1,371.56,371.56,76,251,0,0.0,United Kingdom,2
15473,14,10,1465.2,146.52,4,552,46,0.2142857142857142,United Kingdom,2
15475,77,1,454.11,454.11,29,319,0,0.0,United Kingdom,2
15478,40,2,1441.42,720.71,34,585,16,0.0,United Kingdom,2
15480,116,1,905.5,905.5,45,303,0,0.0,Malta,2
15482,16,16,6568.72,410.545,46,2998,343,0.2283464566929134,United Kingdom,0
15483,161,4,233.81,58.4525,74,295,105,0.0,United Kingdom,2
15484,1,5,3563.11,712.6220000000001,135,3136,77,0.0052910052910052,United Kingdom,2
15485,30,3,2575.0,858.3333333333334,59,1306,343,0.0,United Kingdom,0
15488,93,1,91.32,91.32,2,73,0,0.0,United Kingdom,2
15489,23,4,1090.03,272.5075,47,593,188,0.0909090909090909,United Kingdom,0
15491,95,7,3090.85,441.55,108,1624,140,0.0064516129032258,United Kingdom,0
15492,28,2,659.4599999999999,329.73,32,483,46,0.0,United Kingdom,2
15493,33,7,1967.25,281.0357142857143,177,555,238,0.0066889632107023,United Kingdom,0
15494,21,2,1299.23,649.615,120,1148,99,0.0,United Kingdom,2
15497,18,3,1259.7,419.9,13,622,302,0.0625,United Kingdom,0
15498,1,35,12396.46,354.1845714285714,362,6084,366,0.0210325047801147,United Kingdom,0
15500,8,4,1131.56,282.89,64,572,73,0.0,United Kingdom,2
15502,16,23,5541.46,240.93304347826088,164,3823,353,0.1547619047619047,United Kingdom,0
15503,363,1,147.09,147.09,66,74,0,0.0,United Kingdom,1
15504,81,1,52.83,52.83,13,33,0,0.0,United Kingdom,2
15505,53,7,3497.14,499.5914285714285,90,2348,102,0.0202020202020202,United Kingdom,2
15506,23,3,979.26,326.42,121,848,116,0.0,United Kingdom,2
15507,172,1,492.36,492.36,41,162,0,0.0,United Kingdom,1
15508,189,6,1000.27,166.71166666666667,78,440,46,0.0,United Kingdom,1
15510,331,1,250.0,250.0,1,2,0,0.0,United Kingdom,1
15511,12,5,909.23,181.846,117,271,73,0.0,United Kingdom,2
15512,156,2,121.0,60.5,7,68,203,0.0,United Kingdom,2
15513,31,22,14520.08,660.0036363636364,183,5545,342,0.019108280254777,United Kingdom,0
15514,12,13,2963.19,227.93769230769232,96,1791,352,0.1834862385321101,United Kingdom,0
15516,45,3,62.43,20.81,15,27,1,0.0,United Kingdom,2
15517,233,1,267.03,267.03,27,293,0,0.0,United Kingdom,1
15518,64,13,1911.89,147.06846153846155,136,1262,268,0.0272727272727272,United Kingdom,0
15520,2,1,343.5,343.5,18,314,0,0.0,United Kingdom,2
15521,36,13,2574.65,198.05,117,1674,218,0.075,United Kingdom,0
15522,33,2,398.84,199.42,47,573,54,0.0,United Kingdom,2
15523,84,1,412.0100000000001,412.0100000000001,10,132,0,0.0,United Kingdom,2
15524,25,1,440.0,440.0,1,4,0,0.0,United Kingdom,2
15525,2,4,811.02,202.755,133,414,371,0.0111111111111111,United Kingdom,0
15526,33,2,148.44,74.22,4,24,0,0.0,United Kingdom,2
15527,19,10,2348.82,234.882,128,988,335,0.0180722891566265,United Kingdom,0
15528,254,1,229.33,229.33,26,123,0,0.0,United Kingdom,1
15529,23,12,3967.78,330.64833333333337,415,3489,343,0.0029673590504451,United Kingdom,0
15530,22,4,1502.35,375.5875,90,950,225,0.0,United Kingdom,0
15531,8,2,2007.44,1003.72,196,1105,22,0.0,United Kingdom,2
15532,25,6,1517.08,252.84666666666664,205,508,332,0.026615969581749,United Kingdom,0
15533,19,5,746.92,149.384,73,256,69,0.0348837209302325,United Kingdom,2
15535,173,7,459.9,65.7,55,129,192,0.0384615384615384,United Kingdom,0
15537,163,1,110.92,110.92,24,29,0,0.0,United Kingdom,1
15539,7,1,538.46,538.46,41,410,0,0.0,United Kingdom,2
15540,11,1,213.3,213.3,15,200,0,0.0,United Kingdom,2
15541,114,1,85.13000000000001,85.13000000000001,29,49,0,0.0,United Kingdom,2
15543,288,1,127.86,127.86,26,86,0,0.0,United Kingdom,1
15544,9,11,3542.51,322.04636363636365,122,3105,363,0.0076628352490421,United Kingdom,0
15545,54,2,292.72,146.36,78,163,316,0.0,United Kingdom,0
15547,7,14,4954.84,353.9171428571429,441,4032,354,0.0,United Kingdom,0
15549,77,4,1655.76,413.94,104,688,239,0.0086206896551724,United Kingdom,0
15550,4,4,575.63,143.9075,43,295,297,0.0,United Kingdom,0
15551,37,1,436.06,436.06,29,218,0,0.0,United Kingdom,2
15552,217,1,90.12,90.12,17,60,0,0.0,United Kingdom,1
15553,60,1,437.23,437.23,51,451,0,0.0,United Kingdom,2
15554,278,1,217.2,217.2,14,74,0,0.0,United Kingdom,1
15555,12,20,4758.2,237.91,404,4410,357,0.0281081081081081,United Kingdom,0
15556,24,1,279.77,279.77,31,236,0,0.0,United Kingdom,2
15557,29,1,473.65,473.65,16,219,0,0.0,United Kingdom,2
15561,12,5,722.74,144.548,27,256,203,0.1290322580645161,United Kingdom,0
15562,352,1,134.55,134.55,1,39,0,0.0,United Kingdom,1
15563,9,7,1319.69,188.52714285714288,88,1460,349,0.0341880341880341,United Kingdom,0
15565,50,2,173.16,86.58,8,60,20,0.0,United Kingdom,2
15567,19,1,186.01,186.01,7,223,0,0.0,United Kingdom,2
15568,3,3,758.29,252.7633333333333,27,461,70,0.0,United Kingdom,2
15569,104,5,1375.71,275.142,27,666,228,0.0,United Kingdom,0
15570,7,13,4109.97,316.1515384615385,232,2058,362,0.0212121212121212,United Kingdom,0
15571,12,4,650.4300000000001,162.60750000000002,47,264,66,0.0,United Kingdom,2
15572,5,7,2552.86,364.69428571428574,166,1229,273,0.0,United Kingdom,0
15573,32,2,607.45,303.725,88,363,53,0.0,United Kingdom,2
15574,178,4,702.25,175.5625,131,349,194,0.0,United Kingdom,0
15576,38,1,940.67,940.67,43,404,0,0.0,United Kingdom,2
15577,151,3,258.88,86.29333333333334,39,89,154,0.0,United Kingdom,2
15578,162,1,127.1,127.1,13,52,0,0.0,United Kingdom,1
15579,69,2,348.6,174.3,45,120,245,0.0,United Kingdom,0
15581,121,14,3429.9700000000003,244.9978571428572,134,285,245,0.0066666666666666,United Kingdom,0
15582,25,3,682.9100000000001,227.63666666666668,39,453,195,0.0,United Kingdom,0
15584,24,5,722.61,144.522,89,312,138,0.016,United Kingdom,2
15585,177,1,455.3,455.3,31,320,0,0.0,United Kingdom,1
15587,50,4,913.68,228.42,3,312,301,0.0,United Kingdom,0
15589,253,4,456.58,114.145,28,242,58,0.0333333333333333,United Kingdom,1
15590,289,1,0.01,0.01,1,-1,0,1.0,United Kingdom,1
15592,47,1,388.58,388.58,24,354,0,0.0,United Kingdom,2
15593,71,1,199.8,199.8,5,60,0,0.0,United Kingdom,2
15594,16,6,1767.53,294.5883333333333,85,982,218,0.0096153846153846,United Kingdom,0
15596,101,9,1343.34,149.26,51,548,264,0.0833333333333333,United Kingdom,0
15597,30,2,315.72,157.86,22,276,5,0.0434782608695652,United Kingdom,2
15598,35,3,235.68,78.56,14,156,17,0.125,United Kingdom,2
15599,27,2,761.74,380.87,50,718,177,0.0,United Kingdom,0
15601,11,17,6745.36,396.78588235294114,230,4978,361,0.0096618357487922,United Kingdom,0
15602,8,15,1083.63,72.242,31,997,359,0.1320754716981132,United Kingdom,0
15603,79,1,48.48,48.48,2,96,0,0.0,United Kingdom,2
15604,52,1,216.39,216.39,17,159,0,0.0,United Kingdom,2
15605,36,5,1198.23,239.646,61,441,337,0.0,United Kingdom,0
15606,57,11,2422.64,220.24,51,720,267,0.1538461538461538,United Kingdom,0
15607,337,1,104.76,104.76,13,202,0,0.0,United Kingdom,1
15608,28,4,1093.68,273.42,59,714,92,0.0,United Kingdom,2
15609,183,2,270.03000000000003,135.015,16,145,1,0.1111111111111111,United Kingdom,1
15610,52,1,112.46,112.46,6,66,0,0.0,United Kingdom,2
15611,10,15,1568.39,104.55933333333334,23,498,325,0.0444444444444444,United Kingdom,0
15612,36,2,195.15,97.575,4,52,25,0.0,United Kingdom,2
15615,10,27,10360.04,383.7051851851852,185,5493,348,0.0139860139860139,United Kingdom,0
15618,33,5,747.031,149.40619999999998,39,428,103,0.0816326530612244,United Kingdom,2
15619,11,1,336.40000000000003,336.40000000000003,3,136,0,0.0,United Kingdom,2
15620,50,6,1524.4,254.0666666666667,92,899,308,0.0384615384615384,United Kingdom,0
15621,4,6,1158.77,193.12833333333333,11,463,17,0.1111111111111111,United Kingdom,2
15622,3,16,3224.53,201.533125,169,1552,279,0.1355140186915887,United Kingdom,0
15623,141,1,301.03,301.03,19,125,0,0.0,United Kingdom,2
15624,117,4,588.13,147.0325,26,357,139,0.0,United Kingdom,2
15625,100,8,1504.56,188.07,44,1166,135,0.0588235294117647,United Kingdom,2
15626,75,2,675.8,337.9,49,766,254,0.0,United Kingdom,0
15628,5,10,2865.64,286.564,85,1882,362,0.0127388535031847,United Kingdom,0
15630,45,3,1180.4,393.4666666666667,57,799,159,0.0163934426229508,United Kingdom,0
15632,16,10,3147.31,314.731,107,2049,259,0.0564971751412429,United Kingdom,0
15634,17,1,243.55,243.55,15,99,0,0.0,United Kingdom,2
15636,90,2,724.76,362.38,20,284,192,0.0,United Kingdom,0
15637,53,1,223.36,223.36,15,128,0,0.0,United Kingdom,2
15638,301,1,0.01,0.01,2,-52,0,1.0,United Kingdom,1
15639,134,1,425.32,425.32,25,323,0,0.0,United Kingdom,2
15640,4,17,12433.34,731.3729411764706,241,6572,367,0.0222222222222222,United Kingdom,0
15641,105,4,1887.2,471.8,102,1562,253,0.0,United Kingdom,0
15643,179,6,647.4,107.9,31,242,103,0.0833333333333333,United Kingdom,1
15644,166,4,813.0,203.25,166,557,94,0.0,United Kingdom,2
15645,19,1,612.01,612.01,50,256,0,0.0,United Kingdom,2
15646,158,4,425.14,106.285,35,388,214,0.0277777777777777,United Kingdom,0
15648,204,4,599.9,149.975,24,213,62,0.1071428571428571,United Kingdom,1
15649,336,2,816.0,408.0,1,192,31,0.0,United Kingdom,1
15651,37,3,646.3,215.4333333333333,27,479,223,0.0,United Kingdom,0
15652,91,1,337.74,337.74,21,208,0,0.0,United Kingdom,2
15653,93,2,877.4399999999999,438.72,4,1200,23,0.0,United Kingdom,2
15654,9,2,922.53,461.265,15,475,16,0.0,United Kingdom,2
15655,233,2,511.32,255.66,34,319,10,0.081081081081081,United Kingdom,1
15656,45,4,748.5,187.125,46,343,238,0.0,United Kingdom,0
15657,23,1,30.0,30.0,1,24,0,0.0,United Kingdom,2
15658,190,8,958.9,119.8625,40,232,182,0.1428571428571428,United Kingdom,0
15659,44,1,306.45,306.45,11,111,0,0.0,United Kingdom,2
15660,25,12,1552.01,129.33416666666668,55,1037,340,0.0425531914893617,United Kingdom,0
15661,317,2,309.8,154.9,4,236,21,0.0,United Kingdom,1
15663,106,1,138.14,138.14,9,106,0,0.0,United Kingdom,2
15664,51,2,358.63,179.315,19,141,308,0.1052631578947368,United Kingdom,0
15665,168,2,2242.01,1121.005,92,1666,74,0.0,United Kingdom,2
15667,40,1,301.32,301.32,13,240,0,0.0,United Kingdom,2
15668,218,1,76.32000000000001,76.32000000000001,1,72,0,0.0,United Kingdom,1
15669,40,5,677.69,135.538,31,339,223,0.0571428571428571,United Kingdom,0
15670,297,1,173.05,173.05,12,91,0,0.0,United Kingdom,1
15671,19,10,2635.49,263.54900000000004,52,1681,252,0.037037037037037,United Kingdom,0
15673,88,4,2881.02,720.255,107,1514,238,0.0,United Kingdom,0
15674,73,8,1744.02,218.0025,88,1075,181,0.1555555555555555,United Kingdom,0
15675,81,3,323.69,107.89666666666666,20,527,198,0.0,United Kingdom,0
15676,9,5,3324.09,664.818,191,2231,274,0.0648148148148148,United Kingdom,0
15677,49,1,657.23,657.23,33,319,0,0.0,United Kingdom,2
15678,53,1,352.7,352.7,12,184,0,0.0,United Kingdom,2
15679,24,4,781.28,195.32,98,1170,158,0.0,United Kingdom,0
15680,9,3,1333.68,444.56,61,952,356,0.0,United Kingdom,0
15681,18,6,946.36,157.72666666666666,32,556,261,0.208955223880597,United Kingdom,0
15683,117,1,193.75,193.75,10,131,0,0.0,United Kingdom,2
15687,9,11,2981.5,271.04545454545456,119,1308,321,0.0119047619047619,United Kingdom,0
15689,120,2,254.1,127.05,8,84,241,0.0,United Kingdom,0
15690,4,2,239.76,119.88,19,408,96,0.0,United Kingdom,2
15691,252,1,136.8,136.8,2,72,0,0.0,United Kingdom,1
15692,28,1,191.04,191.04,12,138,0,0.0,United Kingdom,2
15694,1,15,6423.6,428.24,42,1665,372,0.0126582278481012,United Kingdom,0
15695,267,2,409.98,204.99,22,212,0,0.0,United Kingdom,1
15696,33,12,2644.46,220.37166666666667,140,1022,293,0.0338983050847457,United Kingdom,0
15699,18,1,309.65,309.65,18,113,0,0.0,United Kingdom,2
15700,172,3,664.03,221.34333333333333,85,328,1,0.0337078651685393,United Kingdom,2
15701,2,4,1542.14,385.535,193,923,108,0.0,United Kingdom,2
15703,265,1,211.5,211.5,5,66,0,0.0,United Kingdom,1
15704,140,4,2293.62,573.405,79,1028,75,0.0,United Kingdom,2
15705,201,1,143.1,143.1,6,62,0,0.0,United Kingdom,1
15706,60,7,1001.81,143.1157142857143,50,305,56,0.0677966101694915,United Kingdom,2
15707,35,4,945.58,236.395,126,605,51,0.0,United Kingdom,2
15708,41,11,3329.7200000000003,302.7018181818182,124,1258,329,0.0303030303030303,United Kingdom,0
15709,284,1,133.25,133.25,6,121,0,0.0,United Kingdom,1
15712,9,5,1072.36,214.47200000000004,41,486,278,0.0,United Kingdom,0
15713,143,3,346.75,115.58333333333331,18,149,222,0.05,United Kingdom,0
15714,12,2,330.88,165.44,34,187,66,0.0,United Kingdom,2
15716,146,4,1118.81,279.7025,101,744,223,0.0,United Kingdom,0
15717,234,1,150.3,150.3,7,70,0,0.0,United Kingdom,1
15719,33,14,5043.96,360.28285714285715,299,2724,304,0.0010660980810234,United Kingdom,0
15720,24,1,598.73,598.73,128,281,0,0.0,United Kingdom,2
15721,12,1,507.08,507.08,80,409,0,0.0,United Kingdom,2
15722,36,6,2181.21,363.535,47,1021,254,0.0416666666666666,United Kingdom,0
15723,365,1,203.1,203.1,37,87,0,0.0,United Kingdom,1
15724,201,3,212.3,70.76666666666667,11,72,83,0.0833333333333333,United Kingdom,1
15725,15,1,415.25,415.25,32,221,0,0.0,United Kingdom,2
15727,17,7,5178.96,739.8514285714285,213,3065,342,0.0,United Kingdom,0
15728,49,1,0.01,0.01,4,-34,0,1.0,United Kingdom,2
15729,198,2,62.0,31.0,5,24,14,0.1666666666666666,United Kingdom,1
15730,66,4,1108.38,277.095,68,683,140,0.0410958904109589,United Kingdom,2
15732,212,2,294.12,147.06,13,215,159,0.0,United Kingdom,1
15733,283,1,162.3,162.3,10,62,0,0.0,United Kingdom,1
15734,115,2,1339.45,669.725,25,346,85,0.0,United Kingdom,2
15737,15,12,1121.21,93.43416666666668,60,584,228,0.1111111111111111,United Kingdom,0
15738,19,19,4788.77,252.0405263157895,46,2967,353,0.0170454545454545,United Kingdom,0
15739,66,1,449.12,449.12,8,472,0,0.0,United Kingdom,2
15740,49,1,154.88,154.88,9,152,0,0.0,United Kingdom,2
15743,16,4,784.46,196.115,59,216,168,0.0,United Kingdom,0
15744,78,1,34.8,34.8,3,120,0,0.0,United Kingdom,2
15745,9,6,1071.24,178.54,57,412,227,0.0461538461538461,United Kingdom,0
15746,134,2,182.96,91.48,28,130,0,0.0344827586206896,United Kingdom,2
15747,13,3,974.04,324.68,52,480,160,0.0,United Kingdom,0
15748,40,1,149.31,149.31,19,51,0,0.0,United Kingdom,2
15749,235,4,21535.9,5383.975,6,9014,97,0.3333333333333333,United Kingdom,1
15750,3,9,2451.23,272.3588888888889,214,1779,364,0.0067796610169491,United Kingdom,0
15752,40,8,2628.93,328.61625,236,1973,333,0.0024271844660194,United Kingdom,0
15753,305,1,79.2,79.2,1,144,0,0.0,United Kingdom,1
15754,51,4,455.67,113.9175,24,197,195,0.0344827586206896,United Kingdom,0
15755,1,8,2318.88,289.86,127,1397,293,0.0536912751677852,United Kingdom,0
15756,61,4,532.96,133.24,160,242,187,0.0,United Kingdom,0
15757,66,2,714.42,357.21,43,491,152,0.0,United Kingdom,2
15758,25,1,205.25,205.25,9,47,0,0.0,United Kingdom,2
15759,218,3,253.04,84.34666666666666,5,60,139,0.0,United Kingdom,1
15762,65,2,583.75,291.875,37,251,12,0.0,United Kingdom,2
15763,32,3,1048.67,349.5566666666667,58,268,45,0.0317460317460317,United Kingdom,2
15764,81,10,3245.47,324.547,150,2036,195,0.0425531914893617,United Kingdom,0
15766,64,1,315.06,315.06,11,170,0,0.0,United Kingdom,2
15768,116,4,581.8299999999999,145.45749999999998,24,243,110,0.0357142857142857,United Kingdom,2
15769,7,29,51823.72,1787.024827586207,26,27660,363,0.1156462585034013,United Kingdom,0
15773,6,1,635.6800000000001,635.6800000000001,10,311,0,0.0,United Kingdom,2
15774,69,1,270.8,270.8,25,87,0,0.0,United Kingdom,2
15775,245,1,104.9,104.9,7,68,0,0.0,United Kingdom,1
15776,133,1,241.62,241.62,18,138,0,0.0,United Kingdom,2
15777,241,5,1021.61,204.322,18,375,120,0.0454545454545454,United Kingdom,1
15780,184,3,475.28,158.42666666666668,26,220,174,0.0,United Kingdom,1
15781,25,4,333.56,83.39,20,178,280,0.0476190476190476,United Kingdom,0
15782,10,4,2593.94,648.485,34,863,79,0.0227272727272727,United Kingdom,2
15783,11,1,246.3,246.3,14,212,0,0.0,United Kingdom,2
15785,30,8,2303.75,287.96875,58,1594,265,0.0459770114942528,United Kingdom,0
15786,44,5,4834.2,966.84,257,3331,70,0.0464285714285714,United Kingdom,2
15787,26,3,948.05,316.01666666666665,156,540,35,0.0,United Kingdom,2
15789,358,1,351.3,351.3,25,438,0,0.0,United Kingdom,1
15790,10,1,220.85,220.85,34,114,0,0.0,United Kingdom,2
15791,44,3,1604.44,534.8133333333334,66,730,160,0.0131578947368421,United Kingdom,0
15793,9,4,948.96,237.24,6,552,259,0.0769230769230769,United Kingdom,0
15795,150,1,610.01,610.01,42,581,0,0.0,United Kingdom,2
15796,1,10,2666.61,266.661,71,859,301,0.0148148148148148,United Kingdom,0
15797,113,4,2207.4,551.85,8,873,206,0.0,United Kingdom,0
15799,76,3,884.14,294.7133333333333,94,955,258,0.0,United Kingdom,0
15800,107,2,699.08,349.54,116,335,139,0.0,United Kingdom,2
15801,46,4,1042.19,260.5475,61,562,63,0.072463768115942,United Kingdom,2
15802,143,3,0.01,0.01,1,-1,0,0.6666666666666666,United Kingdom,1
15803,51,1,415.8200000000001,415.8200000000001,8,290,0,0.0,United Kingdom,2
15804,1,19,3848.55,202.5552631578948,170,2513,198,0.0402930402930402,United Kingdom,0
15805,23,20,5452.17,272.6085,220,3337,341,0.019543973941368,United Kingdom,0
15806,46,3,784.58,261.5266666666667,24,602,230,0.0,United Kingdom,0
15807,50,3,903.9,301.3,48,430,26,0.0,United Kingdom,2
15808,306,5,3724.77,744.954,143,1341,63,0.0095238095238095,United Kingdom,1
15809,36,6,399.21,66.535,31,251,267,0.1860465116279069,United Kingdom,0
15810,79,7,1145.43,163.63285714285715,66,737,218,0.2053571428571428,United Kingdom,0
15811,17,9,2171.32,241.2577777777778,117,1061,348,0.0431654676258992,United Kingdom,0
15812,107,5,1801.14,360.228,36,922,210,0.0,United Kingdom,0
15813,208,2,1303.91,651.9549999999999,40,603,31,0.0,United Kingdom,1
15814,3,6,1842.73,307.12166666666667,64,1247,47,0.027027027027027,United Kingdom,2
15815,64,5,2100.6,420.12,33,1856,196,0.0,United Kingdom,0
15819,49,4,1905.45,476.3625,96,1357,227,0.0,United Kingdom,0
15820,320,1,206.98,206.98,17,128,0,0.0,United Kingdom,1
15821,44,2,570.96,285.48,57,202,17,0.0,United Kingdom,2
15822,3,2,885.47,442.735,28,375,356,0.0,United Kingdom,0
15823,337,2,0.01,0.01,17,-283,34,0.9411764705882352,United Kingdom,1
15825,172,1,532.94,532.94,20,220,0,0.0,United Kingdom,1
15826,51,4,1649.36,412.34,64,962,159,0.0144927536231884,United Kingdom,0
15827,73,20,1641.48,82.074,73,842,299,0.1417910447761194,United Kingdom,0
15829,99,2,636.14,318.07,44,996,41,0.0,United Kingdom,2
15830,29,2,547.7,273.85,39,409,8,0.048780487804878,United Kingdom,2
15831,58,4,747.76,186.94,64,1097,265,0.0144927536231884,United Kingdom,0
15832,254,1,836.79,836.79,54,465,0,0.0,United Kingdom,1
15834,70,6,2084.9,347.4833333333333,243,961,301,0.0108695652173913,United Kingdom,0
15835,44,4,954.09,238.5225,47,439,286,0.0,United Kingdom,0
15836,45,2,117.47,58.735,10,24,4,0.1666666666666666,United Kingdom,2
15837,65,1,391.98,391.98,24,189,0,0.0,United Kingdom,2
15838,11,21,33350.76,1588.1314285714286,56,9007,360,0.0118343195266272,United Kingdom,0
15839,25,5,1020.74,204.148,56,670,122,0.0461538461538461,United Kingdom,2
15840,59,3,345.66,115.22,26,394,113,0.0357142857142857,United Kingdom,2
15841,64,6,1209.1,201.51666666666665,36,926,274,0.06,United Kingdom,0
15843,304,1,118.95000000000002,118.95000000000002,8,27,0,0.0,United Kingdom,1
15844,46,1,130.73999999999998,130.73999999999998,11,134,0,0.0,United Kingdom,2
15845,18,10,3650.87,365.087,97,1918,319,0.0142857142857142,United Kingdom,0
15847,38,2,389.27,194.635,22,449,249,0.0,United Kingdom,0
15850,19,2,238.85,119.425,87,302,148,0.0,United Kingdom,2
15852,187,2,160.71,80.355,22,48,10,0.0,United Kingdom,1
15853,52,1,110.8,110.8,29,135,0,0.0,United Kingdom,2
15854,4,12,2974.65,247.8875,105,939,357,0.0,United Kingdom,0
15855,137,5,712.24,142.448,59,470,126,0.0,United Kingdom,2
15856,4,31,16173.67,521.7312903225807,297,10941,361,0.0122511485451761,United Kingdom,0
15857,19,1,297.0,297.0,14,308,0,0.0,United Kingdom,2
15858,16,5,1438.85,287.77,145,1167,351,0.0,United Kingdom,0
15860,41,8,977.21,122.15125,105,440,327,0.0,United Kingdom,0
15861,12,9,3000.36,333.37333333333333,339,2543,254,0.0018281535648994,United Kingdom,0
15862,8,4,832.88,208.22,142,585,365,0.0,United Kingdom,0
15863,26,2,68.84,34.42,18,19,167,0.0,United Kingdom,2
15864,22,8,1769.7800000000002,221.22250000000005,16,1044,293,0.1666666666666666,United Kingdom,0
15865,41,3,895.13,298.37666666666667,37,368,173,0.0,United Kingdom,0
15866,101,1,230.53,230.53,43,126,0,0.0,United Kingdom,2
15867,5,16,3797.79,237.361875,302,2052,363,0.0043196544276457,United Kingdom,0
15869,277,2,149.64,74.82,13,175,0,0.0,United Kingdom,1
15870,33,1,354.09000000000003,354.09000000000003,68,335,0,0.0,United Kingdom,2
15872,15,2,360.93,180.465,101,212,0,0.0,United Kingdom,2
15874,63,9,4330.67,481.18555555555554,123,2506,220,0.1240875912408759,United Kingdom,0
15877,2,3,440.78,146.92666666666665,122,246,16,0.015267175572519,United Kingdom,2
15880,369,2,313.28000000000003,156.64,95,187,0,0.0094339622641509,United Kingdom,1
15881,312,8,438.24,54.78,26,199,52,0.09375,United Kingdom,1
15882,199,5,495.36,99.072,23,266,169,0.0416666666666666,United Kingdom,1
15883,2,2,396.48,198.24,42,223,31,0.0,United Kingdom,2
15885,93,3,379.35,126.45,18,111,216,0.0,United Kingdom,0
15886,60,1,181.09,181.09,12,147,0,0.0,United Kingdom,2
15888,80,2,141.27,70.635,11,60,0,0.1428571428571428,United Kingdom,2
15889,157,2,446.87,223.435,79,215,212,0.0,United Kingdom,0
15891,227,1,524.52,524.52,60,442,0,0.0,United Kingdom,1
15894,253,2,263.55,131.775,35,168,115,0.0,United Kingdom,1
15895,150,1,179.17,179.17,11,94,0,0.0,United Kingdom,1
15897,194,2,222.05,111.025,17,261,0,0.0,United Kingdom,1
15898,1,6,1384.68,230.78,70,568,367,0.0114942528735632,United Kingdom,0
15899,369,1,56.25,56.25,4,39,0,0.0,United Kingdom,1
15900,24,1,351.11,351.11,44,221,0,0.0,United Kingdom,2
15901,17,3,363.88,121.29333333333334,102,384,138,0.0,United Kingdom,2
15903,10,8,5126.34,640.7925,46,2409,285,0.0133333333333333,United Kingdom,0
15904,8,1,164.68,164.68,30,84,0,0.0,United Kingdom,2
15906,20,8,1521.79,190.22375,114,538,235,0.0066225165562913,United Kingdom,0
15907,4,3,967.45,322.4833333333333,175,509,206,0.0,United Kingdom,0
15909,174,1,191.94,191.94,7,98,0,0.0,United Kingdom,1
15910,1,8,1232.18,154.0225,215,1015,315,0.0,United Kingdom,0
15912,178,2,264.62,132.31,19,185,54,0.0,United Kingdom,1
15916,16,10,1491.24,149.124,125,752,350,0.03125,United Kingdom,0
15917,248,1,123.1,123.1,12,42,0,0.0,United Kingdom,1
15918,191,2,334.23,167.115,33,153,80,0.0,United Kingdom,1
15919,20,2,639.89,319.945,103,545,349,0.0,United Kingdom,0
15920,154,4,167.5,41.875,53,99,0,0.0,United Kingdom,2
15921,173,1,336.03000000000003,336.03000000000003,24,166,0,0.0,United Kingdom,1
15922,372,2,363.6,181.8,11,136,0,0.0833333333333333,United Kingdom,1
15923,373,1,127.08,127.08,21,122,0,0.0,United Kingdom,1
15925,194,1,207.15,207.15,12,93,0,0.0,United Kingdom,1
15930,67,1,426.63,426.63,21,139,0,0.0,United Kingdom,2
15932,4,11,2461.85,223.80454545454543,93,2311,285,0.0336134453781512,United Kingdom,0
15933,21,3,1107.46,369.15333333333336,63,885,65,0.0,United Kingdom,2
15935,239,2,416.86,208.43,12,115,2,0.0,United Kingdom,1
15937,64,1,145.35,145.35,7,73,0,0.0,United Kingdom,2
15938,112,5,404.58,80.916,13,240,211,0.0,United Kingdom,0
15939,90,16,6102.26,381.39125,28,4725,241,0.0129870129870129,United Kingdom,0
15940,311,2,31.8,15.9,2,3,0,0.5,United Kingdom,1
15942,134,1,337.44,337.44,14,232,0,0.0,United Kingdom,2
15944,277,1,325.1,325.1,6,50,0,0.0,United Kingdom,1
15945,365,1,181.0,181.0,2,52,0,0.0,United Kingdom,1
15947,83,1,1708.24,1708.24,29,898,0,0.0,United Kingdom,2
15948,8,2,955.24,477.62,51,567,35,0.0,United Kingdom,2
15949,17,2,364.72,182.36,12,284,54,0.0,United Kingdom,2
15950,2,5,1705.26,341.052,86,722,357,0.0485436893203883,United Kingdom,0
15951,1,3,669.57,223.19000000000003,36,306,284,0.0465116279069767,United Kingdom,0
15952,34,4,806.57,201.6425,65,399,191,0.0,United Kingdom,0
15953,15,10,1634.53,163.453,65,885,354,0.0485436893203883,United Kingdom,0
15955,24,16,4389.81,274.363125,137,2124,348,0.0108108108108108,United Kingdom,0
15957,32,1,428.89,428.89,40,211,0,0.0,United Kingdom,2
15958,74,1,104.35,104.35,7,33,0,0.0,United Kingdom,2
15963,20,2,470.76,235.38,26,298,25,0.0,United Kingdom,2
15965,17,4,845.64,211.41,88,453,350,0.0,United Kingdom,0
15967,23,2,418.83,209.415,73,211,295,0.0,United Kingdom,0
15969,3,4,582.9,145.725,20,120,182,0.0476190476190476,United Kingdom,0
15970,304,1,314.1,314.1,11,116,0,0.0,United Kingdom,1
15971,18,12,4199.85,349.9875,10,1717,293,0.0,United Kingdom,0
15973,236,3,99.77000000000002,33.256666666666675,4,87,130,0.3333333333333333,United Kingdom,1
15974,39,8,3429.55,428.69375,141,2256,249,0.0056497175141242,United Kingdom,0
15975,84,1,371.01,371.01,24,243,0,0.0,United Kingdom,2
15976,165,2,430.94,215.47,83,277,54,0.0,United Kingdom,2
15977,17,2,1054.73,527.365,48,1016,21,0.0,United Kingdom,2
15978,77,1,1098.78,1098.78,49,888,0,0.0,United Kingdom,2
15980,89,3,2398.86,799.62,40,1560,165,0.0,United Kingdom,0
15981,25,8,3408.48,426.06,53,1866,286,0.0,United Kingdom,0
15983,22,4,1475.02,368.755,82,892,351,0.0,United Kingdom,0
15984,3,11,2816.97,256.0881818181818,217,1833,365,0.0181818181818181,United Kingdom,0
15985,123,3,1037.42,345.8066666666667,29,836,113,0.0263157894736842,United Kingdom,2
15986,30,1,168.12,168.12,14,268,0,0.0,United Kingdom,2
15987,12,7,1451.28,207.32571428571427,110,1556,356,0.0,United Kingdom,0
15988,19,1,158.03,158.03,26,181,0,0.0,United Kingdom,2
15990,44,2,792.11,396.055,52,443,243,0.0,United Kingdom,0
15992,4,1,41.99,41.99,3,17,0,0.0,United Kingdom,2
15993,9,10,2756.82,275.682,336,2042,35,0.0142857142857142,United Kingdom,2
15994,55,1,427.07,427.07,31,177,0,0.0,United Kingdom,2
15996,88,7,1044.78,149.25428571428571,103,382,277,0.0076335877862595,United Kingdom,0
15998,37,6,3084.17,514.0283333333333,373,2037,325,0.005893909626719,United Kingdom,0
16000,3,3,12393.7,4131.233333333334,9,5110,0,0.0,United Kingdom,2
16003,30,5,2735.37,547.074,82,1185,329,0.0,United Kingdom,0
16005,12,4,615.39,153.8475,173,300,258,0.0,United Kingdom,0
16006,211,1,101.4,101.4,8,84,0,0.0,United Kingdom,1
16007,48,4,1701.94,425.485,221,1393,167,0.0,United Kingdom,0
16008,24,3,478.78,159.59333333333333,29,323,180,0.0,United Kingdom,0
16009,22,4,992.71,248.1775,68,378,137,0.0,United Kingdom,2
16010,246,3,407.5,135.83333333333334,62,210,116,0.0,United Kingdom,1
16011,8,16,3362.71,210.169375,99,2042,357,0.0,United Kingdom,0
16012,35,3,1415.29,471.7633333333333,87,799,119,0.0,United Kingdom,2
16013,4,54,33366.25,617.8935185185185,34,13845,367,0.0794701986754966,United Kingdom,0
16014,36,4,653.13,163.2825,123,261,255,0.0202702702702702,United Kingdom,0
16015,4,4,690.54,172.635,146,906,45,0.0108695652173913,United Kingdom,2
16016,3,10,1483.31,148.331,156,618,363,0.0084388185654008,United Kingdom,0
16017,47,1,211.88,211.88,26,102,0,0.0,United Kingdom,2
16018,39,2,408.9,204.45,26,190,141,0.0,United Kingdom,2
16019,2,10,3450.24,345.024,133,1649,362,0.0303030303030303,United Kingdom,0
16020,17,3,851.01,283.67,42,487,48,0.0,United Kingdom,2
16022,260,1,628.28,628.28,68,261,0,0.0,United Kingdom,1
16023,46,3,719.81,239.93666666666664,90,358,220,0.0,United Kingdom,0
16024,12,1,251.24,251.24,61,398,0,0.0,United Kingdom,2
16025,30,1,439.66,439.66,28,338,0,0.0,United Kingdom,2
16026,43,1,236.09,236.09,30,243,0,0.0,United Kingdom,2
16027,92,7,852.12,121.73142857142857,12,1146,210,0.0588235294117647,United Kingdom,0
16029,39,76,50992.61,670.9553947368421,46,32148,335,0.1167883211678832,United Kingdom,0
16030,310,1,331.24,331.24,28,283,0,0.0,United Kingdom,1
16031,92,2,548.94,274.47,91,423,154,0.0,United Kingdom,2
16033,6,27,8727.61,323.24481481481484,539,3516,364,0.0130208333333333,United Kingdom,0
16034,196,3,437.7,145.9,18,242,136,0.0,United Kingdom,1
16036,87,2,758.92,379.46,55,716,176,0.0,United Kingdom,0
16037,270,3,855.02,285.00666666666666,37,428,88,0.0,United Kingdom,1
16038,8,4,454.33,113.5825,24,241,194,0.0714285714285714,United Kingdom,0
16040,65,3,1313.55,437.85,57,684,203,0.0,United Kingdom,0
16041,31,3,3166.4,1055.4666666666667,6,1584,110,0.0,United Kingdom,2
16042,22,7,1147.37,163.91,68,745,350,0.0533333333333333,United Kingdom,0
16043,38,4,773.99,193.4975,30,503,280,0.0,United Kingdom,0
16045,120,4,1340.7,335.175,71,897,170,0.0,United Kingdom,0
16048,86,3,243.69000000000003,81.23,9,143,287,0.1111111111111111,United Kingdom,0
16049,40,3,1111.79,370.5966666666666,248,793,34,0.0,United Kingdom,2
16050,174,1,137.9,137.9,10,278,0,0.0,United Kingdom,1
16052,54,1,362.06,362.06,34,282,0,0.0,United Kingdom,2
16053,33,2,1511.95,755.975,81,1793,89,0.0,United Kingdom,2
16054,145,1,783.9,783.9,70,380,0,0.0,United Kingdom,2
16055,221,1,134.8,134.8,8,22,0,0.0,United Kingdom,1
16056,45,1,664.85,664.85,66,347,0,0.0,United Kingdom,2
16057,4,10,2140.2200000000003,214.022,109,833,280,0.0970149253731343,United Kingdom,0
16059,66,6,1459.86,243.31000000000003,126,643,301,0.0,United Kingdom,0
16061,269,1,0.01,0.01,1,-1,0,1.0,United Kingdom,1
16062,10,4,1153.62,288.405,50,800,355,0.0,United Kingdom,0
16063,260,1,335.32,335.32,23,262,0,0.0,United Kingdom,1
16065,365,1,372.09,372.09,71,231,0,0.0,United Kingdom,1
16066,17,5,1521.87,304.374,77,936,107,0.0,United Kingdom,2
16070,22,2,852.15,426.075,32,457,9,0.0,United Kingdom,2
16071,45,1,326.24,326.24,21,180,0,0.0,United Kingdom,2
16072,288,1,584.3199999999999,584.3199999999999,23,140,0,0.0,United Kingdom,1
16073,292,2,94.35,47.175,1,37,5,0.5,United Kingdom,1
16076,3,11,2173.53,197.5936363636364,71,1363,205,0.015267175572519,United Kingdom,0
16078,284,1,79.2,79.2,1,16,0,0.0,United Kingdom,1
16079,17,3,1352.0,450.6666666666667,18,864,23,0.0,United Kingdom,2
16080,82,3,176.6,58.86666666666667,10,104,192,0.0909090909090909,United Kingdom,2
16081,56,5,2806.9,561.38,175,1477,310,0.0,United Kingdom,0
16083,101,2,1317.62,658.81,31,908,259,0.0,United Kingdom,0
16084,299,1,436.18,436.18,38,216,0,0.0,United Kingdom,1
16085,23,5,981.51,196.302,123,636,297,0.0,United Kingdom,0
16086,59,6,1119.31,186.55166666666665,24,510,307,0.025,United Kingdom,0
16091,155,2,315.06,157.53,16,154,43,0.0,United Kingdom,2
16092,99,5,779.36,155.872,37,602,155,0.0377358490566037,United Kingdom,2
16093,107,1,17.0,17.0,1,20,0,0.0,United Kingdom,2
16094,12,6,1041.83,173.63833333333332,48,633,325,0.0597014925373134,United Kingdom,0
16096,264,1,320.62,320.62,12,155,0,0.0,United Kingdom,1
16097,240,1,185.05,185.05,10,87,0,0.0,United Kingdom,1
16098,88,7,2005.63,286.5185714285714,34,613,286,0.0,United Kingdom,0
16099,50,3,731.9,243.96666666666667,29,434,175,0.0,United Kingdom,0
16101,9,3,1245.96,415.32,76,738,61,0.0843373493975903,United Kingdom,2
16102,42,3,1842.14,614.0466666666667,41,942,86,0.0,United Kingdom,2
16103,7,6,1429.64,238.2733333333333,30,558,226,0.0,United Kingdom,0
16104,62,1,302.36,302.36,28,123,0,0.0,United Kingdom,2
16105,249,1,336.96,336.96,13,330,0,0.0,United Kingdom,1
16106,66,1,108.38,108.38,6,74,0,0.0,United Kingdom,2
16107,18,7,3204.1600000000003,457.7371428571429,16,1176,165,0.0,United Kingdom,0
16108,85,2,816.1,408.05,48,599,0,0.0204081632653061,United Kingdom,2
16109,219,2,611.88,305.94,18,612,89,0.0,United Kingdom,1
16110,45,3,1337.48,445.82666666666665,283,733,266,0.0,United Kingdom,0
16112,143,4,195.74,48.935,15,574,195,0.0,United Kingdom,0
16113,183,1,161.38,161.38,30,176,0,0.0,United Kingdom,1
16114,171,1,135.75000000000003,135.75000000000003,8,43,0,0.0,United Kingdom,1
16115,10,8,1667.97,208.49625,169,1001,282,0.0,United Kingdom,0
16116,206,2,592.88,296.44,34,246,5,0.0285714285714285,United Kingdom,1
16117,190,1,232.21,232.21,30,130,0,0.0,United Kingdom,1
16119,8,2,423.36,211.68,14,240,64,0.0,United Kingdom,2
16120,59,5,1294.14,258.82800000000003,26,866,0,0.0625,United Kingdom,2
16121,57,2,867.11,433.555,170,586,158,0.0,United Kingdom,0
16122,73,4,684.4200000000001,171.10500000000002,26,1128,293,0.0,United Kingdom,0
16123,52,1,307.78,307.78,16,170,0,0.0,United Kingdom,2
16124,316,2,187.15,93.575,11,41,1,0.3125,United Kingdom,1
16125,367,1,289.35,289.35,13,124,0,0.0,United Kingdom,1
16126,29,4,6287.77,1571.9425,57,2125,267,0.0,United Kingdom,0
16127,39,1,656.25,656.25,40,323,0,0.0,United Kingdom,2
16128,18,5,1880.22,376.044,76,988,264,0.0,United Kingdom,0
16131,52,6,3506.54,584.4233333333333,55,1802,188,0.0,United Kingdom,0
16133,4,46,14305.66,310.99260869565217,220,8737,314,0.0714285714285714,United Kingdom,0
16134,22,3,603.69,201.23,34,357,337,0.0789473684210526,United Kingdom,0
16135,263,1,517.55,517.55,21,209,0,0.0,United Kingdom,1
16136,60,3,709.38,236.46,35,440,217,0.0,United Kingdom,0
16138,368,1,0.01,0.01,1,-1,0,1.0,United Kingdom,1
16139,19,3,635.41,211.8033333333333,25,330,187,0.0,United Kingdom,0
16140,53,4,703.77,175.9425,33,727,318,0.054054054054054,United Kingdom,0
16141,88,1,620.4,620.4,30,238,0,0.0,United Kingdom,2
16142,250,1,535.34,535.34,37,422,0,0.0,United Kingdom,1
16143,3,7,2419.84,345.6914285714286,75,917,365,0.0084745762711864,United Kingdom,0
16144,247,1,175.2,175.2,1,16,0,0.0,United Kingdom,1
16145,9,18,3741.98,207.88777777777776,134,3072,351,0.0548523206751054,United Kingdom,0
16146,157,3,734.13,244.71,26,427,74,0.0,United Kingdom,2
16147,134,1,375.0,375.0,22,246,0,0.0,United Kingdom,2
16148,296,1,76.32000000000001,76.32000000000001,1,72,0,0.0,United Kingdom,1
16149,5,2,280.52,140.26,18,308,137,0.0,United Kingdom,2
16150,39,10,1906.07,190.607,91,1004,333,0.1397058823529411,United Kingdom,0
16152,269,1,1829.04,1829.04,29,642,0,0.0,United Kingdom,1
16153,50,5,1824.23,364.846,78,1073,305,0.0,United Kingdom,0
16156,9,13,3024.62,232.6630769230769,109,1270,302,0.0647482014388489,United Kingdom,0
16157,16,4,644.24,161.06,12,344,56,0.0526315789473684,United Kingdom,2
16159,282,1,348.2,348.2,14,236,0,0.0,United Kingdom,1
16160,64,4,1009.45,252.3625,20,1153,21,0.0909090909090909,United Kingdom,2
16161,2,26,5352.97,205.88346153846155,293,2506,367,0.0557768924302788,United Kingdom,0
16162,252,1,37.4,37.4,2,4,0,0.0,United Kingdom,1
16163,225,3,441.6,147.2,5,92,140,0.1428571428571428,United Kingdom,1
16164,17,4,802.53,200.6325,27,432,25,0.0285714285714285,United Kingdom,2
16168,11,28,3770.6,134.6642857142857,57,1888,359,0.0101010101010101,United Kingdom,0
16169,8,4,1822.97,455.7425,71,1325,67,0.0,United Kingdom,2
16170,51,7,1880.42,268.63142857142856,106,1766,197,0.0157480314960629,United Kingdom,0
16171,59,1,73.2,73.2,3,24,0,0.0,United Kingdom,2
16172,95,5,1140.21,228.042,52,787,146,0.0,United Kingdom,2
16173,16,7,1406.57,200.9385714285714,70,571,82,0.0344827586206896,United Kingdom,2
16174,126,3,1009.55,336.5166666666667,19,651,25,0.0,United Kingdom,2
16175,94,4,1037.59,259.3975,45,533,145,0.0,United Kingdom,2
16177,50,1,331.95,331.95,15,95,0,0.0,United Kingdom,2
16178,138,1,197.9,197.9,8,94,0,0.0,United Kingdom,2
16179,61,1,215.83,215.83,11,99,0,0.0,United Kingdom,2
16180,100,10,10217.48,1021.748,92,5853,152,0.0795454545454545,United Kingdom,0
16181,73,1,305.54,305.54,11,152,0,0.0,United Kingdom,2
16182,72,4,6617.65,1654.4125,17,3791,222,0.0,United Kingdom,0
16183,67,1,338.71000000000004,338.71000000000004,15,113,0,0.0,United Kingdom,2
16184,64,7,1155.54,165.07714285714286,26,560,147,0.0217391304347826,United Kingdom,2
16185,17,2,529.41,264.705,31,260,215,0.0,United Kingdom,0
16186,23,13,3991.94,307.0723076923077,87,3008,349,0.0045662100456621,United Kingdom,0
16187,32,17,6841.24,402.4258823529412,160,5004,252,0.0067340067340067,United Kingdom,0
16188,45,4,981.86,245.465,65,782,198,0.0,United Kingdom,0
16189,16,2,215.48,107.74,9,134,69,0.0,United Kingdom,2
16190,40,1,215.08,215.08,6,88,0,0.0,United Kingdom,2
16191,3,25,4913.32,196.5328,67,3203,357,0.1125827814569536,United Kingdom,0
16193,237,1,314.45,314.45,19,219,0,0.0,United Kingdom,1
16198,75,1,400.681,400.681,15,129,0,0.0,United Kingdom,2
16200,4,2,1080.62,540.3100000000001,149,523,159,0.0,United Kingdom,0
16201,3,5,1821.52,364.304,74,1267,106,0.0347826086956521,United Kingdom,2
16202,361,1,365.27,365.27,18,191,0,0.0,United Kingdom,1
16203,59,5,589.15,117.83,27,261,313,0.0277777777777777,United Kingdom,0
16204,23,1,405.71,405.71,45,231,0,0.0,United Kingdom,2
16205,31,4,761.38,190.345,73,517,148,0.0,United Kingdom,2
16206,55,4,537.0600000000001,134.265,52,272,272,0.0,United Kingdom,0
16207,25,1,394.38,394.38,19,140,0,0.0,United Kingdom,2
16208,45,2,664.26,332.13,61,333,244,0.0,United Kingdom,0
16209,89,5,2262.62,452.524,37,1179,157,0.0,United Kingdom,0
16210,2,18,21086.3,1171.461111111111,74,7559,372,0.0,United Kingdom,0
16211,81,2,542.77,271.385,23,153,7,0.0416666666666666,United Kingdom,2
16212,19,3,681.19,227.06333333333336,40,241,264,0.0465116279069767,United Kingdom,0
16213,79,1,159.0,159.0,6,48,0,0.0,United Kingdom,2
16214,171,3,1062.75,354.25,36,420,98,0.0,United Kingdom,2
16215,81,1,242.35,242.35,14,104,0,0.0,United Kingdom,2
16216,267,1,914.93,914.93,37,254,0,0.0,United Kingdom,1
16217,235,4,259.39000000000004,64.84750000000001,14,76,46,0.2105263157894736,United Kingdom,1
16218,30,8,3054.87,381.85875,56,2077,343,0.0666666666666666,United Kingdom,0
16221,37,3,864.86,288.2866666666667,90,717,330,0.0,United Kingdom,0
16222,318,1,846.72,846.72,120,365,0,0.0,United Kingdom,1
16224,57,4,1295.3,323.825,90,1116,192,0.0,United Kingdom,0
16225,45,5,1096.32,219.264,109,493,232,0.0,United Kingdom,0
16226,203,3,255.12,85.04,6,192,32,0.0,United Kingdom,1
16227,219,2,308.32000000000005,154.16000000000005,6,88,6,0.1428571428571428,United Kingdom,1
16229,87,2,1010.6,505.3,46,318,125,0.0,United Kingdom,2
16230,190,2,542.03,271.015,32,365,30,0.0,United Kingdom,1
16232,33,5,983.23,196.646,24,547,182,0.0263157894736842,United Kingdom,0
16233,71,5,422.13,84.426,22,165,295,0.12,United Kingdom,0
16235,41,6,858.41,143.06833333333333,42,328,291,0.0416666666666666,United Kingdom,0
16236,78,1,432.2,432.2,20,184,0,0.0,United Kingdom,2
16239,57,3,372.9,124.3,18,218,132,0.0952380952380952,United Kingdom,2
16240,8,5,3693.81,738.762,127,1634,69,0.0492957746478873,United Kingdom,2
16241,10,13,2607.87,200.6053846153846,347,1453,360,0.0,United Kingdom,0
16242,8,8,3598.26,449.7825,184,1981,268,0.0033898305084745,United Kingdom,0
16243,34,2,409.1,204.55,49,110,21,0.0,United Kingdom,2
16244,212,2,1522.75,761.375,88,855,160,0.0,United Kingdom,1
16245,24,5,1352.36,270.47200000000004,80,1008,233,0.032258064516129,United Kingdom,0
16247,170,1,114.56,114.56,16,182,0,0.0,United Kingdom,1
16248,62,1,152.94,152.94,7,78,0,0.0,United Kingdom,2
16249,53,5,1800.07,360.014,67,950,186,0.0,United Kingdom,0
16250,261,2,389.44,194.72,22,208,112,0.0,United Kingdom,1
16252,366,1,0.01,0.01,21,-158,0,1.0,United Kingdom,1
16253,32,3,3665.62,1221.8733333333332,115,3137,223,0.0080645161290322,United Kingdom,0
16255,17,10,2609.3,260.93,146,1760,348,0.0145985401459854,United Kingdom,0
16256,258,2,732.63,366.315,13,577,8,0.0714285714285714,United Kingdom,1
16257,177,1,46.95,46.95,2,2,0,0.0,United Kingdom,1
16258,45,5,5203.51,1040.702,111,2994,173,0.0,United Kingdom,0
16260,51,1,1035.45,1035.45,18,311,0,0.0,United Kingdom,2
16261,17,4,746.83,186.7075,98,306,228,0.0,United Kingdom,0
16262,361,1,0.01,0.01,3,-5,0,1.0,United Kingdom,1
16265,9,11,5423.15,493.0136363636364,164,2627,355,0.0076923076923076,United Kingdom,0
16266,74,7,861.89,123.12714285714286,44,398,132,0.0,United Kingdom,2
16268,71,2,667.65,333.825,45,533,0,0.0,United Kingdom,2
16270,353,1,1141.24,1141.24,54,688,0,0.0,United Kingdom,1
16271,3,6,1423.29,237.215,90,1037,355,0.0074626865671641,United Kingdom,0
16272,117,1,411.7,411.7,25,224,0,0.0,United Kingdom,2
16274,373,1,357.95,357.95,64,155,0,0.0,United Kingdom,1
16275,197,1,559.87,559.87,33,336,0,0.0,United Kingdom,1
16276,177,1,810.6000000000001,810.6000000000001,6,420,0,0.0,United Kingdom,1
16278,23,3,537.83,179.27666666666667,23,109,76,0.08,United Kingdom,2
16279,21,4,1496.68,374.17,104,1052,312,0.018348623853211,United Kingdom,0
16281,72,1,2062.06,2062.06,17,934,0,0.0,United Kingdom,2
16282,340,1,168.3,168.3,11,114,0,0.0,United Kingdom,1
16283,6,7,1531.51,218.78714285714287,117,1222,202,0.0119047619047619,United Kingdom,0
16284,31,2,823.97,411.985,87,544,19,0.0,United Kingdom,2
16287,170,1,142.5,142.5,8,298,0,0.0,United Kingdom,1
16292,117,2,280.9,140.45,17,188,4,0.1052631578947368,United Kingdom,2
16293,9,12,2236.74,186.395,102,978,358,0.0166666666666666,United Kingdom,0
16295,10,4,1328.55,332.1375,70,841,54,0.0,United Kingdom,2
16297,213,4,275.4,68.85,21,180,56,0.1304347826086956,United Kingdom,1
16298,23,3,598.2,199.4,22,198,164,0.0,United Kingdom,2
16302,108,2,212.82,106.41,11,134,18,0.0833333333333333,United Kingdom,2
16303,26,4,5305.83,1326.4575,119,2621,307,0.029940119760479,United Kingdom,0
16305,139,1,361.22,361.22,22,256,0,0.0,United Kingdom,2
16306,214,9,602.27,66.91888888888889,36,471,153,0.0681818181818181,United Kingdom,1
16308,38,4,2560.0,640.0,1,8000,223,0.0,United Kingdom,0
16309,92,3,686.67,228.89,39,465,149,0.0454545454545454,United Kingdom,2
16311,18,2,616.26,308.13,35,394,31,0.0,United Kingdom,2
16313,3,2,274.15000000000003,137.07500000000002,16,165,46,0.0,United Kingdom,2
16315,331,1,226.37,226.37,14,75,0,0.0,United Kingdom,1
16316,64,12,2755.56,229.63,121,1466,293,0.032051282051282,United Kingdom,0
16317,120,3,1341.65,447.2166666666667,64,890,177,0.0,United Kingdom,0
16318,35,1,328.15,328.15,19,199,0,0.0,United Kingdom,2
16319,218,1,404.4,404.4,3,72,0,0.0,United Kingdom,1
16320,172,2,1038.46,519.23,56,732,40,0.0,Unspecified,2
16321,72,7,230.7,32.95714285714286,7,78,251,0.25,Australia,0
16322,1,2,326.75,163.375,28,231,35,0.0,United Kingdom,2
16323,196,1,207.50000000000003,207.50000000000003,1,50,0,0.0,United Kingdom,1
16324,128,3,428.68,142.89333333333337,100,282,48,0.0,United Kingdom,2
16325,44,5,510.54,102.108,14,164,201,0.1,United Kingdom,0
16326,6,15,3085.96,205.73066666666668,158,689,328,0.003125,United Kingdom,0
16327,14,6,3844.22,640.7033333333333,142,2571,355,0.0,United Kingdom,0
16330,18,4,242.21,60.5525,39,145,94,0.048780487804878,United Kingdom,2
16332,28,8,1583.2,197.9,125,793,277,0.0064935064935064,United Kingdom,0
16333,8,22,26626.8,1210.3090909090909,9,32184,302,0.0,United Kingdom,0
16337,37,1,151.05,151.05,10,87,0,0.0,United Kingdom,2
16338,157,1,214.8,214.8,11,94,0,0.0,United Kingdom,1
16339,284,1,109.95,109.95,17,23,0,0.0,United Kingdom,1
16340,107,1,549.07,549.07,124,501,0,0.0,United Kingdom,2
16341,25,6,1959.38,326.56333333333333,60,1388,176,0.0833333333333333,United Kingdom,0
16342,75,4,322.41,80.6025,10,157,104,0.0,United Kingdom,2
16343,16,2,370.48,185.24,29,195,0,0.0,United Kingdom,2
16344,158,1,101.1,101.1,1,18,0,0.0,United Kingdom,1
16345,44,1,575.41,575.41,35,289,0,0.0,United Kingdom,2
16347,11,2,887.65,443.825,61,353,25,0.0,United Kingdom,2
16348,32,7,1469.45,209.92142857142855,157,819,207,0.0,United Kingdom,0
16349,291,1,53.5,53.5,9,9,0,0.0,United Kingdom,1
16350,21,5,1100.47,220.094,41,542,344,0.05,United Kingdom,0
16351,333,1,153.9,153.9,8,90,0,0.0,United Kingdom,1
16352,18,2,494.44,247.22,28,300,20,0.0,United Kingdom,2
16353,4,23,6675.71,290.24826086956523,51,2006,366,0.0,United Kingdom,0
16354,63,2,395.8,197.9,38,150,9,0.0,United Kingdom,2
16356,198,4,210.32,52.580000000000005,20,92,79,0.03125,United Kingdom,1
16357,33,3,658.88,219.6266666666667,31,246,180,0.0,United Kingdom,0
16358,1,5,2024.95,404.99,82,1301,183,0.009090909090909,United Kingdom,0
16359,7,12,1460.37,121.6975,39,1154,324,0.0571428571428571,United Kingdom,0
16360,5,8,3411.69,426.46125,365,2128,83,0.0134128166915052,United Kingdom,2
16361,10,4,896.66,224.165,87,421,61,0.0,United Kingdom,2
16362,32,9,652.07,72.45222222222223,58,325,58,0.1,United Kingdom,2
16363,53,1,109.36,109.36,5,52,0,0.0,United Kingdom,2
16364,12,2,707.04,353.52,48,280,125,0.0,United Kingdom,2
16365,18,9,1540.42,171.1577777777778,45,504,349,0.0,United Kingdom,0
16366,19,1,327.3,327.3,18,256,0,0.0,United Kingdom,2
16367,37,2,804.49,402.245,123,647,325,0.0,United Kingdom,0
16368,2,2,497.43,248.715,58,260,25,0.0,United Kingdom,2
16369,18,3,1553.66,517.8866666666667,91,1035,178,0.0,United Kingdom,0
16370,82,4,1320.56,330.14,143,647,142,0.0,United Kingdom,2
16372,33,2,367.93,183.965,86,166,0,0.0,United Kingdom,2
16374,66,2,473.03,236.515,101,240,196,0.0,United Kingdom,0
16376,9,3,977.52,325.84,104,689,8,0.0234375,United Kingdom,2
16377,267,1,676.2,676.2,5,1500,0,0.0,United Kingdom,1
16378,247,3,362.95,120.98333333333332,22,267,63,0.0,United Kingdom,1
16379,4,5,2131.9,426.38,87,1408,74,0.0091743119266055,United Kingdom,2
16380,61,1,1780.59,1780.59,28,1524,0,0.0,United Kingdom,2
16383,75,2,668.36,334.18,80,475,193,0.0,United Kingdom,0
16384,90,2,584.5,292.25,33,260,174,0.0,United Kingdom,2
16385,60,3,555.89,185.29666666666665,52,261,306,0.0,United Kingdom,0
16386,29,2,317.2,158.6,76,224,225,0.0,United Kingdom,0
16387,323,1,94.36,94.36,4,44,0,0.0,United Kingdom,1
16389,53,5,1362.27,272.454,33,1230,229,0.0285714285714285,United Kingdom,0
16392,270,1,221.19,221.19,41,203,0,0.0,United Kingdom,1
16393,2,20,2941.05,147.0525,121,1529,366,0.0782122905027933,United Kingdom,0
16394,50,9,1412.06,156.89555555555555,61,2317,239,0.17,United Kingdom,0
16395,61,5,1486.9,297.38,150,1476,270,0.0,United Kingdom,0
16398,145,4,1631.15,407.7875,75,745,109,0.0465116279069767,United Kingdom,2
16399,19,2,408.57,204.285,68,264,216,0.0,United Kingdom,0
16400,95,1,303.93,303.93,28,172,0,0.0,United Kingdom,2
16401,1,20,4061.24,203.062,68,3858,326,0.0606060606060606,United Kingdom,0
16402,265,2,299.6,149.8,55,149,104,0.0,United Kingdom,1
16403,302,2,161.04999999999998,80.52499999999999,10,103,10,0.3333333333333333,United Kingdom,1
16404,70,1,443.05,443.05,23,157,0,0.0,United Kingdom,2
16405,302,2,167.25,83.625,3,187,7,0.0,United Kingdom,1
16406,19,1,163.07,163.07,54,122,0,0.0,United Kingdom,2
16407,13,10,2126.93,212.693,99,1124,299,0.0,United Kingdom,0
16409,36,5,2028.88,405.776,145,1306,281,0.0,United Kingdom,0
16411,19,2,214.65,107.325,41,132,349,0.0,United Kingdom,0
16412,54,1,151.83,151.83,25,73,0,0.0,United Kingdom,2
16413,57,1,262.2,262.2,30,148,0,0.0,United Kingdom,2
16414,22,2,126.25,63.125,5,27,258,0.0,United Kingdom,0
16415,44,1,210.35,210.35,45,187,0,0.0,United Kingdom,2
16416,27,4,1026.99,256.7475,60,655,29,0.0273972602739726,United Kingdom,2
16418,45,3,675.27,225.09,76,288,181,0.0,United Kingdom,0
16419,113,7,959.48,137.06857142857143,36,435,199,0.0192307692307692,United Kingdom,0
16422,17,75,33805.69,450.74253333333337,72,32592,351,0.075187969924812,United Kingdom,0
16423,25,1,346.12,346.12,18,230,0,0.0,United Kingdom,2
16424,191,2,82.56,41.28,6,82,145,0.1666666666666666,United Kingdom,1
16425,302,1,302.7,302.7,21,199,0,0.0,United Kingdom,1
16426,2,10,1908.25,190.825,211,1243,273,0.0,United Kingdom,0
16427,263,2,241.06,120.53,8,156,21,0.0,United Kingdom,1
16428,81,1,0.01,0.01,1,-1,0,1.0,United Kingdom,1
16429,106,1,284.55,284.55,2,9,0,0.0,United Kingdom,2
16430,57,1,300.85,300.85,6,103,0,0.0,United Kingdom,2
16431,213,3,642.81,214.27,51,453,84,0.0,United Kingdom,1
16432,64,1,287.4,287.4,8,276,0,0.0,United Kingdom,2
16433,28,1,184.26,184.26,17,106,0,0.0,United Kingdom,2
16434,29,7,1522.25,217.4642857142857,88,767,270,0.0,United Kingdom,0
16438,6,5,798.35,159.67000000000002,74,463,76,0.0,United Kingdom,2
16440,8,5,3640.67,728.134,186,2018,206,0.0,United Kingdom,0
16441,67,2,381.2,190.6,22,173,224,0.0,United Kingdom,0
16442,2,3,616.79,205.59666666666664,161,446,359,0.0,United Kingdom,0
16444,46,5,638.77,127.754,70,405,218,0.0232558139534883,United Kingdom,0
16445,34,1,230.51,230.51,62,111,0,0.0,United Kingdom,2
16446,1,3,2.8999999999941792,0.9666666666647264,3,2,204,0.25,United Kingdom,2
16447,136,1,259.01,259.01,34,223,0,0.0,United Kingdom,2
16448,198,1,188.89,188.89,19,78,0,0.0,United Kingdom,1
16449,191,3,674.69,224.89666666666668,40,359,89,0.0697674418604651,United Kingdom,1
16450,150,1,311.92,311.92,11,200,0,0.0,United Kingdom,2
16451,88,1,266.97,266.97,14,120,0,0.0,United Kingdom,2
16454,45,3,0.01,0.01,2,2,196,0.3333333333333333,United Kingdom,2
16455,64,7,1841.18,263.0257142857143,69,988,307,0.0,United Kingdom,0
16456,99,5,2158.37,431.674,80,1148,273,0.0,United Kingdom,0
16457,218,1,208.36,208.36,9,140,0,0.0,United Kingdom,1
16458,3,18,3482.74,193.4855555555556,52,2154,357,0.0,United Kingdom,0
16460,28,3,814.72,271.5733333333333,128,879,53,0.0,United Kingdom,2
16461,178,1,151.42,151.42,31,49,0,0.0,United Kingdom,1
16462,64,4,102.0,25.5,1,12,219,0.25,United Kingdom,0
16463,21,7,1383.7,197.67142857142855,74,1135,182,0.0352941176470588,United Kingdom,0
16464,20,3,1314.68,438.2266666666667,152,963,122,0.0,United Kingdom,2
16466,34,7,1603.46,229.06571428571428,103,789,258,0.0,United Kingdom,0
16468,74,1,74.9,74.9,2,31,0,0.0,United Kingdom,2
16469,24,4,650.43,162.6075,148,273,222,0.0,United Kingdom,0
16470,52,5,757.44,151.488,120,530,307,0.0058479532163742,United Kingdom,0
16471,275,1,223.95,223.95,13,141,0,0.0,United Kingdom,1
16473,165,4,314.86,78.715,18,195,171,0.0526315789473684,United Kingdom,2
16474,7,11,1811.47,164.67909090909092,237,918,137,0.0217391304347826,United Kingdom,0
16475,88,4,544.3,136.075,23,319,185,0.0,United Kingdom,0
16477,64,7,2494.46,356.3514285714286,111,1415,307,0.0,United Kingdom,0
16478,25,3,331.0,110.33333333333331,15,224,40,0.0,United Kingdom,2
16479,10,2,300.83,150.415,35,102,0,0.0,United Kingdom,2
16480,76,1,769.29,769.29,51,455,0,0.0,United Kingdom,2
16482,16,1,220.62,220.62,18,346,0,0.0,United Kingdom,2
16483,192,1,139.35,139.35,19,44,0,0.0,United Kingdom,1
16484,174,3,379.4,126.46666666666664,25,194,17,0.0384615384615384,United Kingdom,1
16485,77,1,363.65,363.65,41,235,0,0.0,United Kingdom,2
16488,33,4,492.2,123.05,28,724,115,0.064516129032258,United Kingdom,2
16491,47,1,731.5,731.5,39,478,0,0.0,United Kingdom,2
16493,73,6,1329.66,221.61,40,1113,257,0.0967741935483871,United Kingdom,0
16494,297,1,826.53,826.53,47,675,0,0.0,United Kingdom,1
16495,3,3,684.41,228.13666666666663,78,337,272,0.0,United Kingdom,0
16496,9,4,1562.22,390.555,92,1091,308,0.0206185567010309,United Kingdom,0
16497,50,6,2965.69,494.2816666666667,128,1396,283,0.0,United Kingdom,0
16498,161,3,86.12,28.706666666666667,15,42,0,0.0625,United Kingdom,1
16499,360,5,319.1,63.82000000000001,20,122,5,0.1363636363636363,United Kingdom,1
16500,5,6,400.86,66.81,8,123,326,0.0,United Kingdom,0
16503,107,5,1421.43,284.286,71,567,253,0.0232558139534883,United Kingdom,0
16504,25,1,484.38,484.38,76,524,0,0.0,United Kingdom,2
16505,32,1,777.6,777.6,4,576,0,0.0,United Kingdom,2
16506,20,2,90.3,45.150000000000006,3,42,20,0.0,United Kingdom,2
16509,297,1,363.7,363.7,13,64,0,0.0,United Kingdom,1
16510,372,1,248.1,248.1,13,92,0,0.0,United Kingdom,1
16511,22,3,950.26,316.75333333333333,135,417,244,0.0,United Kingdom,0
16513,5,4,874.59,218.6475,33,407,38,0.0,United Kingdom,2
16515,52,5,1627.13,325.42600000000004,89,833,259,0.0,United Kingdom,0
16516,30,1,101.7,101.7,6,58,0,0.0,United Kingdom,2
16517,277,1,162.7,162.7,17,96,0,0.0,United Kingdom,1
16518,61,3,480.92,160.30666666666667,36,325,222,0.0476190476190476,United Kingdom,0
16519,25,2,215.08,107.54,13,54,340,0.0,United Kingdom,0
16520,186,4,1036.62,259.15500000000003,129,557,179,0.0063694267515923,United Kingdom,0
16523,2,28,9295.67,331.98821428571426,151,4233,313,0.0268456375838926,United Kingdom,0
16525,2,29,11895.57,410.1920689655173,75,6493,364,0.085,United Kingdom,0
16526,172,1,290.36,290.36,15,106,0,0.0,United Kingdom,1
16527,81,1,228.06,228.06,14,106,0,0.0,United Kingdom,2
16528,4,1,244.41,244.41,17,171,0,0.0,United Kingdom,2
16529,190,1,455.25,455.25,30,198,0,0.0,United Kingdom,1
16531,22,7,1244.59,177.79857142857142,68,915,338,0.0,United Kingdom,0
16532,18,3,6748.8,2249.6,2,2016,320,0.0,United Kingdom,0
16533,19,5,1026.94,205.388,112,514,48,0.0220994475138121,United Kingdom,2
16535,5,1,593.75,593.75,31,356,0,0.0,United Kingdom,2
16536,107,2,539.02,269.51,49,250,2,0.0178571428571428,United Kingdom,2
16539,3,4,1388.81,347.2025,36,477,370,0.0,United Kingdom,0
16542,54,1,119.62,119.62,5,46,0,0.0,United Kingdom,2
16545,165,1,339.3,339.3,3,78,0,0.0,United Kingdom,1
16546,291,3,0.01,0.01,31,-303,81,0.1935483870967742,United Kingdom,1
16549,10,10,4154.64,415.46400000000006,445,2365,324,0.0,United Kingdom,0
16550,109,9,2266.25,251.80555555555557,163,1526,259,0.0383141762452107,United Kingdom,0
16551,96,3,922.12,307.37333333333333,26,970,240,0.0,United Kingdom,0
16552,243,2,379.73,189.865,17,219,130,0.0,United Kingdom,1
16553,163,14,5664.57,404.6121428571428,63,4595,203,0.0232558139534883,United Kingdom,0
16554,3,7,641.55,91.65,52,311,328,0.2972972972972973,United Kingdom,0
16555,35,2,285.89,142.945,15,175,74,0.0,United Kingdom,2
16556,67,7,3313.79,473.3985714285714,144,1890,293,0.0,United Kingdom,0
16557,24,2,281.85,140.925,11,111,113,0.0,United Kingdom,2
16558,1,24,8257.04,344.0433333333333,264,5346,365,0.0295358649789029,United Kingdom,0
16560,21,3,816.51,272.17,52,494,337,0.0175438596491228,United Kingdom,0
16561,6,2,511.12,255.56,29,244,54,0.0,United Kingdom,2
16563,54,1,1077.74,1077.74,19,486,0,0.0,United Kingdom,2
16565,364,1,173.7,173.7,3,46,0,0.0,United Kingdom,1
16566,15,6,614.01,102.335,14,361,277,0.0526315789473684,United Kingdom,0
16567,194,2,865.6,432.8,34,996,142,0.0,United Kingdom,1
16569,3,1,124.2,124.2,5,93,0,0.0,United Kingdom,2
16570,9,15,3622.95,241.53,70,2050,351,0.0526315789473684,United Kingdom,0
16571,3,5,1285.22,257.044,73,1176,278,0.1792452830188679,United Kingdom,0
16572,127,4,999.7,249.925,40,530,148,0.0172413793103448,United Kingdom,2
16573,74,4,648.41,162.1025,40,354,216,0.0869565217391304,United Kingdom,0
16574,71,1,451.44,451.44,28,416,0,0.0,United Kingdom,2
16579,365,1,0.01,0.01,1,-12,0,1.0,United Kingdom,1
16581,155,2,70.44,35.22,9,122,27,0.1818181818181818,United Kingdom,1
16582,113,1,313.62,313.62,6,164,0,0.0,United Kingdom,2
16583,374,1,233.45,233.45,14,111,0,0.0,United Kingdom,1
16584,80,3,908.03,302.6766666666667,25,635,174,0.0967741935483871,United Kingdom,0
16586,249,1,463.95,463.95,8,95,0,0.0,United Kingdom,1
16587,232,1,225.15,225.15,13,71,0,0.0,United Kingdom,1
16589,71,3,459.24,153.08,31,368,90,0.0,United Kingdom,2
16591,69,1,213.5,213.5,10,41,0,0.0,United Kingdom,2
16592,4,19,4073.28,214.38315789473685,142,2914,283,0.027027027027027,United Kingdom,0
16593,51,3,330.03,110.01,24,116,277,0.0,United Kingdom,0
16594,75,1,181.09,181.09,53,64,0,0.0,United Kingdom,2
16595,61,1,360.16,360.16,83,335,0,0.0,United Kingdom,2
16596,16,2,250.15,125.075,12,97,350,0.0,United Kingdom,0
16597,4,1,90.04,90.04,7,184,0,0.0,United Kingdom,2
16598,277,2,140.7,70.35,10,70,8,0.0909090909090909,United Kingdom,1
16600,4,6,813.52,135.58666666666667,50,1145,334,0.0,United Kingdom,0
16601,41,1,244.8,244.8,29,134,0,0.0,United Kingdom,2
16602,31,2,494.73,247.365,29,317,5,0.09375,United Kingdom,2
16603,75,2,482.47,241.235,34,480,16,0.0,United Kingdom,2
16607,18,16,3038.67,189.916875,140,2822,341,0.0114942528735632,United Kingdom,0
16609,15,9,5450.96,605.6622222222222,155,2410,237,0.0142857142857142,United Kingdom,0
16610,219,1,75.66,75.66,6,66,0,0.0,United Kingdom,1
16611,186,2,120.99,60.495000000000005,10,46,46,0.0909090909090909,United Kingdom,1
16612,33,4,1187.66,296.915,48,506,278,0.0,United Kingdom,0
16613,70,1,618.59,618.59,30,293,0,0.0,United Kingdom,2
16614,183,1,506.19,506.19,26,223,0,0.0,United Kingdom,1
16616,15,2,500.42,250.21,31,370,142,0.0,United Kingdom,2
16617,236,1,151.85,151.85,5,91,0,0.0,United Kingdom,1
16618,31,6,2630.64,438.44,79,1362,291,0.0103092783505154,United Kingdom,0
16619,254,2,204.41,102.205,14,129,10,0.125,United Kingdom,1
16620,4,2,178.96,89.48,9,88,257,0.0,United Kingdom,0
16621,52,4,813.48,203.37,22,302,226,0.0,United Kingdom,0
16623,246,1,129.45,129.45,5,39,0,0.0,United Kingdom,1
16624,81,2,810.5699999999999,405.285,44,488,116,0.0,United Kingdom,2
16625,275,1,333.08,333.08,23,164,0,0.0,United Kingdom,1
16626,1,20,4379.65,218.9825,86,2670,265,0.0271739130434782,United Kingdom,0
16627,79,1,322.8,322.8,20,162,0,0.0,United Kingdom,2
16628,30,6,2183.04,363.84,79,1202,205,0.0168067226890756,United Kingdom,0
16629,74,2,417.73,208.865,58,493,22,0.0,United Kingdom,2
16633,17,7,2878.15,411.1642857142857,115,1137,216,0.0065359477124183,United Kingdom,0
16634,223,2,217.9,108.95,9,82,149,0.0,United Kingdom,1
16637,32,5,1124.59,224.918,66,891,193,0.0416666666666666,United Kingdom,0
16638,23,11,1676.47,152.40636363636364,92,1254,346,0.0105263157894736,United Kingdom,0
16639,25,4,1169.38,292.345,48,503,210,0.0384615384615384,United Kingdom,0
16641,106,1,231.1,231.1,12,256,0,0.0,United Kingdom,2
16642,5,3,679.83,226.61,32,478,202,0.0285714285714285,United Kingdom,0
16643,246,1,487.51,487.51,27,269,0,0.0,United Kingdom,1
16644,178,2,833.78,416.89,62,826,34,0.0,United Kingdom,1
16647,170,2,214.06,107.03,12,146,35,0.0,United Kingdom,1
16648,39,2,270.86,135.42999999999998,19,269,4,0.0952380952380952,United Kingdom,2
16650,72,1,518.42,518.42,24,372,0,0.0,United Kingdom,2
16652,54,11,6654.26,604.9327272727273,75,3267,219,0.040650406504065,United Kingdom,0
16653,16,3,1166.92,388.97333333333336,67,723,55,0.0921052631578947,United Kingdom,2
16654,141,5,594.97,118.994,29,280,227,0.064516129032258,United Kingdom,0
16655,18,6,3794.52,632.42,208,2367,314,0.0,United Kingdom,0
16656,22,21,8568.24,408.01142857142855,14,8873,342,0.0875,United Kingdom,0
16657,10,4,933.62,233.405,158,1229,244,0.0,United Kingdom,0
16658,368,1,123.24,123.24,8,40,0,0.0,United Kingdom,1
16659,189,1,39.12,39.12,2,72,0,0.0,United Kingdom,1
16660,16,5,810.4499999999999,162.08999999999995,16,451,303,0.0588235294117647,United Kingdom,0
16665,362,1,135.39999999999998,135.39999999999998,9,59,0,0.0,United Kingdom,1
16666,19,1,118.98,118.98,32,233,0,0.0,United Kingdom,2
16667,68,2,570.13,285.065,52,237,216,0.0,United Kingdom,0
16668,15,6,306.72,51.12,9,318,269,0.0,United Kingdom,0
16669,24,4,1370.87,342.71750000000003,141,883,54,0.0062111801242236,United Kingdom,2
16670,17,17,4022.46,236.61529411764707,179,2524,341,0.0381679389312977,United Kingdom,0
16671,28,3,1692.27,564.09,3,875,136,0.0,United Kingdom,2
16672,2,23,8093.59,351.8952173913044,23,2812,264,0.0256410256410256,United Kingdom,0
16674,55,2,319.61,159.805,89,188,43,0.0,United Kingdom,2
16676,34,5,1558.72,311.744,75,631,303,0.0326086956521739,United Kingdom,0
16678,3,17,3013.83,177.28411764705882,93,2368,280,0.0411764705882352,United Kingdom,0
16679,366,1,129.75,129.75,3,29,0,0.0,United Kingdom,1
16680,43,1,183.7,183.7,10,94,0,0.0,United Kingdom,2
16681,73,6,1770.34,295.0566666666667,18,1407,180,0.0,United Kingdom,0
16682,5,5,1028.0,205.6,15,1040,183,0.0,United Kingdom,0
16684,4,31,65892.08,2125.5509677419354,120,49390,353,0.0142348754448398,United Kingdom,0
16685,61,2,324.24,162.12,60,396,0,0.0,United Kingdom,2
16686,47,9,3043.48,338.1644444444444,406,2025,307,0.0051020408163265,United Kingdom,0
16688,1,4,1260.86,315.215,52,804,59,0.0,United Kingdom,2
16689,76,3,303.26,101.08666666666666,13,168,6,0.1875,United Kingdom,2
16690,44,3,208.63,69.54333333333334,10,137,158,0.0769230769230769,United Kingdom,2
16692,256,2,1276.0,638.0,2,152,32,0.0,United Kingdom,1
16693,69,2,482.01,241.005,58,204,203,0.0,United Kingdom,0
16696,135,4,657.9000000000001,164.47500000000002,7,146,112,0.0,United Kingdom,2
16697,241,1,112.75,112.75,20,27,0,0.0,United Kingdom,1
16698,227,2,1998.0,999.0,4,840,26,0.0,United Kingdom,1
16700,9,17,5040.0,296.47058823529414,159,4019,357,0.0128205128205128,United Kingdom,0
16701,9,18,5150.27,286.1261111111111,99,6211,352,0.0649350649350649,United Kingdom,0
16705,1,29,13946.13,480.9010344827586,135,5458,358,0.0492957746478873,United Kingdom,0
16706,37,3,531.35,177.11666666666667,108,249,76,0.0,United Kingdom,2
16708,46,1,656.63,656.63,27,285,0,0.0,United Kingdom,2
16709,85,5,3029.87,605.9739999999999,64,851,197,0.0,United Kingdom,0
16710,19,10,2483.04,248.304,268,1836,349,0.0,United Kingdom,0
16711,3,5,1651.03,330.206,18,833,354,0.0,United Kingdom,0
16712,9,11,3645.43,331.40272727272725,259,1749,266,0.0,United Kingdom,0
16713,19,21,6840.2300000000005,325.7252380952381,339,4264,348,0.0126582278481012,United Kingdom,0
16714,219,4,911.53,227.8825,77,608,98,0.0106382978723404,United Kingdom,1
16715,78,1,301.72,301.72,19,642,0,0.0,United Kingdom,2
16716,267,3,319.8000000000001,106.60000000000004,1,44,44,0.3333333333333333,United Kingdom,1
16717,9,9,3278.36,364.2622222222223,178,1568,357,0.1567796610169491,United Kingdom,0
16718,369,1,623.75,623.75,41,413,0,0.0,United Kingdom,1
16719,15,8,1773.92,221.74,108,1202,353,0.0098522167487684,United Kingdom,0
16720,26,1,155.24,155.24,25,182,0,0.0,United Kingdom,2
16721,262,1,292.47,292.47,37,172,0,0.0,United Kingdom,1
16722,17,16,4711.21,294.450625,96,4989,351,0.0131578947368421,United Kingdom,0
16723,91,2,589.15,294.575,37,399,16,0.0,United Kingdom,2
16725,302,8,775.07,96.88375,110,293,69,0.006578947368421,United Kingdom,1
16726,26,5,1382.02,276.404,121,977,335,0.0,United Kingdom,0
16727,364,1,272.82,272.82,41,177,0,0.0,United Kingdom,1
16728,46,4,1054.67,263.6675,218,677,218,0.0,United Kingdom,0
16729,36,26,7076.28,272.1646153846154,235,5769,205,0.0119760479041916,United Kingdom,0
16730,52,4,702.79,175.6975,75,898,267,0.0238095238095238,United Kingdom,0
16732,32,1,603.75,603.75,28,317,0,0.0,United Kingdom,2
16734,52,3,650.51,216.83666666666667,44,346,61,0.0,United Kingdom,2
16735,79,7,2269.21,324.17285714285714,88,1554,255,0.0234375,United Kingdom,0
16737,53,1,417.6,417.6,1,288,0,0.0,United Kingdom,2
16738,298,1,3.75,3.75,1,3,0,0.0,United Kingdom,1
16739,172,2,312.55,156.275,13,169,4,0.1875,United Kingdom,1
16742,47,2,0.01,0.01,4,-189,0,0.75,United Kingdom,2
16743,29,8,2191.84,273.98,89,2010,329,0.0103626943005181,United Kingdom,0
16744,11,7,1304.76,186.3942857142857,198,805,161,0.0,United Kingdom,0
16745,87,18,7170.7,398.3722222222222,148,6727,225,0.0027932960893854,United Kingdom,0
16746,5,19,6694.31,352.3321052631579,234,4662,354,0.0066371681415929,United Kingdom,0
16747,25,4,826.96,206.74,34,577,42,0.0666666666666666,United Kingdom,2
16748,18,5,1515.9,303.18,42,880,316,0.0,United Kingdom,0
16750,45,5,623.93,124.786,74,214,187,0.0,United Kingdom,0
16751,31,1,1764.72,1764.72,24,1031,0,0.0,United Kingdom,2
16752,373,1,207.5,207.5,9,54,0,0.0,United Kingdom,1
16753,58,1,223.92,223.92,34,189,0,0.0,United Kingdom,2
16754,372,1,2002.4,2002.4,2,4280,0,0.0,United Kingdom,1
16755,114,5,1484.63,296.92600000000004,134,1058,201,0.034090909090909,United Kingdom,0
16756,215,1,239.4,239.4,13,106,0,0.0,United Kingdom,1
16757,319,1,106.83,106.83,7,81,0,0.0,United Kingdom,1
16758,65,1,369.34,369.34,22,203,0,0.0,United Kingdom,2
16759,8,4,772.84,193.21,40,608,23,0.0232558139534883,United Kingdom,2
16761,97,1,316.62,316.62,13,341,0,0.0,United Kingdom,2
16762,20,3,1501.38,500.46,51,618,124,0.0,United Kingdom,2
16763,185,2,594.9,297.45,23,318,13,0.0416666666666666,United Kingdom,1
16764,4,18,2758.25,153.23611111111111,209,1247,139,0.0167130919220055,United Kingdom,0
16765,294,1,34.0,34.0,1,4,0,0.0,United Kingdom,1
16766,273,2,1145.6,572.8,17,536,0,0.0,United Kingdom,1
16767,31,11,5580.6,507.3272727272728,148,4435,285,0.0,United Kingdom,0
16768,48,5,458.04,91.608,47,191,224,0.0689655172413793,United Kingdom,0
16769,260,1,380.39,380.39,33,83,0,0.0,United Kingdom,1
16770,58,6,744.9,124.15,116,452,314,0.0068493150684931,United Kingdom,0
16771,33,5,2246.81,449.362,200,1489,304,0.0,United Kingdom,0
16773,57,1,171.59,171.59,23,171,0,0.0,United Kingdom,2
16774,68,5,654.92,130.98399999999998,36,318,110,0.0204081632653061,United Kingdom,2
16775,10,11,1695.66,154.1509090909091,84,440,357,0.0,United Kingdom,0
16776,60,1,388.28,388.28,61,262,0,0.0,United Kingdom,2
16777,80,2,226.35,113.175,45,64,176,0.0,United Kingdom,2
16778,74,2,245.94,122.97,16,194,199,0.0,United Kingdom,0
16779,2,28,10454.05,373.3589285714285,161,5236,364,0.0319767441860465,United Kingdom,0
16780,100,2,425.19,212.595,51,271,158,0.0,United Kingdom,2
16781,365,2,294.65,147.325,17,111,7,0.1052631578947368,United Kingdom,1
16782,10,19,2242.25,118.01315789473684,103,703,357,0.0355329949238578,United Kingdom,0
16784,20,1,107.6,107.6,3,24,0,0.0,United Kingdom,2
16788,123,2,597.48,298.74,138,311,131,0.0,United Kingdom,2
16789,8,1,80.8,80.8,5,32,0,0.0,United Kingdom,2
16790,4,8,1520.12,190.015,88,892,34,0.0210526315789473,United Kingdom,2
16791,29,8,1706.28,213.285,218,759,303,0.0062111801242236,United Kingdom,0
16792,282,2,110.38,55.190000000000005,11,44,0,0.0,United Kingdom,1
16793,57,1,243.84,243.84,16,146,0,0.0,United Kingdom,2
16794,1,12,1201.51,100.12583333333332,142,933,179,0.0069686411149825,United Kingdom,0
16795,365,1,414.88,414.88,64,239,0,0.0,United Kingdom,1
16796,89,1,305.62,305.62,18,186,0,0.0,United Kingdom,2
16800,11,1,1201.49,1201.49,148,540,0,0.0,United Kingdom,2
16801,163,5,867.83,173.566,72,313,110,0.371900826446281,United Kingdom,2
16803,65,1,332.3,332.3,24,245,0,0.0,United Kingdom,2
16804,23,3,536.99,178.99666666666667,59,246,247,0.0,United Kingdom,0
16805,174,2,460.59,230.295,94,539,186,0.0,United Kingdom,0
16806,103,4,801.49,200.3725,68,378,135,0.0,United Kingdom,2
16807,143,3,1121.59,373.8633333333333,57,778,128,0.0,United Kingdom,2
16808,99,2,288.42,144.21,21,196,175,0.0,United Kingdom,2
16809,23,6,912.74,152.1233333333333,79,651,239,0.0066666666666666,United Kingdom,0
16810,192,2,275.64,137.82,16,112,168,0.0625,United Kingdom,1
16811,5,2,547.07,273.535,26,477,12,0.0,United Kingdom,2
16812,361,1,479.35,479.35,15,81,0,0.0,United Kingdom,1
16813,8,10,1692.98,169.298,248,1525,196,0.0,United Kingdom,0
16814,14,22,6500.6,295.4818181818182,122,2768,355,0.003076923076923,United Kingdom,0
16816,103,4,417.06,104.265,28,274,254,0.0,United Kingdom,0
16817,3,13,1446.95,111.30384615384617,76,762,365,0.0947368421052631,United Kingdom,0
16818,11,13,3317.97,255.22846153846152,172,2162,194,0.0105263157894736,United Kingdom,0
16820,96,1,497.61,497.61,26,307,0,0.0,United Kingdom,2
16823,227,1,358.38,358.38,34,136,0,0.0,United Kingdom,1
16824,16,2,460.64,230.32,23,236,148,0.0,United Kingdom,2
16825,39,2,775.1800000000001,387.59,27,566,147,0.0,United Kingdom,2
16826,51,1,341.7,341.7,22,158,0,0.0,United Kingdom,2
16828,93,2,128.5,64.25,8,59,19,0.0,United Kingdom,2
16829,157,1,197.22,197.22,11,99,0,0.0,United Kingdom,1
16830,39,1,325.91,325.91,23,264,0,0.0,United Kingdom,2
16832,184,3,199.15,66.38333333333334,11,33,33,0.0,United Kingdom,1
16833,1,4,1106.53,276.6325,46,440,333,0.0,United Kingdom,0
16834,228,1,413.46,413.46,24,358,0,0.0,United Kingdom,1
16835,128,2,180.85,90.425,10,61,244,0.0,United Kingdom,0
16836,40,2,251.87,125.935,11,165,76,0.0,United Kingdom,2
16837,31,12,3167.73,263.9775,123,1562,214,0.0060240963855421,United Kingdom,0
16838,197,3,582.9,194.3,24,184,90,0.0384615384615384,United Kingdom,1
16839,9,39,15357.78,393.7892307692308,117,8470,360,0.1073825503355704,United Kingdom,0
16841,37,7,1774.62,253.51714285714283,101,2234,250,0.0085470085470085,United Kingdom,0
16842,64,4,1260.44,315.11,45,692,238,0.015625,United Kingdom,0
16843,43,17,10183.82,599.0482352941176,226,10154,284,0.0026385224274406,United Kingdom,0
16846,50,1,214.32,214.32,11,135,0,0.0,United Kingdom,2
16847,43,1,193.44,193.44,12,78,0,0.0,United Kingdom,2
16848,53,1,281.42,281.42,14,182,0,0.0,United Kingdom,2
16849,187,1,124.57,124.57,8,33,0,0.0,United Kingdom,1
16850,334,1,332.41,332.41,19,249,0,0.0,United Kingdom,1
16851,4,3,342.45,114.15,17,271,47,0.0,United Kingdom,2
16852,10,2,144.91000000000005,72.45500000000001,9,56,165,0.0,United Kingdom,2
16855,24,2,328.4,164.2,19,164,19,0.0,United Kingdom,2
16856,15,1,35.400000000000006,35.400000000000006,2,12,0,0.0,United Kingdom,2
16858,366,2,345.89000000000004,172.94500000000002,9,83,2,0.2307692307692307,United Kingdom,1
16859,106,5,473.14,94.628,50,656,155,0.2777777777777778,United Kingdom,2
16861,60,3,151.65,50.55,8,133,308,0.25,United Kingdom,0
16863,29,4,481.35,120.3375,25,392,337,0.0714285714285714,United Kingdom,0
16866,141,3,207.74,69.24666666666666,10,60,20,0.0,United Kingdom,2
16869,23,5,805.62,161.124,113,581,152,0.0077519379844961,United Kingdom,0
16871,22,7,2761.49,394.4985714285714,131,1250,248,0.014388489208633,United Kingdom,0
16872,77,3,680.02,226.6733333333333,5,600,107,0.0,United Kingdom,2
16873,5,10,7066.31,706.6310000000001,179,3825,359,0.0346020761245674,United Kingdom,0
16875,64,9,2023.47,224.83,94,1044,275,0.089430894308943,United Kingdom,0
16877,12,6,853.72,142.28666666666666,111,463,195,0.0,United Kingdom,0
16878,25,2,0.01,0.01,3,0,59,0.5,United Kingdom,2
16880,31,7,1519.08,217.01142857142852,121,753,158,0.0,United Kingdom,0
16881,67,1,432.0,432.0,1,600,0,0.0,United Kingdom,2
16882,67,3,705.12,235.04,39,424,250,0.0,United Kingdom,0
16883,187,2,276.73,138.365,33,104,184,0.0,United Kingdom,1
16884,38,2,429.84,214.92,26,320,0,0.0,United Kingdom,2
16885,15,3,471.51,157.17,82,184,341,0.0,United Kingdom,0
16887,35,1,194.88,194.88,35,157,0,0.0,United Kingdom,2
16889,195,3,1578.67,526.2233333333334,112,925,142,0.0,United Kingdom,2
16891,2,5,809.7,161.94,166,283,369,0.0,United Kingdom,0
16892,1,7,496.84,70.97714285714287,88,235,321,0.0198019801980198,United Kingdom,0
16893,367,1,145.93,145.93,44,62,0,0.0,United Kingdom,1
16895,65,1,219.14,219.14,57,102,0,0.0,United Kingdom,2
16897,299,3,213.03,71.01,37,58,14,0.1590909090909091,United Kingdom,1
16898,26,4,444.46,111.115,151,386,342,0.0061349693251533,United Kingdom,0
16899,8,6,1281.56,213.59333333333333,80,522,352,0.0,United Kingdom,0
16900,12,5,187.6900000000001,37.538000000000025,79,723,51,0.0365853658536585,United Kingdom,2
16902,116,1,1706.88,1706.88,43,629,0,0.0,United Kingdom,2
16903,29,1,373.24,373.24,50,262,0,0.0,United Kingdom,2
16904,4,16,3754.27,234.641875,387,2034,362,0.0,United Kingdom,0
16905,5,8,3085.48,385.685,117,1407,366,0.0047846889952153,United Kingdom,0
16906,82,4,579.77,144.9425,74,281,166,0.0,United Kingdom,0
16907,29,5,981.65,196.33,89,298,336,0.0,United Kingdom,0
16909,64,2,364.14,182.07,18,434,8,0.0526315789473684,United Kingdom,2
16910,4,8,1510.06,188.7575,318,886,86,0.0,United Kingdom,2
16912,23,14,2528.67,180.61928571428567,89,1014,300,0.0380952380952381,United Kingdom,0
16913,290,1,113.44,113.44,8,82,0,0.0,United Kingdom,1
16914,36,1,208.46,208.46,25,121,0,0.0,United Kingdom,2
16915,9,6,621.6800000000001,103.61333333333334,46,132,274,0.0,United Kingdom,0
16916,24,2,576.26,288.13,129,440,348,0.0,United Kingdom,0
16917,277,1,391.52,391.52,9,232,0,0.0,United Kingdom,1
16918,50,7,1043.34,149.04857142857142,97,708,267,0.0153846153846153,United Kingdom,0
16919,156,11,2596.45,236.04090909090908,141,1413,212,0.0,United Kingdom,0
16921,61,1,169.79,169.79,50,171,0,0.0,United Kingdom,2
16923,12,26,6666.83,256.41653846153844,316,3183,350,0.0344827586206896,United Kingdom,0
16924,21,4,739.5,184.875,69,480,62,0.0674157303370786,United Kingdom,2
16926,371,1,230.25,230.25,14,35,0,0.0,United Kingdom,1
16927,116,3,543.05,181.01666666666665,5,993,245,0.0,United Kingdom,0
16928,80,19,2781.5,146.39473684210526,72,2094,292,0.0187793427230046,United Kingdom,0
16929,4,7,1295.39,185.0557142857143,51,929,151,0.0,United Kingdom,0
16930,26,3,380.55,126.85,47,341,42,0.0,United Kingdom,2
16931,5,21,4604.22,219.24857142857144,448,3158,364,0.0,United Kingdom,0
16932,53,1,161.94,161.94,44,87,0,0.0,United Kingdom,2
16933,1,5,530.08,106.016,44,281,238,0.1020408163265306,United Kingdom,0
16934,55,2,950.93,475.465,59,399,0,0.0,United Kingdom,2
16936,26,1,262.68,262.68,56,173,0,0.0,United Kingdom,2
16938,9,5,1903.13,380.626,212,1025,300,0.0041322314049586,United Kingdom,0
16940,52,3,3049.88,1016.6266666666668,226,2169,237,0.0,United Kingdom,0
16942,13,10,1894.11,189.411,159,807,215,0.0070671378091872,United Kingdom,0
16943,212,3,816.73,272.24333333333334,23,145,106,0.0,United Kingdom,1
16945,22,19,4345.5,228.71052631578948,137,2725,336,0.0,United Kingdom,0
16947,236,1,406.48,406.48,21,312,0,0.0,United Kingdom,1
16948,139,3,435.02,145.00666666666666,15,1614,187,0.0,United Kingdom,2
16949,4,7,1161.27,165.8957142857143,57,790,312,0.0163934426229508,United Kingdom,0
16950,57,3,1178.56,392.8533333333333,39,644,310,0.0,United Kingdom,0
16951,123,4,1262.75,315.6875,73,1306,180,0.0114942528735632,United Kingdom,0
16952,109,2,167.61,83.805,16,92,0,0.0,United Kingdom,2
16953,30,1,20.8,20.8,1,10,0,0.0,United Kingdom,2
16954,1,9,2085.08,231.67555555555555,40,1054,358,0.0,United Kingdom,0
16955,185,5,493.67,98.734,18,246,188,0.0384615384615384,United Kingdom,1
16956,9,2,292.34,146.17,16,112,8,0.1111111111111111,United Kingdom,2
16957,239,2,416.64,208.32,15,172,42,0.0,United Kingdom,1
16959,87,1,117.35,117.35,7,49,0,0.0,United Kingdom,2
16960,39,3,507.05,169.01666666666668,92,304,213,0.0,United Kingdom,0
16961,116,1,234.17,234.17,14,125,0,0.0,United Kingdom,2
16963,187,1,110.55,110.55,7,35,0,0.0,United Kingdom,1
16965,227,1,201.19,201.19,26,291,0,0.0,United Kingdom,1
16966,8,10,2148.47,214.847,9,1978,231,0.0967741935483871,United Kingdom,0
16967,189,1,319.02,319.02,21,333,0,0.0,United Kingdom,1
16968,4,2,439.43,219.715,31,326,103,0.0,United Kingdom,2
16969,39,3,650.41,216.8033333333333,42,816,152,0.0,United Kingdom,2
16971,3,2,232.21,116.105,41,71,35,0.0238095238095238,United Kingdom,2
16976,267,1,251.52,251.52,2,88,0,0.0,United Kingdom,1
16978,78,1,344.33,344.33,39,166,0,0.0,United Kingdom,2
16979,4,8,1809.05,226.13125,64,860,294,0.0219780219780219,United Kingdom,0
16980,255,2,1078.96,539.48,71,788,36,0.0,United Kingdom,1
16982,61,1,384.06,384.06,22,182,0,0.0,United Kingdom,2
16983,13,8,1920.2,240.025,112,1366,356,0.0067114093959731,United Kingdom,0
16984,78,5,4392.42,878.484,354,2408,52,0.0263157894736842,United Kingdom,2
16985,17,11,5461.62,496.5109090909091,62,1830,341,0.0082644628099173,United Kingdom,0
16986,30,2,1873.2,936.6,3,1040,0,0.0,United Kingdom,2
16987,3,7,1625.05,232.15,74,402,202,0.0,United Kingdom,0
16988,5,1,126.12,126.12,7,43,0,0.0,United Kingdom,2
16989,7,6,1133.25,188.875,7,1233,143,0.0,United Kingdom,2
16990,219,1,179.0,179.0,1,100,0,0.0,United Kingdom,1
16992,11,6,1601.86,266.9766666666667,85,857,299,0.0210526315789473,United Kingdom,0
16995,372,1,0.01,0.01,1,-1,0,1.0,United Kingdom,1
16996,30,9,1427.46,158.60666666666668,14,534,328,0.0975609756097561,United Kingdom,0
16997,288,3,702.0,234.0,7,360,37,0.0,United Kingdom,1
16998,150,6,287.02000000000004,47.83666666666667,2,73,154,0.3333333333333333,United Kingdom,1
16999,23,2,484.82,242.41,21,294,50,0.0,United Kingdom,2
17001,1,11,3989.57,362.6881818181818,75,2164,358,0.0,United Kingdom,0
17002,73,4,1487.78,371.945,41,678,217,0.02,United Kingdom,0
17004,46,2,1412.94,706.47,38,819,46,0.0,United Kingdom,2
17006,5,4,781.78,195.445,37,272,70,0.0,United Kingdom,2
17007,51,7,877.4300000000001,125.34714285714288,50,587,306,0.0188679245283018,United Kingdom,0
17010,17,2,185.46,92.73,11,116,1,0.0833333333333333,United Kingdom,2
17011,30,1,270.9,270.9,15,186,0,0.0,United Kingdom,2
17014,8,4,565.58,141.395,63,240,58,0.0133333333333333,United Kingdom,2
17015,29,3,1842.56,614.1866666666666,182,1981,156,0.0,United Kingdom,0
17017,3,27,8574.11,317.5596296296296,88,6613,369,0.0597014925373134,United Kingdom,0
17018,41,2,920.1,460.05,15,176,285,0.0,United Kingdom,0
17019,11,4,1272.61,318.1525,166,827,357,0.0,United Kingdom,0
17022,31,1,71.0,71.0,7,108,0,0.0,United Kingdom,2
17024,45,3,95.85,31.95,2,69,112,0.0,United Kingdom,2
17025,61,3,357.77,119.25666666666666,8,235,312,0.0,United Kingdom,0
17026,185,2,154.82999999999998,77.41499999999999,4,97,184,0.0,United Kingdom,1
17027,79,7,848.59,121.22714285714288,110,415,238,0.0129032258064516,United Kingdom,0
17029,111,2,716.0,358.0,1,400,126,0.0,United Kingdom,2
17030,64,1,146.87,146.87,11,146,0,0.0,United Kingdom,2
17031,12,2,380.35,190.175,19,235,143,0.0,United Kingdom,2
17033,86,3,1030.14,343.38000000000005,24,750,273,0.0,United Kingdom,0
17034,16,4,734.5699999999999,183.6425,28,406,271,0.0625,United Kingdom,0
17035,246,3,388.33,129.44333333333333,27,201,65,0.125,United Kingdom,1
17037,78,2,1253.22,626.61,75,652,9,0.0259740259740259,United Kingdom,2
17038,30,1,112.4,112.4,22,28,0,0.0,United Kingdom,2
17040,138,1,449.73,449.73,15,181,0,0.0,United Kingdom,2
17041,27,4,1065.77,266.4425,59,947,333,0.0140845070422535,United Kingdom,0
17042,3,5,1044.38,208.876,74,994,244,0.0,United Kingdom,0
17043,32,4,1735.18,433.795,100,998,234,0.0,United Kingdom,0
17044,9,3,897.4300000000001,299.1433333333334,8,487,350,0.4,United Kingdom,0
17045,113,3,339.44,113.14666666666666,20,106,134,0.0,United Kingdom,2
17046,157,1,642.02,642.02,22,510,0,0.0,United Kingdom,2
17047,85,3,1100.9,366.9666666666667,59,533,119,0.0,United Kingdom,2
17048,115,6,864.32,144.05333333333334,41,474,215,0.1041666666666666,United Kingdom,0
17049,3,11,5594.78,508.6163636363636,201,2669,273,0.0124223602484472,United Kingdom,0
17050,96,6,3228.84,538.14,169,1614,203,0.0,United Kingdom,0
17051,194,1,247.14,247.14,40,184,0,0.0,United Kingdom,1
17052,28,1,413.75,413.75,72,261,0,0.0,United Kingdom,2
17053,129,2,496.38,248.19,13,121,2,0.0714285714285714,United Kingdom,2
17054,28,6,1353.83,225.6383333333333,64,802,216,0.0119047619047619,United Kingdom,0
17058,82,3,1179.89,393.2966666666667,51,592,158,0.0,United Kingdom,2
17059,30,5,3095.04,619.008,292,1855,339,0.0,United Kingdom,0
17060,266,1,234.24,234.24,5,216,0,0.0,United Kingdom,1
17061,74,12,5116.13,426.3441666666667,57,1484,158,0.0198019801980198,United Kingdom,0
17062,314,5,534.47,106.894,53,428,55,0.0140845070422535,United Kingdom,1
17063,9,11,1421.59,129.23545454545453,66,763,280,0.048780487804878,United Kingdom,0
17064,59,3,859.35,286.45,53,318,268,0.0,United Kingdom,0
17065,143,1,0.01,0.01,1,-1,0,1.0,United Kingdom,1
17068,12,22,4531.34,205.97,116,2154,355,0.0033670033670033,United Kingdom,0
17069,28,13,2655.2200000000003,204.24769230769232,111,1482,345,0.0714285714285714,United Kingdom,0
17070,114,1,312.14,312.14,62,133,0,0.0,United Kingdom,2
17071,9,14,2385.48,170.39142857142858,102,1182,301,0.054054054054054,United Kingdom,0
17073,18,4,1446.09,361.5225,142,759,91,0.0,United Kingdom,2
17075,18,5,813.77,162.754,62,289,299,0.0375,United Kingdom,0
17076,36,3,841.0799999999999,280.36,17,295,328,0.0,United Kingdom,0
17078,36,2,378.2,189.1,28,788,0,0.0,United Kingdom,2
17079,78,1,118.8,118.8,2,24,0,0.0,United Kingdom,2
17080,22,3,285.5,95.16666666666669,8,164,247,0.1111111111111111,United Kingdom,0
17081,25,2,290.16,145.08,55,78,20,0.0,United Kingdom,2
17082,33,2,2003.85,1001.925,75,1049,285,0.0,United Kingdom,0
17083,109,3,1405.78,468.5933333333333,24,772,194,0.0,United Kingdom,0
17084,35,2,2949.75,1474.875,146,1816,0,0.0,United Kingdom,2
17085,123,6,1555.05,259.175,116,784,239,0.0105820105820105,United Kingdom,0
17086,7,6,2050.08,341.68,76,1859,56,0.0,United Kingdom,2
17088,28,4,1991.01,497.7525,96,868,225,0.0,United Kingdom,0
17090,4,8,2041.85,255.23125,45,920,349,0.015625,United Kingdom,0
17091,3,10,3802.81,380.281,119,1743,365,0.0151515151515151,United Kingdom,0
17092,50,4,1777.78,444.445,99,1131,227,0.0,United Kingdom,0
17094,318,2,270.20000000000005,135.10000000000002,14,148,4,0.0666666666666666,United Kingdom,1
17095,22,6,1088.2,181.36666666666667,70,613,312,0.0389610389610389,United Kingdom,0
17096,9,7,992.68,141.8114285714286,46,332,252,0.0769230769230769,United Kingdom,0
17097,2,9,937.92,104.21333333333332,153,457,363,0.0093896713615023,Spain,0
17100,18,2,971.74,485.87,65,800,0,0.0,United Kingdom,2
17101,10,4,1621.73,405.4325,28,815,167,0.0,United Kingdom,0
17102,262,1,25.5,25.5,1,2,0,0.0,United Kingdom,1
17105,159,2,665.78,332.89,80,693,147,0.0,United Kingdom,2
17107,33,7,10380.43,1482.9185714285716,269,4537,245,0.007125890736342,United Kingdom,0
17109,29,8,869.6800000000001,108.71,107,573,203,0.0330578512396694,United Kingdom,0
17110,165,1,163.29999999999998,163.29999999999998,12,50,0,0.0,United Kingdom,1
17111,47,1,248.61,248.61,29,302,0,0.0,United Kingdom,2
17114,6,10,747.22,74.72200000000001,85,210,329,0.0592592592592592,United Kingdom,0
17115,8,5,806.9000000000001,161.38000000000002,33,368,224,0.0930232558139534,United Kingdom,0
17117,288,1,116.2,116.2,9,68,0,0.0,United Kingdom,1
17118,318,1,157.02,157.02,10,154,0,0.0,United Kingdom,1
17119,3,3,593.61,197.87,35,327,56,0.0789473684210526,United Kingdom,2
17120,233,1,307.46,307.46,18,120,0,0.0,United Kingdom,1
17122,119,1,138.32,138.32,7,80,0,0.0,United Kingdom,2
17123,162,1,345.29999999999995,345.29999999999995,9,246,0,0.0,United Kingdom,1
17124,185,1,298.89,298.89,31,130,0,0.0,United Kingdom,1
17125,50,1,259.35,259.35,34,291,0,0.0,United Kingdom,2
17126,152,7,991.85,141.69285714285715,189,790,210,0.0076335877862595,United Kingdom,0
17128,335,1,157.09,157.09,14,76,0,0.0,United Kingdom,1
17131,5,5,2463.17,492.634,78,983,70,0.0,United Kingdom,2
17133,16,7,4892.240000000001,698.8914285714287,13,2730,250,0.0,United Kingdom,0
17134,107,2,425.0,212.5,21,102,157,0.0,United Kingdom,2
17135,16,7,1139.73,162.81857142857143,34,1224,355,0.0,United Kingdom,0
17138,276,1,380.5,380.5,24,126,0,0.0,United Kingdom,1
17139,16,15,10585.57,705.7046666666666,309,5163,273,0.0184804928131416,United Kingdom,0
17140,247,1,465.32,465.32,16,302,0,0.0,United Kingdom,1
17142,239,1,579.0,579.0,15,81,0,0.0,United Kingdom,1
17144,1,2,984.57,492.285,42,483,83,0.0,United Kingdom,2
17146,106,3,749.78,249.92666666666665,33,212,253,0.0,United Kingdom,0
17147,23,6,1679.64,279.94,70,878,289,0.0470588235294117,United Kingdom,0
17148,52,1,124.88,124.88,9,82,0,0.0,United Kingdom,2
17152,195,4,1503.5,375.875,9,477,68,0.125,United Kingdom,1
17153,24,1,213.78,213.78,14,104,0,0.0,United Kingdom,2
17154,75,1,329.34,329.34,23,490,0,0.0,United Kingdom,2
17155,18,2,251.7,125.85,19,242,160,0.0,United Kingdom,2
17157,8,3,306.55,102.18333333333334,11,169,168,0.1333333333333333,United Kingdom,2
17158,32,3,1266.97,422.3233333333333,53,778,328,0.0,United Kingdom,0
17159,22,4,1534.73,383.6825,96,1110,150,0.0098039215686274,United Kingdom,0
17160,31,6,3518.03,586.3383333333334,111,2856,210,0.0,United Kingdom,0
17162,29,11,1707.21,155.2009090909091,81,1000,276,0.0095238095238095,United Kingdom,0
17163,22,2,293.1,146.55,3,66,56,0.0,United Kingdom,2
17164,33,8,2466.4,308.3,92,1500,240,0.0068965517241379,United Kingdom,0
17165,284,1,158.68,158.68,10,100,0,0.0,United Kingdom,1
17166,39,3,189.49,63.16333333333333,11,75,165,0.1428571428571428,United Kingdom,2
17169,50,4,816.88,204.22,51,519,133,0.1,United Kingdom,2
17171,289,1,224.91,224.91,16,185,0,0.0,United Kingdom,1
17172,75,2,313.26,156.63,16,479,4,0.0625,United Kingdom,2
17173,5,9,3755.65,417.2944444444445,36,1121,125,0.0114942528735632,United Kingdom,2
17174,218,1,59.9,59.9,4,41,0,0.0,United Kingdom,1
17175,44,5,1430.94,286.188,42,865,252,0.015625,United Kingdom,0
17176,202,1,306.13,306.13,15,170,0,0.0,United Kingdom,1
17179,178,3,711.79,237.2633333333333,56,290,183,0.0,United Kingdom,0
17180,56,6,780.38,130.06333333333333,91,680,259,0.0229007633587786,United Kingdom,0
17181,57,2,239.92,119.96,23,241,316,0.0,United Kingdom,0
17183,8,8,3286.9100000000003,410.86375,42,1264,97,0.0394736842105263,United Kingdom,2
17186,47,2,144.0,72.0,1,200,13,0.0,United Kingdom,2
17187,227,1,203.95,203.95,10,144,0,0.0,United Kingdom,1
17188,11,9,2275.58,252.8422222222222,71,1301,351,0.0561797752808988,United Kingdom,0
17189,106,2,384.4,192.2,52,227,253,0.0,United Kingdom,0
17190,59,3,249.74,83.24666666666667,19,160,148,0.05,United Kingdom,2
17191,28,7,2095.13,299.3042857142857,163,1167,340,0.0,United Kingdom,0
17193,36,9,1674.46,186.0511111111111,17,1238,141,0.0857142857142857,United Kingdom,2
17194,274,2,262.62,131.31,26,119,86,0.0,United Kingdom,1
17197,30,1,1013.01,1013.01,29,191,0,0.0,United Kingdom,2
17198,24,3,692.22,230.74,89,357,347,0.0,United Kingdom,0
17201,54,1,342.63,342.63,38,268,0,0.0,United Kingdom,2
17203,36,6,3563.85,593.975,116,2850,24,0.0,United Kingdom,2
17204,169,9,1352.91,150.32333333333335,47,589,185,0.1492537313432835,United Kingdom,0
17205,54,1,384.08,384.08,13,884,0,0.0,United Kingdom,2
17206,53,1,204.24,204.24,7,76,0,0.0,United Kingdom,2
17211,27,9,2299.67,255.5188888888889,150,1310,342,0.0093896713615023,United Kingdom,0
17212,253,1,226.85,226.85,4,147,0,0.0,United Kingdom,1
17213,40,11,2741.08,249.1890909090909,85,1167,326,0.0426829268292682,United Kingdom,0
17214,60,7,984.12,140.58857142857144,79,275,298,0.0096153846153846,United Kingdom,0
17217,234,1,113.5,113.5,9,24,0,0.0,United Kingdom,1
17218,4,10,1960.72,196.072,146,958,363,0.0,United Kingdom,0
17219,32,1,114.23,114.23,24,89,0,0.0,United Kingdom,2
17220,24,14,3198.25,228.44642857142856,303,1905,339,0.0,United Kingdom,0
17221,7,2,335.13,167.565,59,288,28,0.0,United Kingdom,2
17222,65,1,354.15,354.15,27,128,0,0.0,United Kingdom,2
17223,310,2,426.79,213.395,43,112,58,0.0,United Kingdom,1
17226,309,1,393.49,393.49,21,406,0,0.0,United Kingdom,1
17227,19,6,939.32,156.55333333333334,28,741,349,0.0,United Kingdom,0
17228,16,8,1906.09,238.26125,140,1532,356,0.0,United Kingdom,0
17229,96,2,318.76,159.38,39,185,46,0.0,United Kingdom,2
17230,264,11,3466.67,315.1518181818182,51,1553,95,0.0547945205479452,United Kingdom,1
17231,12,14,3127.82,223.4157142857143,294,1736,349,0.0091575091575091,United Kingdom,0
17232,3,2,421.52,210.76,30,203,11,0.0,United Kingdom,2
17233,35,1,190.88,190.88,25,131,0,0.0,United Kingdom,2
17234,183,1,149.89,149.89,14,55,0,0.0,United Kingdom,1
17235,25,2,550.06,275.03,24,224,347,0.0,United Kingdom,0
17236,13,6,916.13,152.68833333333333,88,474,350,0.0,United Kingdom,0
17237,11,2,314.69,157.345,18,105,11,0.0,United Kingdom,2
17238,3,17,3744.65,220.2735294117647,297,1822,368,0.0,United Kingdom,0
17239,313,2,379.95,189.975,15,149,39,0.0625,United Kingdom,1
17242,108,2,1135.04,567.52,30,611,72,0.0,United Kingdom,2
17243,1,30,8628.55,287.6183333333333,180,3362,368,0.0171990171990172,United Kingdom,0
17244,53,1,954.9,954.9,31,616,0,0.0,United Kingdom,2
17245,205,1,171.45,171.45,9,75,0,0.0,United Kingdom,1
17247,15,1,282.19,282.19,53,106,0,0.0,United Kingdom,2
17248,120,1,318.65,318.65,68,213,0,0.0,United Kingdom,2
17250,4,2,384.52,192.26,55,168,257,0.0,United Kingdom,0
17251,363,1,283.28000000000003,283.28000000000003,37,110,0,0.0,United Kingdom,1
17252,117,2,353.86,176.93,86,193,69,0.0,United Kingdom,2
17253,18,1,178.26,178.26,18,43,0,0.0,United Kingdom,2
17254,5,2,272.44,136.22,100,252,10,0.0,United Kingdom,2
17255,41,2,298.41,149.205,69,232,258,0.0,United Kingdom,0
17256,107,2,240.0,120.0,12,141,204,0.0,United Kingdom,0
17259,148,2,603.37,301.685,104,410,220,0.0,United Kingdom,0
17262,52,5,1253.36,250.67200000000005,9,367,313,0.0,United Kingdom,0
17263,208,1,63.440000000000005,63.440000000000005,23,36,0,0.0,United Kingdom,1
17265,139,2,562.9,281.45,106,394,41,0.0,United Kingdom,2
17266,2,3,310.64,103.54666666666668,60,161,145,0.0,United Kingdom,2
17267,127,2,317.62,158.81,37,159,0,0.0,United Kingdom,2
17268,108,4,763.64,190.91,3,844,137,0.0,United Kingdom,2
17272,42,5,2144.53,428.90600000000006,70,1776,220,0.0172413793103448,United Kingdom,0
17274,35,1,111.98,111.98,24,79,0,0.0,United Kingdom,2
17277,228,2,1065.35,532.6750000000001,67,430,95,0.0,United Kingdom,1
17278,241,1,246.04,246.04,15,179,0,0.0,United Kingdom,1
17279,58,1,187.83,187.83,8,48,0,0.0,United Kingdom,2
17282,130,3,1703.41,567.8033333333334,79,1877,169,0.0,United Kingdom,0
17284,60,7,1641.68,234.5257142857143,229,1362,276,0.0068027210884353,United Kingdom,0
17286,22,1,153.92,153.92,44,118,0,0.0,United Kingdom,2
17287,26,7,1064.11,152.01571428571427,88,559,346,0.0,United Kingdom,0
17288,9,7,1419.73,202.81857142857143,118,1203,349,0.0,United Kingdom,0
17289,32,4,936.16,234.04,86,519,148,0.0089285714285714,United Kingdom,2
17290,4,2,525.24,262.62,92,404,12,0.0,United Kingdom,2
17291,308,1,550.8000000000001,550.8000000000001,1,72,0,0.0,United Kingdom,1
17293,8,9,1875.11,208.3455555555556,93,1140,352,0.0,United Kingdom,0
17295,29,3,556.95,185.65,53,294,35,0.0,United Kingdom,2
17297,17,1,131.78,131.78,49,67,0,0.0,United Kingdom,2
17298,101,2,498.42,249.21,30,387,23,0.0,United Kingdom,2
17299,12,4,669.11,167.2775,50,678,161,0.0,United Kingdom,0
17301,21,1,197.63,197.63,59,149,0,0.0,United Kingdom,2
17302,15,6,1119.93,186.655,68,573,290,0.0246913580246913,United Kingdom,0
17303,361,1,250.04,250.04,53,144,0,0.0,United Kingdom,1
17306,11,21,8600.73,409.5585714285714,13,11470,342,0.0434782608695652,United Kingdom,0
17307,365,1,0.01,0.01,1,-144,0,1.0,United Kingdom,1
17309,95,1,82.75,82.75,11,41,0,0.0,United Kingdom,2
17311,78,2,1384.85,692.425,55,1005,238,0.0,United Kingdom,0
17312,139,3,644.3,214.76666666666665,11,372,20,0.0,United Kingdom,2
17313,18,2,2288.13,1144.065,24,1382,13,0.1428571428571428,United Kingdom,2
17314,25,11,2514.76,228.61454545454544,120,1884,287,0.0367647058823529,United Kingdom,0
17315,1,43,6204.46,144.28976744186048,259,3856,356,0.028747433264887,United Kingdom,0
17317,46,5,2524.02,504.804,8,1074,43,0.1818181818181818,United Kingdom,2
17320,100,3,1200.62,400.2066666666667,57,634,267,0.0,United Kingdom,0
17321,8,2,700.86,350.43,94,373,59,0.0,United Kingdom,2
17323,15,9,908.99,100.99888888888889,125,770,277,0.0196078431372549,United Kingdom,0
17324,18,4,990.23,247.5575,43,844,348,0.0,United Kingdom,0
17325,280,1,96.8,96.8,6,60,0,0.0,United Kingdom,1
17329,14,2,523.11,261.555,29,142,300,0.0,United Kingdom,0
17330,23,2,363.9,181.95,5,120,44,0.0,United Kingdom,2
17331,124,1,175.2,175.2,1,16,0,0.0,United Kingdom,2
17333,86,1,494.25,494.25,28,375,0,0.0,United Kingdom,2
17334,301,3,306.6,102.2,11,314,7,0.0833333333333333,United Kingdom,1
17337,151,7,1944.32,277.76,421,1240,158,0.0091240875912408,United Kingdom,0
17338,17,10,6612.18,661.2180000000001,390,3123,344,0.0052840158520475,United Kingdom,0
17339,94,2,243.36,121.68,9,152,270,0.0,United Kingdom,0
17340,9,16,11891.18,743.19875,231,5902,357,0.0400943396226415,United Kingdom,0
17341,157,3,781.36,260.4533333333333,147,489,209,0.0,United Kingdom,0
17343,355,1,193.64,193.64,17,56,0,0.0,United Kingdom,1
17344,46,1,160.57,160.57,31,66,0,0.0,United Kingdom,2
17345,15,4,537.74,134.435,70,346,181,0.0,United Kingdom,0
17346,4,16,2611.58,163.22375,299,1639,369,0.0059642147117296,United Kingdom,0
17347,86,1,228.96,228.96,1,216,0,0.0,United Kingdom,2
17348,15,5,1159.52,231.904,180,1401,283,0.0,United Kingdom,0
17349,179,1,110.75,110.75,8,112,0,0.0,United Kingdom,1
17350,8,5,1256.19,251.238,66,759,42,0.0138888888888888,United Kingdom,2
17351,36,3,587.15,195.71666666666667,22,113,237,0.0,United Kingdom,0
17353,129,2,1740.0,870.0,5,1200,25,0.0,United Kingdom,2
17354,51,1,1393.06,1393.06,15,1006,0,0.0,United Kingdom,2
17356,312,1,178.22,178.22,19,166,0,0.0,United Kingdom,1
17357,24,2,388.14,194.07,41,153,0,0.0,United Kingdom,2
17358,303,2,365.85,182.925,55,202,52,0.0,United Kingdom,1
17359,11,1,127.86,127.86,13,161,0,0.0,United Kingdom,2
17360,17,3,585.79,195.2633333333333,113,335,166,0.0,United Kingdom,0
17361,49,3,488.2,162.73333333333332,26,157,242,0.0,United Kingdom,0
17362,239,2,312.23,156.115,30,191,70,0.0,United Kingdom,1
17364,1,12,4455.73,371.3108333333333,288,2680,330,0.0072463768115942,United Kingdom,0
17365,13,8,4801.56,600.195,278,4777,320,0.0,United Kingdom,0
17367,238,1,168.4,168.4,33,150,0,0.0,United Kingdom,1
17368,23,9,1349.52,149.94666666666666,93,680,314,0.1328125,United Kingdom,0
17370,73,4,446.18,111.545,31,540,96,0.0,United Kingdom,2
17371,17,3,423.89,141.29666666666665,83,152,343,0.0,United Kingdom,0
17372,41,8,1342.68,167.835,215,749,321,0.0,United Kingdom,0
17373,40,4,646.92,161.73,47,408,272,0.0,United Kingdom,0
17374,219,2,495.77,247.885,24,85,62,0.0,United Kingdom,1
17375,190,4,372.5,93.125,65,361,171,0.028169014084507,United Kingdom,1
17376,71,2,203.2,101.6,23,86,240,0.0,United Kingdom,0
17377,24,21,3925.92,186.94857142857143,191,2075,349,0.0023866348448687,United Kingdom,0
17379,11,1,404.66,404.66,71,663,0,0.0,United Kingdom,2
17381,9,30,20272.43,675.7476666666666,40,25646,363,0.009090909090909,United Kingdom,0
17382,65,1,65.4,65.4,2,25,0,0.0,United Kingdom,2
17383,4,1,199.29,199.29,49,150,0,0.0,United Kingdom,2
17384,19,2,336.4,168.2,12,88,199,0.0,United Kingdom,0
17385,15,1,261.11,261.11,42,201,0,0.0,United Kingdom,2
17386,8,6,2686.42,447.7366666666667,23,1902,157,0.0,United Kingdom,0
17387,20,2,784.11,392.055,71,542,13,0.0,United Kingdom,2
17388,78,4,1259.56,314.89,13,1068,209,0.0,United Kingdom,0
17389,1,43,31300.08,727.9088372093023,48,7430,338,0.0491071428571428,United Kingdom,0
17391,164,2,508.8,254.4,2,480,0,0.0,United Kingdom,1
17392,307,2,457.91,228.955,53,320,51,0.0,United Kingdom,1
17394,219,1,203.87,203.87,4,241,0,0.0,United Kingdom,1
17396,39,8,7330.8,916.35,24,2005,332,0.0,United Kingdom,0
17397,22,2,696.41,348.205,88,254,0,0.0,United Kingdom,2
17398,115,3,653.38,217.7933333333333,30,310,140,0.0,United Kingdom,2
17400,126,5,2129.96,425.992,175,1097,226,0.0,United Kingdom,0
17402,5,13,2633.85,202.60384615384612,33,701,364,0.0,United Kingdom,0
17403,36,1,281.62,281.62,32,117,0,0.0,United Kingdom,2
17404,4,18,30300.82,1683.378888888889,111,32324,356,0.0149253731343283,Sweden,0
17405,1,5,967.22,193.444,77,705,149,0.1276595744680851,United Kingdom,0
17406,330,5,1928.72,385.744,99,784,36,0.0258620689655172,United Kingdom,1
17408,163,1,32.65,32.65,2,3,0,0.0,United Kingdom,1
17409,185,2,771.85,385.925,13,105,63,0.0,United Kingdom,1
17410,16,5,1214.72,242.944,57,616,199,0.0,United Kingdom,0
17411,12,4,748.94,187.235,41,298,353,0.0465116279069767,United Kingdom,0
17412,3,7,1258.06,179.72285714285712,48,738,369,0.0,United Kingdom,0
17414,44,2,778.0,389.0,5,2100,141,0.0,United Kingdom,2
17415,80,1,507.84,507.84,14,114,0,0.0,United Kingdom,2
17416,30,9,6838.34,759.8155555555555,186,4266,251,0.007380073800738,United Kingdom,0
17418,42,2,463.46,231.73,29,289,281,0.0,United Kingdom,0
17419,11,14,4200.97,300.06928571428574,155,1872,355,0.0096153846153846,United Kingdom,0
17420,50,3,598.83,199.61,28,265,323,0.0,United Kingdom,0
17422,16,10,1853.13,185.313,93,2195,279,0.1333333333333333,United Kingdom,0
17423,45,4,663.63,165.9075,26,421,172,0.0714285714285714,United Kingdom,0
17425,19,2,759.17,379.585,42,407,41,0.0,United Kingdom,2
17426,4,7,5022.26,717.4657142857143,179,3082,277,0.0036764705882352,United Kingdom,0
17427,72,1,100.8,100.8,2,34,0,0.0,United Kingdom,2
17428,1,33,17078.45,517.5287878787879,255,9435,368,0.0437317784256559,United Kingdom,0
17429,121,4,512.12,128.03,36,616,98,0.0714285714285714,United Kingdom,2
17430,33,2,265.76,132.88,14,190,332,0.0,United Kingdom,0
17431,313,1,403.3,403.3,41,292,0,0.0,United Kingdom,1
17432,18,2,365.76,182.88,44,207,19,0.0,United Kingdom,2
17433,88,1,303.16,303.16,53,185,0,0.0,United Kingdom,2
17434,2,9,2333.42,259.2688888888889,100,1685,82,0.0289855072463768,United Kingdom,2
17436,2,2,216.3,108.15,7,90,225,0.0,United Kingdom,0
17438,247,2,378.3,189.15,17,100,6,0.1052631578947368,United Kingdom,1
17440,148,5,177.1,35.42,3,232,99,0.375,United Kingdom,1
17442,29,10,2210.26,221.026,97,1490,335,0.0357142857142857,United Kingdom,0
17443,220,1,534.24,534.24,1,504,0,0.0,Canada,1
17444,148,3,2940.04,980.0133333333332,132,2119,25,0.0,Canada,2
17446,177,2,120.9,60.45,6,198,133,0.0,United Kingdom,1
17447,40,2,541.53,270.765,33,443,31,0.0,United Kingdom,2
17448,145,1,0.01,0.01,1,-1,0,1.0,United Kingdom,1
17449,2,8,2504.86,313.1075,178,1115,357,0.007168458781362,United Kingdom,0
17450,8,55,187482.17,3408.766727272728,127,69029,359,0.0398860398860398,United Kingdom,0
17451,1,10,1648.95,164.895,83,1178,104,0.0654205607476635,United Kingdom,2
17453,18,2,486.72,243.36,19,219,46,0.0,United Kingdom,2
17454,192,4,517.53,129.3825,57,243,167,0.0,United Kingdom,1
17455,204,1,131.7,131.7,8,66,0,0.0,United Kingdom,1
17456,365,1,249.86,249.86,17,222,0,0.0,United Kingdom,1
17457,127,5,1737.7,347.54,14,826,212,0.0,United Kingdom,0
17458,15,1,316.5,316.5,52,170,0,0.0,United Kingdom,2
17459,43,2,657.3,328.65,88,537,16,0.0,United Kingdom,2
17460,79,8,452.63,56.57875,18,176,294,0.2162162162162162,United Kingdom,0
17461,23,3,757.46,252.48666666666668,104,799,6,0.0,United Kingdom,2
17462,51,3,662.94,220.98,25,224,232,0.0357142857142857,United Kingdom,0
17463,16,6,1881.36,313.56,162,1090,296,0.0182648401826484,United Kingdom,0
17464,158,1,289.96000000000004,289.96000000000004,9,220,0,0.0,United Kingdom,1
17466,10,2,763.28,381.64,41,306,68,0.0,United Kingdom,2
17468,10,2,137.0,68.5,5,116,4,0.0,United Kingdom,2
17469,16,6,1843.06,307.1766666666667,61,778,188,0.0222222222222222,United Kingdom,0
17470,45,5,1125.07,225.014,67,1675,323,0.0,United Kingdom,0
17472,191,3,710.29,236.7633333333333,142,462,108,0.0,United Kingdom,1
17475,79,1,194.37,194.37,14,178,0,0.0,United Kingdom,2
17480,74,2,506.51,253.255,29,336,3,0.064516129032258,United Kingdom,2
17481,4,5,1249.34,249.868,69,1060,90,0.0120481927710843,United Kingdom,2
17483,65,3,414.04,138.01333333333335,18,191,117,0.0,United Kingdom,2
17486,261,1,396.87,396.87,24,191,0,0.0,United Kingdom,1
17489,59,2,376.64,188.32,28,428,153,0.0,United Kingdom,2
17490,1,11,1926.88,175.17090909090908,64,1021,175,0.1162790697674418,United Kingdom,0
17491,1,11,3541.92,321.9927272727273,72,2012,366,0.009090909090909,United Kingdom,0
17492,248,1,374.57,374.57,12,155,0,0.0,United Kingdom,1
17495,8,2,497.56,248.78,21,229,31,0.0,United Kingdom,2
17496,359,1,271.05,271.05,10,79,0,0.0,United Kingdom,1
17498,76,1,272.22,272.22,17,394,0,0.0,United Kingdom,2
17499,290,1,622.88,622.88,40,711,0,0.0,United Kingdom,1
17500,17,3,1138.0,379.3333333333333,3,17,12,0.0,United Kingdom,2
17501,221,2,288.6,144.3,18,160,0,0.0,United Kingdom,1
17502,9,4,689.1,172.275,25,376,19,0.0,United Kingdom,2
17503,3,2,558.96,279.48,36,486,35,0.0,United Kingdom,2
17504,206,10,2745.28,274.528,112,1456,116,0.0928571428571428,United Kingdom,1
17505,162,2,1145.84,572.92,48,556,44,0.0,United Kingdom,2
17506,70,2,294.29,147.145,14,136,5,0.125,United Kingdom,2
17507,262,2,605.58,302.79,79,359,47,0.0,United Kingdom,1
17508,281,1,387.31,387.31,22,289,0,0.0,Greece,1
17509,58,11,6100.74,554.6127272727273,75,3530,5,0.008130081300813,United Kingdom,2
17510,25,1,308.48,308.48,20,214,0,0.0,United Kingdom,2
17511,3,46,88125.38,1915.7691304347827,467,63012,370,0.1050185873605948,United Kingdom,0
17512,29,11,2920.04,265.4581818181818,61,2752,272,0.0094339622641509,United Kingdom,0
17513,72,1,513.2,513.2,6,254,0,0.0,United Kingdom,2
17514,128,1,208.65,208.65,40,135,0,0.0,United Kingdom,2
17515,31,4,639.02,159.755,49,243,286,0.0,United Kingdom,0
17516,15,5,768.08,153.616,113,416,270,0.0,United Kingdom,0
17517,309,1,153.94,153.94,11,102,0,0.0,United Kingdom,1
17519,17,7,1839.07,262.7242857142857,60,1233,351,0.0120481927710843,United Kingdom,0
17520,54,1,546.81,546.81,30,365,0,0.0,United Kingdom,2
17521,24,4,721.9599999999999,180.49,38,518,174,0.0217391304347826,United Kingdom,0
17522,2,5,1070.71,214.142,59,1034,216,0.0,United Kingdom,0
17523,11,4,652.74,163.185,25,872,7,0.0,United Kingdom,2
17524,361,1,145.0,145.0,6,90,0,0.0,United Kingdom,1
17525,360,1,422.7000000000001,422.7000000000001,9,82,0,0.0,United Kingdom,1
17526,1,8,706.7,88.3375,17,257,364,0.1739130434782608,United Kingdom,0
17527,54,6,888.86,148.14333333333337,45,463,164,0.0408163265306122,United Kingdom,0
17528,1,11,3540.1,321.8272727272727,183,2130,70,0.0269230769230769,United Kingdom,2
17530,1,10,2385.0,238.5,306,1526,363,0.0,United Kingdom,0
17531,121,2,293.45,146.725,15,135,69,0.0666666666666666,United Kingdom,2
17534,54,1,223.36,223.36,9,103,0,0.0,United Kingdom,2
17535,280,1,164.4,164.4,13,136,0,0.0,United Kingdom,1
17536,177,1,76.5,76.5,3,6,0,0.0,United Kingdom,1
17537,30,2,897.62,448.81,74,700,273,0.0,United Kingdom,0
17538,26,1,98.42,98.42,9,134,0,0.0,United Kingdom,2
17540,9,3,570.4,190.13333333333333,20,193,307,0.0384615384615384,United Kingdom,0
17542,270,1,170.75,170.75,24,134,0,0.0,United Kingdom,1
17545,43,3,645.96,215.32,122,341,0,0.0,United Kingdom,2
17547,372,1,0.01,0.01,2,-4,0,1.0,United Kingdom,1
17548,218,3,0.01,0.01,12,-132,155,0.7058823529411765,United Kingdom,1
17549,24,2,148.86,74.43,5,210,27,0.0,United Kingdom,2
17550,197,3,267.16,89.05333333333334,42,86,45,0.0,United Kingdom,1
17551,359,1,306.84,306.84,39,150,0,0.0,United Kingdom,1
17552,43,6,909.96,151.66,45,708,329,0.0392156862745098,United Kingdom,0
17553,130,1,1487.6,1487.6,2,1048,0,0.0,United Kingdom,2
17554,1,5,1952.45,390.49,58,1763,146,0.0,United Kingdom,0
17555,20,2,483.26,241.63,101,349,314,0.0,United Kingdom,0
17556,206,1,157.9,157.9,6,101,0,0.0,United Kingdom,1
17557,14,3,541.46,180.48666666666668,27,306,66,0.0,United Kingdom,2
17560,95,4,854.95,213.7375,22,635,215,0.0,United Kingdom,0
17561,19,1,167.62,167.62,44,146,0,0.0,United Kingdom,2
17562,14,8,1107.38,138.4225,48,813,159,0.015625,United Kingdom,0
17564,24,3,454.01,151.33666666666667,38,146,55,0.0,United Kingdom,2
17566,8,2,901.21,450.605,113,518,17,0.0,United Kingdom,2
17567,7,10,4012.56,401.256,110,2428,365,0.0677966101694915,United Kingdom,0
17569,332,1,344.14,344.14,29,159,0,0.0,United Kingdom,1
17571,50,4,1498.51,374.6275,247,905,248,0.0,United Kingdom,0
17572,71,4,226.75000000000003,56.68750000000001,7,95,302,0.0,United Kingdom,0
17573,29,4,362.9,90.725,24,302,64,0.0384615384615384,United Kingdom,2
17574,243,1,185.65,185.65,8,77,0,0.0,United Kingdom,1
17576,8,22,3457.78,157.1718181818182,245,1954,357,0.014388489208633,United Kingdom,0
17578,191,2,124.74,62.37,5,90,27,0.1666666666666666,United Kingdom,1
17579,5,4,440.2,110.05,46,256,174,0.0384615384615384,United Kingdom,0
17580,253,3,215.72,71.90666666666667,43,88,105,0.0,United Kingdom,1
17581,1,31,10736.11,346.3261290322581,231,5861,371,0.0265486725663716,United Kingdom,0
17582,236,1,175.27,175.27,28,123,0,0.0,United Kingdom,1
17584,7,3,1227.3,409.1,30,446,120,0.0277777777777777,United Kingdom,2
17585,109,4,1133.07,283.2675,176,1671,228,0.0,United Kingdom,0
17588,100,3,1240.2,413.4,19,676,132,0.0,United Kingdom,2
17589,60,4,2404.17,601.0425,172,1631,180,0.0,United Kingdom,0
17590,2,3,1479.22,493.0733333333333,162,828,37,0.0,United Kingdom,2
17591,73,8,2215.02,276.8775,81,1008,293,0.0059880239520958,United Kingdom,0
17593,4,6,3911.56,651.9266666666666,190,3095,349,0.0093023255813953,United Kingdom,0
17594,85,2,993.18,496.59,42,550,169,0.0,United Kingdom,2
17595,12,2,388.79,194.395,68,229,24,0.0,United Kingdom,2
17596,23,7,2827.93,403.99,168,4400,345,0.0,United Kingdom,0
17597,214,1,2044.37,2044.37,55,1176,0,0.0,United Kingdom,1
17600,18,1,161.67000000000002,161.67000000000002,13,144,0,0.0,United Kingdom,2
17601,239,1,116.01,116.01,9,103,0,0.0,United Kingdom,1
17602,2,8,5050.77,631.34625,335,4135,321,0.0088495575221238,United Kingdom,0
17603,50,5,0.01,0.01,12,-31,217,0.2666666666666666,United Kingdom,0
17604,217,2,309.36,154.68,57,169,94,0.0,United Kingdom,1
17608,33,2,193.42,96.71,54,232,0,0.0,United Kingdom,2
17609,41,6,1103.92,183.98666666666668,199,721,286,0.0042016806722689,United Kingdom,0
17611,4,19,3947.87,207.78263157894736,440,2552,357,0.0103092783505154,United Kingdom,0
17612,53,10,1992.76,199.276,117,1787,244,0.0492957746478873,United Kingdom,0
17613,23,17,4509.37,265.2570588235294,211,2470,282,0.0219435736677116,United Kingdom,0
17614,57,1,390.07,390.07,97,238,0,0.0,United Kingdom,2
17615,130,3,329.6,109.86666666666667,13,140,91,0.0,United Kingdom,2
17616,174,3,571.1999999999999,190.4,1,224,194,0.0,United Kingdom,1
17618,6,3,971.58,323.86,56,331,356,0.0,United Kingdom,0
17619,312,1,218.52,218.52,71,127,0,0.0,United Kingdom,1
17620,60,1,81.44,81.44,4,60,0,0.0,United Kingdom,2
17621,21,4,1336.1,334.025,25,510,333,0.037037037037037,United Kingdom,0
17623,33,1,527.0500000000001,527.0500000000001,33,265,0,0.0,United Kingdom,2
17624,15,2,843.48,421.74,49,554,203,0.0,United Kingdom,0
17625,18,4,2047.0,511.75,223,1198,239,0.0,United Kingdom,0
17628,81,1,75.75,75.75,5,79,0,0.0,United Kingdom,2
17629,6,9,1784.12,198.23555555555555,106,1621,354,0.0080645161290322,United Kingdom,0
17630,170,2,503.6,251.8,24,158,62,0.0,United Kingdom,1
17631,2,3,528.33,176.11,39,334,230,0.0,United Kingdom,0
17633,31,6,1242.34,207.05666666666664,60,630,327,0.0277777777777777,United Kingdom,0
17634,36,9,2361.9700000000003,262.4411111111111,209,840,301,0.0,United Kingdom,0
17636,9,2,265.93,132.965,20,176,10,0.1666666666666666,United Kingdom,2
17637,31,2,547.0600000000001,273.53000000000003,35,280,83,0.0,United Kingdom,2
17639,276,1,108.5,108.5,7,49,0,0.0,United Kingdom,1
17640,87,1,621.66,621.66,5,250,0,0.0,United Kingdom,2
17642,120,2,712.29,356.145,34,474,56,0.0,United Kingdom,2
17643,373,1,101.55,101.55,8,71,0,0.0,United Kingdom,1
17644,1,17,2768.98,162.88117647058823,103,1741,320,0.0710059171597633,United Kingdom,0
17646,219,4,995.66,248.915,46,320,145,0.0555555555555555,United Kingdom,1
17647,65,1,133.06,133.06,7,30,0,0.0,United Kingdom,2
17648,61,5,1789.55,357.91,81,486,188,0.0108695652173913,United Kingdom,0
17649,135,2,861.74,430.87,52,398,3,0.0188679245283018,United Kingdom,2
17650,21,1,166.08,166.08,8,150,0,0.0,United Kingdom,2
17651,12,14,3886.67,277.6192857142857,149,3100,165,0.0292887029288702,United Kingdom,0
17652,25,18,4737.13,263.1738888888889,118,2479,255,0.0407407407407407,United Kingdom,0
17653,29,5,1175.88,235.176,44,1401,90,0.12,United Kingdom,2
17654,277,1,117.55,117.55,22,41,0,0.0,United Kingdom,1
17655,11,8,2571.74,321.46750000000003,66,956,355,0.021505376344086,United Kingdom,0
17656,73,5,1674.69,334.938,67,1399,55,0.0,United Kingdom,2
17658,11,3,485.88,161.96,17,522,200,0.1739130434782608,United Kingdom,0
17659,4,14,2954.75,211.05357142857144,127,1486,368,0.0186335403726708,United Kingdom,0
17660,141,1,196.0,196.0,37,130,0,0.0,United Kingdom,2
17663,26,9,1788.27,198.69666666666663,63,793,261,0.0444444444444444,United Kingdom,0
17664,19,2,604.64,302.32,41,604,193,0.0,United Kingdom,0
17666,4,2,728.16,364.08,14,596,61,0.0,United Kingdom,2
17667,66,5,2055.51,411.102,85,1033,232,0.0,United Kingdom,0
17668,1,2,347.75,173.875,14,93,36,0.0,United Kingdom,2
17669,43,7,3406.7200000000003,486.67428571428576,45,1916,206,0.0,United Kingdom,0
17670,228,1,205.7,205.7,11,110,0,0.0,United Kingdom,1
17671,16,6,1284.08,214.0133333333333,40,659,349,0.1311475409836065,United Kingdom,0
17672,44,4,3106.62,776.655,105,1672,265,0.0434782608695652,United Kingdom,0
17673,1,7,1622.22,231.74571428571429,118,1485,318,0.0043859649122807,United Kingdom,0
17674,74,2,551.04,275.52,19,672,294,0.0,United Kingdom,0
17675,1,41,20098.1,490.19756097560975,240,8278,366,0.0221914008321775,United Kingdom,0
17676,4,7,1383.27,197.61,50,931,362,0.0126582278481012,United Kingdom,0
17677,2,43,16219.22,377.19116279069766,179,9725,367,0.0529595015576324,United Kingdom,0
17678,264,1,298.11,298.11,16,207,0,0.0,United Kingdom,1
17679,53,2,1992.11,996.055,29,729,32,0.0,United Kingdom,2
17680,24,1,184.4,184.4,11,96,0,0.0,United Kingdom,2
17682,10,7,2459.33,351.3328571428571,48,1365,358,0.0084033613445378,United Kingdom,0
17684,44,1,239.41,239.41,15,145,0,0.0,United Kingdom,2
17685,17,7,3191.53,455.9328571428572,88,1956,355,0.0,United Kingdom,0
17686,7,7,5739.46,819.9228571428572,205,2478,295,0.0,United Kingdom,0
17690,30,16,4748.45,296.778125,186,1767,342,0.0077519379844961,United Kingdom,0
17691,358,2,290.40000000000003,145.20000000000002,18,134,10,0.0,United Kingdom,1
17692,127,5,733.4399999999999,146.688,34,666,232,0.0212765957446808,United Kingdom,0
17693,136,3,187.02,62.34,16,229,1,0.1111111111111111,United Kingdom,2
17694,142,1,283.12,283.12,15,184,0,0.0,United Kingdom,2
17695,132,2,765.34,382.67,30,779,39,0.0,United Kingdom,2
17696,38,14,2201.05,157.21785714285716,79,1730,326,0.0873015873015873,United Kingdom,0
17697,236,1,338.95,338.95,19,93,0,0.0,United Kingdom,1
17698,261,1,154.95,154.95,8,93,0,0.0,United Kingdom,1
17700,17,6,2508.89,418.1483333333333,118,1261,348,0.0273972602739726,United Kingdom,0
17701,253,1,417.95,417.95,24,109,0,0.0,United Kingdom,1
17702,30,6,1719.72,286.62,62,1320,335,0.075,United Kingdom,0
17703,35,3,798.74,266.24666666666667,47,590,103,0.0,United Kingdom,2
17704,169,2,885.19,442.595,27,343,71,0.0,United Kingdom,2
17705,3,10,1781.12,178.112,63,957,298,0.0462962962962962,United Kingdom,0
17706,4,22,10097.37,458.97136363636366,270,3833,362,0.0329113924050632,United Kingdom,0
17707,185,2,152.4,76.2,3,144,151,0.0,United Kingdom,1
17708,188,2,267.08,133.54,28,91,137,0.0,United Kingdom,1
17709,170,1,137.45,137.45,7,17,0,0.0,United Kingdom,1
17711,11,2,385.1,192.55,22,246,279,0.0,United Kingdom,0
17712,45,1,522.91,522.91,29,215,0,0.0,United Kingdom,2
17714,321,1,153.0,153.0,10,92,0,0.0,United Kingdom,1
17715,201,1,326.4,326.4,1,384,0,0.0,United Kingdom,1
17716,23,12,5505.79,458.8158333333333,172,3004,245,0.0354330708661417,United Kingdom,0
17718,232,1,139.35,139.35,6,83,0,0.0,United Kingdom,1
17719,38,18,5367.8,298.2111111111111,111,2455,217,0.014388489208633,United Kingdom,0
17720,26,4,1195.94,298.985,39,576,341,0.0,United Kingdom,0
17722,96,6,2380.64,396.7733333333333,112,1572,270,0.0416666666666666,United Kingdom,0
17723,127,6,3276.4000000000005,546.0666666666667,4,792,87,0.0,United Kingdom,2
17724,58,4,995.65,248.9125,38,289,80,0.1111111111111111,United Kingdom,2
17725,16,14,3371.13,240.795,115,2141,250,0.0303030303030303,United Kingdom,0
17727,9,2,1042.55,521.275,66,639,5,0.0149253731343283,United Kingdom,2
17728,4,5,2515.68,503.136,154,1464,82,0.0236686390532544,United Kingdom,2
17730,3,15,5288.83,352.58866666666665,127,3567,323,0.009090909090909,United Kingdom,0
17731,79,5,878.2,175.64,54,392,104,0.1927710843373494,United Kingdom,2
17732,373,1,303.97,303.97,18,93,0,0.0,United Kingdom,1
17733,39,2,692.19,346.095,33,463,222,0.0,United Kingdom,0
17734,54,3,700.63,233.5433333333333,40,422,180,0.0,United Kingdom,0
17735,2,19,13110.02,690.001052631579,319,8439,365,0.0,United Kingdom,0
17736,9,4,337.49,84.3725,24,237,104,0.0384615384615384,United Kingdom,2
17737,9,2,168.24,84.12,8,108,49,0.0,United Kingdom,2
17738,19,5,1863.35,372.67,89,1027,262,0.0202020202020202,United Kingdom,0
17739,12,8,2786.05,348.25625,29,856,348,0.0208333333333333,United Kingdom,0
17742,113,2,355.11,177.555,13,89,219,0.0,United Kingdom,0
17744,4,7,2291.08,327.29714285714283,111,3376,354,0.0072992700729927,United Kingdom,0
17746,235,2,98.8,49.4,6,26,5,0.25,United Kingdom,1
17747,100,2,64.65,32.325,1,11,12,0.5,United Kingdom,2
17749,178,2,674.52,337.26,33,320,78,0.0,United Kingdom,1
17750,5,9,1797.57,199.73,101,3957,158,0.0,United Kingdom,0
17752,359,1,80.64,80.64,1,192,0,0.0,United Kingdom,1
17754,1,6,1739.92,289.9866666666667,82,1820,259,0.010752688172043,United Kingdom,0
17757,1,31,5585.49,180.17709677419356,275,3316,370,0.0013477088948787,United Kingdom,0
17758,19,8,3456.7000000000003,432.0875,310,2091,230,0.0,United Kingdom,0
17759,17,3,834.99,278.33,82,708,152,0.0,United Kingdom,2
17760,22,2,287.59,143.795,25,239,351,0.0,United Kingdom,0
17761,33,1,712.78,712.78,19,398,0,0.0,United Kingdom,2
17763,263,1,15.0,15.0,1,12,0,0.0,United Kingdom,1
17764,51,2,818.8199999999999,409.41,71,395,160,0.0,United Kingdom,2
17765,159,3,371.88,123.96,51,144,98,0.0,United Kingdom,2
17767,15,1,271.2,271.2,21,128,0,0.0,United Kingdom,2
17768,8,3,2273.1800000000003,757.7266666666668,77,1186,157,0.0,United Kingdom,0
17769,13,12,3960.63,330.0525,200,1857,308,0.0095846645367412,United Kingdom,0
17770,199,5,1143.27,228.654,33,365,83,0.0,United Kingdom,1
17771,57,2,245.81,122.905,51,287,266,0.0,United Kingdom,0
17772,11,2,182.77,91.385,50,58,0,0.0,United Kingdom,2
17774,97,5,1215.46,243.092,124,511,208,0.0063694267515923,United Kingdom,0
17775,255,1,56.4,56.4,3,72,0,0.0,United Kingdom,1
17777,25,3,665.86,221.95333333333332,141,507,75,0.0,United Kingdom,2
17779,21,5,642.17,128.434,73,394,122,0.0238095238095238,United Kingdom,2
17781,159,2,188.02,94.01,12,34,93,0.0,United Kingdom,1
17783,72,2,283.47,141.735,67,354,175,0.0,United Kingdom,0
17785,53,1,131.94,131.94,13,67,0,0.0,United Kingdom,2
17786,85,2,278.74,139.37,57,200,231,0.0,United Kingdom,0
17787,153,4,1865.19,466.2975,94,910,218,0.0,United Kingdom,0
17788,74,2,1117.9,558.95,3,211,55,0.0,United Kingdom,2
17789,281,1,225.9,225.9,14,74,0,0.0,United Kingdom,1
17790,27,14,1965.55,140.39642857142857,121,836,338,0.0,United Kingdom,0
17791,30,1,106.1,106.1,10,46,0,0.0,United Kingdom,2
17793,25,1,323.04,323.04,49,232,0,0.0,United Kingdom,2
17795,180,2,350.39,175.195,43,341,85,0.0,United Kingdom,1
17796,40,4,697.9,174.475,63,178,329,0.0,United Kingdom,0
17797,22,3,780.43,260.1433333333333,102,498,160,0.0,United Kingdom,0
17799,22,11,3026.08,275.0981818181818,280,1755,339,0.0048780487804878,United Kingdom,0
17800,37,9,1199.01,133.22333333333333,51,736,296,0.0,United Kingdom,0
17802,82,4,1251.84,312.96,105,743,290,0.0476190476190476,United Kingdom,0
17805,74,1,512.31,512.31,10,478,0,0.0,United Kingdom,2
17806,11,1,546.04,546.04,43,727,0,0.0,United Kingdom,2
17809,16,15,4627.62,308.508,47,2015,357,0.046875,United Kingdom,0
17811,4,51,7677.71,150.54333333333332,359,4128,329,0.0240825688073394,United Kingdom,0
17812,13,4,732.16,183.04,113,350,355,0.0,United Kingdom,0
17813,14,7,1714.6,244.94285714285712,297,777,57,0.0185185185185185,United Kingdom,2
17816,37,4,36.56,9.14,16,30,328,0.0,United Kingdom,0
17817,4,3,387.68,129.22666666666666,32,67,272,0.0,United Kingdom,0
17819,72,8,3661.07,457.63375,36,1027,299,0.0204081632653061,United Kingdom,0
17820,191,2,0.01,0.01,5,-5,167,1.0,United Kingdom,1
17824,51,1,298.4,298.4,13,408,0,0.0,United Kingdom,2
17827,5,5,1995.46,399.092,190,1247,359,0.0,United Kingdom,0
17828,9,9,1599.97,177.77444444444444,54,641,176,0.1829268292682926,Malta,0
17829,299,1,889.24,889.24,30,496,0,0.0,United Arab Emirates,1
17830,2,3,398.7,132.9,18,92,287,0.0,United Kingdom,0
17831,33,1,35.400000000000006,35.400000000000006,2,12,0,0.0,United Kingdom,2
17832,50,1,155.37,155.37,61,208,0,0.0,United Kingdom,2
17835,3,3,350.64,116.88,45,348,20,0.0,United Kingdom,2
17836,47,1,110.21,110.21,23,88,0,0.0,United Kingdom,2
17837,42,10,1560.53,156.053,110,515,120,0.0174418604651162,United Kingdom,2
17838,27,6,2312.7,385.45,96,1421,345,0.1167883211678832,United Kingdom,0
17839,42,1,338.8,338.8,50,285,0,0.0,United Kingdom,2
17841,2,169,40340.78,238.7028402366864,1331,22865,371,0.0170362019290993,United Kingdom,0
17843,303,1,205.48,205.48,36,113,0,0.0,United Kingdom,1
17844,107,1,51.56,51.56,5,52,0,0.0,Canada,2
17846,85,1,2033.1,2033.1,1,1,0,0.0,United Kingdom,2
17848,81,9,901.2,100.13333333333333,41,398,276,0.0,United Kingdom,0
17849,218,4,605.8000000000001,151.45000000000002,14,114,115,0.0,United Kingdom,1
17850,302,35,5288.63,151.1037142857143,24,1693,71,0.048076923076923,United Kingdom,1
17852,12,2,114.34,57.17,21,53,0,0.0,United Kingdom,2
17854,185,2,311.26,155.63,15,84,41,0.0,United Kingdom,1
17855,373,1,208.97,208.97,17,197,0,0.0,United Kingdom,1
17856,2,6,1393.79,232.2983333333333,12,826,279,0.1176470588235294,United Kingdom,0
17857,3,25,26763.34,1070.5336,19,19086,362,0.0357142857142857,United Kingdom,0
17858,6,12,5155.66,429.6383333333333,101,2706,363,0.0,United Kingdom,0
17859,305,1,148.21,148.21,23,127,0,0.0,United Kingdom,1
17860,369,1,252.8,252.8,49,104,0,0.0,United Kingdom,1
17861,3,9,2059.2,228.8,172,1968,316,0.0044843049327354,United Kingdom,0
17862,324,1,330.9,330.9,11,100,0,0.0,United Kingdom,1
17863,59,6,3160.0,526.6666666666666,110,2638,310,0.0,United Kingdom,0
17864,13,3,597.5,199.16666666666663,70,810,262,0.0,United Kingdom,0
17865,31,27,10158.54,376.2422222222223,191,5698,333,0.0488431876606683,United Kingdom,0
17866,143,2,325.7,162.85,9,173,0,0.1,United Kingdom,2
17867,30,8,622.75,77.84375,62,253,258,0.0246913580246913,United Kingdom,0
17869,107,5,428.18,85.636,37,111,260,0.0,United Kingdom,0
17870,2,13,1889.4,145.33846153846156,214,1400,364,0.0035714285714285,United Kingdom,0
17871,205,1,155.9,155.9,10,182,0,0.0,United Kingdom,1
17873,80,6,1764.36,294.06,24,999,293,0.0434782608695652,United Kingdom,0
17874,185,7,658.26,94.03714285714284,37,209,70,0.0212765957446808,United Kingdom,1
17877,170,1,237.61,237.61,12,98,0,0.0,United Kingdom,1
17878,44,1,379.45,379.45,26,401,0,0.0,United Kingdom,2
17879,174,1,178.51999999999998,178.51999999999998,6,45,0,0.0,United Kingdom,1
17880,365,1,458.92,458.92,26,314,0,0.0,United Kingdom,1
17881,304,1,133.35000000000002,133.35000000000002,8,32,0,0.0,United Kingdom,1
17883,3,4,671.77,167.9425,133,379,242,0.0,United Kingdom,0
17884,4,4,717.45,179.3625,107,854,367,0.0,United Kingdom,0
17885,12,1,190.19,190.19,50,167,0,0.0,United Kingdom,2
17886,32,3,899.61,299.87,93,481,217,0.0,United Kingdom,0
17887,129,1,111.35,111.35,10,30,0,0.0,United Kingdom,2
17888,19,10,525.78,52.578,60,431,338,0.1728395061728395,United Kingdom,0
17889,212,2,203.87,101.935,20,79,109,0.0,United Kingdom,1
17890,323,2,602.09,301.045,88,416,38,0.0,United Kingdom,1
17891,162,1,203.86,203.86,34,393,0,0.0,United Kingdom,1
17892,56,3,244.1,81.36666666666666,27,109,99,0.0,United Kingdom,2
17893,225,1,112.25,112.25,15,161,0,0.0,United Kingdom,1
17894,72,8,1119.81,139.97625,127,405,294,0.0,United Kingdom,0
17895,44,1,98.0,98.0,15,130,0,0.0,United Kingdom,2
17896,23,1,256.32,256.32,2,288,0,0.0,United Kingdom,2
17897,173,4,541.1,135.275,100,223,200,0.008695652173913,United Kingdom,0
17898,85,2,152.06,76.03,27,190,121,0.0,United Kingdom,2
17899,159,1,155.8,155.8,29,171,0,0.0,United Kingdom,1
17900,165,4,15.0,3.75,4,1,25,0.4545454545454545,United Kingdom,1
17901,29,1,110.38,110.38,19,24,0,0.0,United Kingdom,2
17904,21,2,178.92,89.46,33,62,0,0.0256410256410256,United Kingdom,2
17905,71,4,800.24,200.06,33,407,302,0.0,United Kingdom,0
17906,247,1,72.9,72.9,12,26,0,0.0,United Kingdom,1
17908,374,1,243.28,243.28,51,173,0,0.0,United Kingdom,1
17911,9,1,366.23,366.23,39,223,0,0.0,United Kingdom,2
17912,310,6,295.61,49.26833333333334,35,183,54,0.05,United Kingdom,1
17913,59,2,411.6,205.8,55,289,296,0.0,United Kingdom,0
17914,4,1,336.43,336.43,72,473,0,0.0,United Kingdom,2
17917,45,3,341.28,113.76,77,187,317,0.0,United Kingdom,0
17919,88,1,1304.04,1304.04,23,756,0,0.0,United Kingdom,2
17920,4,17,4204.1,247.3,407,2516,369,0.0,United Kingdom,0
17921,64,4,826.52,206.63,114,430,202,0.0,United Kingdom,0
17923,282,1,207.50000000000003,207.50000000000003,1,50,0,0.0,United Kingdom,1
17924,1,13,2894.33,222.6407692307692,27,1141,372,0.1842105263157894,United Kingdom,0
17925,373,1,244.08,244.08,1,72,0,0.0,United Kingdom,1
17926,133,2,397.29,198.645,17,306,70,0.0,United Kingdom,2
17928,45,2,212.54,106.27,23,140,200,0.0,United Kingdom,0
17929,11,5,834.5,166.9,4,107,297,0.1666666666666666,United Kingdom,0
17930,36,5,1740.48,348.096,26,1594,203,0.0,United Kingdom,0
17931,134,2,408.36,204.18,63,249,121,0.0,United Kingdom,2
17932,29,3,1331.57,443.8566666666666,84,789,182,0.0,United Kingdom,0
17934,52,2,704.25,352.125,21,478,7,0.0,United Kingdom,2
17935,138,2,145.79,72.895,28,82,3,0.0,United Kingdom,2
17936,5,1,389.84,389.84,68,262,0,0.0,United Kingdom,2
17937,9,7,4301.22,614.46,19,1754,353,0.0,United Kingdom,0
17939,160,1,99.14,99.14,12,40,0,0.0,United Kingdom,1
17940,49,14,1983.58,141.68428571428572,8,9751,253,0.1739130434782608,United Kingdom,0
17941,131,1,304.56,304.56,2,252,0,0.0,United Kingdom,2
17942,8,1,77.50000000000001,77.50000000000001,2,38,0,0.0,United Kingdom,2
17946,233,2,149.57999999999998,74.78999999999999,18,75,26,0.0,United Kingdom,1
17947,37,1,176.68,176.68,9,168,0,0.0,United Kingdom,2
17948,147,1,358.56000000000006,358.56000000000006,1,144,0,0.0,United Kingdom,1
17949,1,52,52750.84,1014.4392307692308,29,27571,370,0.1139240506329113,United Kingdom,0
17950,72,4,472.12,118.03,63,342,293,0.0138888888888888,United Kingdom,0
17951,40,4,990.84,247.71000000000004,18,610,333,0.0476190476190476,United Kingdom,0
17954,5,16,2295.37,143.460625,327,2229,365,0.0081799591002045,United Kingdom,0
17955,199,4,557.3,139.325,14,273,20,0.0,United Kingdom,1
17956,249,1,12.75,12.75,1,1,0,0.0,United Kingdom,1
17957,66,1,111.68,111.68,31,287,0,0.0,United Kingdom,2
17958,117,1,508.4599999999999,508.4599999999999,7,84,0,0.0,United Kingdom,2
17960,171,1,73.78,73.78,26,41,0,0.0,United Kingdom,1
17961,21,39,1296.44,33.242051282051285,211,560,350,0.0,United Kingdom,0
17962,142,1,102.83,102.83,33,128,0,0.0,United Kingdom,2
17964,32,2,471.7,235.85,84,301,340,0.0,United Kingdom,0
17965,38,14,2622.57,187.32642857142855,274,1556,331,0.0,United Kingdom,0
17966,38,5,1098.43,219.686,53,2571,223,0.0,United Kingdom,0
17967,372,1,123.07,123.07,41,80,0,0.0,United Kingdom,1
17968,374,1,277.35,277.35,74,160,0,0.0,United Kingdom,1
17969,166,2,228.2,114.1,14,152,194,0.0,United Kingdom,2
17970,211,1,582.59,582.59,27,525,0,0.0,United Kingdom,1
17972,242,1,136.04,136.04,30,37,0,0.0,United Kingdom,1
17973,52,1,337.04,337.04,15,176,0,0.0,United Kingdom,2
17974,25,3,740.79,246.93,143,519,194,0.0,United Kingdom,0
17975,15,14,4393.61,313.8292857142857,189,1552,351,0.0033670033670033,United Kingdom,0
17976,372,1,353.19,353.19,56,106,0,0.0,United Kingdom,1
17977,29,1,288.14,288.14,19,342,0,0.0,United Kingdom,2
17978,365,1,300.92,300.92,12,499,0,0.0,United Kingdom,1
17979,36,5,737.81,147.56199999999998,116,395,224,0.0068027210884353,United Kingdom,0
17980,166,3,811.45,270.4833333333333,23,682,193,0.0,United Kingdom,0
17984,145,1,152.68,152.68,48,98,0,0.0,United Kingdom,2
17985,22,1,634.95,634.95,20,183,0,0.0,United Kingdom,2
17986,56,1,20.8,20.8,1,10,0,0.0,United Kingdom,2
17987,185,1,198.57,198.57,13,261,0,0.0,United Kingdom,1
17988,12,8,191.17,23.89625,37,42,314,0.0256410256410256,United Kingdom,0
17990,237,3,630.84,210.28,27,414,124,0.0,United Kingdom,1
17991,225,2,93.35,46.675,4,25,0,0.0,United Kingdom,1
17994,122,6,629.6899999999999,104.94833333333332,63,473,169,0.0357142857142857,United Kingdom,0
17995,282,1,76.1,76.1,2,133,0,0.0,United Kingdom,1
17997,74,12,1511.3,125.94166666666666,134,2078,89,0.0777777777777777,United Kingdom,2
17999,37,2,382.06,191.03,87,221,329,0.0,United Kingdom,0
18001,12,2,417.23,208.615,56,363,74,0.0,United Kingdom,2
18004,362,1,169.47,169.47,32,78,0,0.0,United Kingdom,1
18005,4,2,249.72,124.86,52,93,43,0.0,United Kingdom,2
18006,23,1,444.68,444.68,21,220,0,0.0,United Kingdom,2
18008,70,9,2116.19,235.13222222222225,24,1581,248,0.0,United Kingdom,0
18009,235,2,252.24,126.12,31,124,0,0.0303030303030303,United Kingdom,1
18010,257,1,174.8,174.8,14,60,0,0.0,United Kingdom,1
18011,373,1,102.79,102.79,28,71,0,0.0,United Kingdom,1
18013,155,2,187.29,93.645,31,285,0,0.0,United Kingdom,2
18014,28,1,166.42,166.42,29,68,0,0.0,United Kingdom,2
18015,4,1,120.03,120.03,46,157,0,0.0,United Kingdom,2
18016,32,5,1483.56,296.712,90,1029,331,0.0,United Kingdom,0
18017,81,3,523.0,174.33333333333334,1,300,229,0.0,United Kingdom,0
18018,108,2,122.14,61.07,29,55,91,0.0,United Kingdom,2
18019,52,1,38.45,38.45,5,7,0,0.0,United Kingdom,2
18022,36,1,668.11,668.11,141,736,0,0.0,United Kingdom,2
18024,153,3,236.78,78.92666666666666,21,148,0,0.0454545454545454,United Kingdom,1
18027,99,1,115.31,115.31,21,78,0,0.0,United Kingdom,2
18030,4,3,220.7,73.56666666666666,8,66,38,0.1,United Kingdom,2
18032,334,1,73.5,73.5,5,42,0,0.0,United Kingdom,1
18033,65,1,97.97,97.97,32,253,0,0.0,United Kingdom,2
18034,22,2,422.88,211.44,99,561,0,0.0,United Kingdom,2
18035,36,3,730.4,243.46666666666667,44,611,7,0.0,United Kingdom,2
18036,32,3,405.62,135.20666666666668,77,234,213,0.0,United Kingdom,0
18037,154,6,70.02,11.67,19,20,207,0.0,United Kingdom,0
18040,19,2,357.20000000000005,178.60000000000002,18,148,226,0.0,United Kingdom,0
18041,12,22,4161.14,189.14272727272729,285,3810,361,0.0042194092827004,United Kingdom,0
18042,54,1,165.04999999999998,165.04999999999998,7,33,0,0.0,United Kingdom,2
18043,25,3,559.51,186.50333333333333,106,282,342,0.0,United Kingdom,0
18044,4,11,2085.65,189.60454545454547,88,1032,356,0.0078125,United Kingdom,0
18045,45,1,189.4,189.4,43,142,0,0.0,United Kingdom,2
18048,203,2,172.29000000000002,86.14500000000001,6,127,0,0.0,United Kingdom,1
18050,359,1,74.4,74.4,5,40,0,0.0,United Kingdom,1
18053,66,2,297.07,148.535,20,301,4,0.0476190476190476,United Kingdom,2
18055,7,11,6752.14,613.8309090909091,223,2450,362,0.0082644628099173,United Kingdom,0
18056,288,1,363.65,363.65,19,211,0,0.0,United Kingdom,1
18058,10,1,170.16,170.16,3,88,0,0.0,United Kingdom,2
18059,9,4,296.71,74.1775,17,253,58,0.1,United Kingdom,2
18061,22,10,2119.41,211.941,18,955,344,0.0,United Kingdom,0
18062,173,3,720.52,240.1733333333333,23,396,164,0.0,United Kingdom,2
18064,133,2,814.0,407.0,7,384,102,0.0,United Kingdom,2
18065,6,15,2380.08,158.672,110,1024,358,0.0072463768115942,United Kingdom,0
18066,75,1,318.0,318.0,10,108,0,0.0,United Kingdom,2
18067,40,1,396.33,396.33,36,189,0,0.0,United Kingdom,2
18068,289,1,101.7,101.7,1,6,0,0.0,United Kingdom,1
18069,26,7,2021.82,288.83142857142855,334,1308,301,0.0042372881355932,United Kingdom,0
18071,258,2,453.0,226.5,23,260,108,0.0,United Kingdom,1
18072,155,2,0.01,0.01,20,46,30,0.5,United Kingdom,1
18073,114,13,3864.44,297.2646153846154,23,3098,82,0.0394736842105263,United Kingdom,2
18074,374,1,489.6,489.6,13,190,0,0.0,United Kingdom,1
18075,23,14,2538.7200000000003,181.33714285714288,97,1437,337,0.0718954248366013,United Kingdom,0
18077,8,11,2633.01,239.36454545454544,101,1878,358,0.0,United Kingdom,0
18078,217,2,336.13,168.065,27,145,41,0.0,United Kingdom,1
18079,45,4,3651.97,912.9925,99,7432,193,0.0,United Kingdom,0
18080,19,2,1231.5,615.75,2,642,223,0.0,United Kingdom,0
18081,36,3,343.45,114.48333333333332,14,195,97,0.0,United Kingdom,2
18082,26,1,703.37,703.37,62,621,0,0.0,United Kingdom,2
18084,16,2,87.52999999999999,43.76499999999999,2,311,284,0.5,United Kingdom,0
18085,330,2,689.95,344.975,25,265,43,0.0,United Kingdom,1
18086,274,1,101.34,101.34,7,106,0,0.0,United Kingdom,1
18087,98,4,3770.12,942.53,7,3571,203,0.7142857142857143,United Kingdom,0
18088,61,1,167.67000000000002,167.67000000000002,35,109,0,0.0,United Kingdom,2
18092,2,12,9065.76,755.48,28,4250,363,0.0111111111111111,United Kingdom,0
18093,93,5,2083.42,416.684,31,1381,209,0.0526315789473684,United Kingdom,0
18094,82,7,3017.3,431.04285714285714,39,2518,210,0.0,United Kingdom,0
18095,313,2,580.0500000000001,290.02500000000003,20,419,20,0.0,United Kingdom,1
18096,12,3,911.15,303.71666666666664,157,825,52,0.0,United Kingdom,2
18097,8,7,2692.85,384.6928571428571,66,1685,346,0.0091743119266055,United Kingdom,0
18099,127,1,168.31,168.31,19,149,0,0.0,United Kingdom,2
18101,11,2,223.65,111.825,37,88,132,0.0,United Kingdom,2
18102,1,62,256438.49,4136.104677419355,151,64122,366,0.0046189376443418,United Kingdom,0
18104,37,1,754.64,754.64,38,362,0,0.0,United Kingdom,2
18105,38,1,113.48000000000002,113.48000000000002,18,46,0,0.0,United Kingdom,2
18106,330,1,430.7,430.7,33,128,0,0.0,United Kingdom,1
18108,249,2,264.65,132.325,17,82,5,0.1052631578947368,United Kingdom,1
18109,2,31,7925.32,255.6554838709677,120,4219,368,0.0220264317180616,United Kingdom,0
18110,19,2,206.05,103.025,33,79,0,0.0612244897959183,United Kingdom,2
18112,12,2,352.69,176.345,26,255,154,0.0,United Kingdom,2
18113,369,1,76.32000000000001,76.32000000000001,1,72,0,0.0,United Kingdom,1
18114,290,1,220.1,220.1,28,55,0,0.0,United Kingdom,1
18116,68,8,1418.03,177.25375,230,848,296,0.0,United Kingdom,0
18117,26,1,320.72,320.72,68,618,0,0.0,United Kingdom,2
18118,11,31,5595.77,180.50870967741935,424,2877,358,0.0038940809968847,United Kingdom,0
18119,368,1,181.12,181.12,29,125,0,0.0,United Kingdom,1
18120,214,1,111.15,111.15,17,31,0,0.0,United Kingdom,1
18121,149,2,673.1,336.55,28,450,5,0.0,United Kingdom,2
18122,8,6,1826.21,304.36833333333334,239,1234,142,0.0,United Kingdom,0
18123,24,2,589.4399999999999,294.72,31,594,7,0.0,United Kingdom,2
18125,30,5,1141.34,228.268,164,803,286,0.0050761421319796,United Kingdom,0
18126,61,1,206.83,206.83,52,144,0,0.0,United Kingdom,2
18127,19,3,348.73,116.24333333333334,41,188,114,0.0,United Kingdom,2
18129,243,1,112.55,112.55,13,48,0,0.0,United Kingdom,1
18130,9,4,1045.74,261.435,58,817,48,0.0140845070422535,United Kingdom,2
18133,211,2,715.4999999999999,357.74999999999994,2,0,1,0.5,United Kingdom,1
18135,29,5,681.9100000000001,136.382,11,349,161,0.0,United Kingdom,2
18136,63,4,761.83,190.4575,34,373,256,0.0256410256410256,United Kingdom,0
18138,295,1,152.65,152.65,8,38,0,0.0,United Kingdom,1
18139,17,8,8393.22,1049.1525,36,5461,1,0.0185185185185185,United Kingdom,2
18141,361,1,0.01,0.01,1,-12,0,1.0,United Kingdom,1
18142,151,4,1014.9,253.725,9,1273,64,0.1666666666666666,United Kingdom,2
18143,117,2,1000.16,500.08,59,570,25,0.0,United Kingdom,2
18144,8,12,2888.75,240.72916666666663,27,1343,365,0.0,United Kingdom,0
18145,13,4,2861.55,715.3875,174,2625,299,0.0,United Kingdom,0
18146,141,2,160.35000000000002,80.17500000000001,10,153,79,0.0,United Kingdom,2
18147,46,2,179.33999999999995,89.66999999999999,7,203,62,0.0,United Kingdom,2
18149,51,3,612.0799999999999,204.02666666666664,11,310,222,0.0,United Kingdom,0
18150,32,3,566.58,188.86,29,332,169,0.0,United Kingdom,2
18151,135,2,653.35,326.675,38,355,155,0.0,United Kingdom,2
18154,3,2,399.19,199.595,15,255,40,0.0,United Kingdom,2
18155,75,4,347.82,86.955,19,258,216,0.1071428571428571,United Kingdom,0
18156,13,2,734.94,367.47,100,301,356,0.0,United Kingdom,0
18158,9,3,451.75,150.58333333333334,24,353,79,0.0285714285714285,United Kingdom,2
18159,301,1,530.15,530.15,23,139,0,0.0,United Kingdom,1
18160,57,2,638.0600000000001,319.03000000000003,37,294,143,0.0,United Kingdom,2
18161,10,6,1612.79,268.79833333333335,49,810,309,0.0123456790123456,United Kingdom,0
18164,31,2,394.7,197.35,24,183,6,0.04,United Kingdom,2
18165,177,1,302.46000000000004,302.46000000000004,10,254,0,0.0,United Kingdom,1
18167,4,6,1355.51,225.9183333333333,25,359,101,0.1395348837209302,United Kingdom,2
18168,176,9,1133.64,125.96,101,585,196,0.0642857142857142,United Kingdom,0
18169,61,1,202.65,202.65,9,61,0,0.0,United Kingdom,2
18170,33,3,980.31,326.77,29,409,183,0.0,United Kingdom,0
18171,59,7,1208.51,172.6442857142857,43,477,274,0.0357142857142857,United Kingdom,0
18172,15,25,7490.17,299.6068,101,3170,279,0.0406091370558375,United Kingdom,0
18173,87,4,2106.84,526.71,23,1220,187,0.0,United Kingdom,0
18174,7,1,104.0,104.0,1,50,0,0.0,United Kingdom,2
18176,354,2,448.65,224.325,30,279,4,0.0909090909090909,United Kingdom,1
18177,31,7,1314.17,187.73857142857145,53,705,224,0.0133333333333333,United Kingdom,0
18178,114,6,1573.41,262.235,80,979,250,0.0202020202020202,United Kingdom,0
18179,9,6,1793.17,298.8616666666667,86,1360,327,0.0,United Kingdom,0
18180,5,6,1843.75,307.2916666666667,108,1721,137,0.0,United Kingdom,0
18181,24,1,382.8,382.8,40,146,0,0.0,United Kingdom,2
18183,218,6,600.52,100.08666666666666,36,362,56,0.1590909090909091,United Kingdom,1
18184,15,1,49.8,49.8,1,60,0,0.0,United Kingdom,2
18185,249,1,304.25,304.25,17,183,0,0.0,United Kingdom,1
18188,15,4,1998.49,499.6225,63,1167,275,0.0138888888888888,United Kingdom,0
18189,78,3,1084.34,361.44666666666666,65,564,190,0.0144927536231884,United Kingdom,0
18190,192,3,274.51,91.50333333333332,14,139,138,0.0625,United Kingdom,1
18191,262,1,207.8,207.8,7,140,0,0.0,United Kingdom,1
18192,72,1,957.97,957.97,45,339,0,0.0,United Kingdom,2
18193,151,3,212.96,70.98666666666666,17,120,215,0.1111111111111111,United Kingdom,0
18194,64,2,896.0,448.0,7,448,18,0.2222222222222222,United Kingdom,2
18196,95,2,689.13,344.565,131,433,195,0.0,United Kingdom,0
18198,4,21,5083.06,242.05047619047625,81,3839,332,0.0421686746987951,United Kingdom,0
18200,106,1,163.8,163.8,29,111,0,0.0,United Kingdom,2
18202,200,3,1396.99,465.66333333333336,55,581,111,0.0,United Kingdom,1
18203,157,1,160.42000000000002,160.42000000000002,19,43,0,0.0,United Kingdom,1
18204,71,4,1979.3,494.825,159,1198,121,0.0099009900990099,United Kingdom,2
18205,36,2,517.36,258.68,30,192,38,0.0,United Kingdom,2
18209,29,1,139.10000000000002,139.10000000000002,8,58,0,0.0,United Kingdom,2
18210,2,6,2621.38,436.8966666666667,109,1398,265,0.0,United Kingdom,0
18211,26,5,600.07,120.014,37,359,252,0.0,United Kingdom,0
18212,326,1,248.42,248.42,30,101,0,0.0,United Kingdom,1
18213,237,1,232.48,232.48,15,232,0,0.0,United Kingdom,1
18215,89,1,299.34000000000003,299.34000000000003,13,118,0,0.0,United Kingdom,2
18216,31,1,481.75,481.75,26,200,0,0.0,United Kingdom,2
18217,29,2,621.75,310.875,27,491,41,0.0,United Kingdom,2
18218,206,4,626.38,156.595,17,546,75,0.125,United Kingdom,1
18219,3,11,2019.77,183.61545454545453,58,883,366,0.008695652173913,United Kingdom,0
18220,220,2,297.78000000000003,148.89,2,282,7,0.5,United Kingdom,1
18221,22,6,1033.31,172.21833333333333,59,789,189,0.0153846153846153,United Kingdom,0
18222,93,1,443.0,443.0,19,335,0,0.0,United Kingdom,2
18223,2,27,6315.2300000000005,233.89740740740743,119,2890,356,0.0903010033444816,United Kingdom,0
18224,264,1,158.95000000000002,158.95000000000002,10,69,0,0.0,United Kingdom,1
18225,3,17,5361.02,315.35411764705884,151,3206,368,0.0524475524475524,United Kingdom,0
18226,39,14,5192.1,370.86428571428576,141,3459,299,0.0122448979591836,United Kingdom,0
18227,218,1,93.75,93.75,5,21,0,0.0,United Kingdom,1
18228,50,3,769.2,256.40000000000003,23,236,29,0.0625,United Kingdom,2
18229,12,20,7276.900000000001,363.845,66,2488,361,0.0,United Kingdom,0
18230,9,10,2716.6000000000004,271.66,32,1298,355,0.0337078651685393,United Kingdom,0
18231,192,6,2066.17,344.3616666666667,106,808,96,0.0158730158730158,United Kingdom,2
18232,82,5,582.47,116.494,31,299,115,0.075,United Kingdom,2
18233,326,1,440.0,440.0,1,4,0,0.0,United Kingdom,1
18235,72,3,1796.48,598.8266666666667,100,1578,145,0.0,United Kingdom,2
18236,30,6,882.24,147.04,42,403,210,0.0,United Kingdom,0
18237,3,5,987.1,197.42,40,622,131,0.0,United Kingdom,2
18239,219,5,1561.61,312.322,80,795,153,0.0,United Kingdom,1
18240,46,1,422.58,422.58,6,126,0,0.0,United Kingdom,2
18241,10,18,2058.09,114.33833333333334,60,1047,208,0.0095238095238095,United Kingdom,0
18242,72,4,2232.49,558.1225000000001,72,1017,141,0.0,United Kingdom,2
18245,7,8,2507.56,313.445,155,1781,347,0.0112994350282485,United Kingdom,0
18246,24,2,596.1,298.05,3,166,209,0.0,United Kingdom,0
18248,114,4,783.02,195.755,39,501,72,0.0408163265306122,United Kingdom,2
18249,17,1,95.34,95.34,8,128,0,0.0,United Kingdom,2
18250,301,2,342.92,171.46,21,198,9,0.0454545454545454,United Kingdom,1
18251,87,1,4314.72,4314.72,16,7824,0,0.0,United Kingdom,2
18252,51,2,526.67,263.335,90,239,121,0.0,United Kingdom,2
18255,89,1,103.3,103.3,6,74,0,0.0,United Kingdom,2
18256,355,1,0.01,0.01,4,-70,0,1.0,United Kingdom,1
18257,39,12,2265.38,188.78166666666667,98,1010,256,0.040650406504065,United Kingdom,0
18259,25,3,2338.6000000000004,779.5333333333334,27,714,341,0.0,United Kingdom,0
18260,173,8,2595.0,324.375,86,1469,185,0.0428571428571428,United Kingdom,0
18261,43,2,324.24,162.12,19,146,52,0.0,United Kingdom,2
18262,140,1,149.48,149.48,13,182,0,0.0,United Kingdom,2
18263,23,4,1211.08,302.77,59,1467,229,0.0161290322580645,United Kingdom,0
18265,72,2,801.51,400.755,44,311,85,0.0,United Kingdom,2
18268,134,2,0.01,0.01,1,0,0,0.5,United Kingdom,1
18269,358,2,138.9,69.45,7,70,8,0.125,United Kingdom,1
18270,38,3,238.95,79.65,12,97,228,0.1538461538461538,United Kingdom,0
18272,3,7,3064.78,437.8257142857143,99,2044,244,0.0235294117647058,United Kingdom,0
18273,2,3,204.0,68.0,1,80,255,0.0,United Kingdom,0
18274,18,2,0.01,0.01,11,0,12,0.5,United Kingdom,2
18276,21,3,323.36,107.78666666666668,14,184,22,0.125,United Kingdom,2
18277,58,2,97.63,48.815,9,67,260,0.1111111111111111,United Kingdom,0
18278,74,1,173.9,173.9,9,66,0,0.0,United Kingdom,2
18280,278,1,180.6,180.6,10,45,0,0.0,United Kingdom,1
18281,181,1,80.82,80.82,7,54,0,0.0,United Kingdom,1
18282,8,3,176.6,58.86666666666667,12,98,118,0.0769230769230769,United Kingdom,2
18283,4,16,2094.88,130.93,263,1397,333,0.0,United Kingdom,0
18287,43,3,1837.28,612.4266666666666,59,1586,158,0.0,United Kingdom,0
