CustomerID,Recency,Frequency,Monetary,AvgBasketValue,DistinctProducts,TenureDays,CancellationRate,FirstPurchase,IsSyntheticOutlier,AnomalyScore
12346,326.0,2.0,0.01,0.01,1.0,0.0,0.5,2011-01-18 10:01:00,0,0.7118314161510467
12347,2.0,7.0,4310.0,615.7142857142857,103.0,365.0,0.0,2010-12-07 14:57:00,0,0.4503568286408015
12348,75.0,4.0,1797.24,449.31,22.0,282.0,0.0,2010-12-16 19:09:00,0,0.42395412548230865
12349,19.0,1.0,1757.55,1757.55,73.0,0.0,0.0,2011-11-21 09:51:00,0,0.4758608977926542
12350,310.0,1.0,334.4,334.4,17.0,0.0,0.0,2011-02-02 16:01:00,0,0.4162219950164461
12352,36.0,11.0,1545.41,140.4918181818182,59.0,260.0,0.1052631578947368,2011-02-16 12:33:00,0,0.4631495390579884
12353,204.0,1.0,89.0,89.0,4.0,0.0,0.0,2011-05-19 17:47:00,0,0.4512175930576596
12354,232.0,1.0,1079.4,1079.4,58.0,0.0,0.0,2011-04-21 13:11:00,0,0.4791514613770735
12355,214.0,1.0,459.4,459.4,13.0,0.0,0.0,2011-05-09 13:49:00,0,0.41329063980057856
12356,23.0,3.0,2811.43,937.1433333333332,53.0,302.0,0.0,2011-01-18 09:50:00,0,0.44008810150523725
12357,33.0,1.0,6207.67,6207.67,131.0,0.0,0.0,2011-11-06 16:07:00,0,0.5352186403043759
12358,2.0,2.0,1168.06,584.03,13.0,149.0,0.0,2011-07-12 10:04:00,0,0.428641065322133
12359,8.0,6.0,6245.53,1040.9216666666666,214.0,323.0,0.0236220472440944,2011-01-12 12:43:00,0,0.4911735734952335
12360,52.0,3.0,2662.06,887.3533333333334,105.0,148.0,0.0,2011-05-23 09:43:00,0,0.43656928448961385
12361,287.0,1.0,189.9,189.9,10.0,0.0,0.0,2011-02-25 13:51:00,0,0.4124737359749855
12362,3.0,13.0,5154.58,396.5061538461538,201.0,292.0,0.0291970802919708,2011-02-17 10:30:00,0,0.4520802839957244
12363,110.0,2.0,552.0,276.0,23.0,132.0,0.0,2011-04-11 13:29:00,0,0.39950476589384487
12364,8.0,4.0,1313.1,328.275,70.0,104.0,0.0,2011-08-19 15:24:00,0,0.395873168337642
12365,291.0,3.0,320.69,106.89666666666666,22.0,0.0,0.0434782608695652,2011-02-21 13:51:00,0,0.46759387956932835
12367,4.0,1.0,168.9,168.9,11.0,0.0,0.0,2011-12-05 16:48:00,0,0.40329074405477516
12370,51.0,4.0,3545.69,886.4225,143.0,309.0,0.0,2010-12-14 12:58:00,0,0.4521671168313715
12371,45.0,2.0,1887.96,943.98,63.0,14.0,0.0,2011-10-11 10:43:00,0,0.4384939883216745
12372,72.0,3.0,1298.04,432.68,34.0,224.0,0.0,2011-02-16 12:46:00,0,0.3977375884127532
12373,311.0,1.0,364.6,364.6,14.0,0.0,0.0,2011-02-01 13:10:00,0,0.4214542424947354
12374,25.0,1.0,742.9300000000001,742.9300000000001,33.0,0.0,0.0,2011-11-14 15:37:00,0,0.4192212377980517
12375,3.0,3.0,455.42,151.80666666666667,14.0,95.0,0.0555555555555555,2011-09-02 14:23:00,0,0.42951464697620567
12377,315.0,2.0,1628.12,814.06,72.0,39.0,0.0,2010-12-20 09:37:00,0,0.5147431795767999
12378,130.0,1.0,4008.62,4008.62,219.0,0.0,0.0,2011-08-02 10:34:00,0,0.5445159569945515
12379,82.0,3.0,850.29,283.43,39.0,88.0,0.024390243902439,2011-06-22 16:32:00,0,0.4034710757075423
12380,22.0,5.0,2720.56,544.112,77.0,164.0,0.0095238095238095,2011-06-07 09:49:00,0,0.4119229214696363
12381,5.0,6.0,1803.96,300.66,70.0,115.0,0.0439560439560439,2011-08-12 09:57:00,0,0.423818917270918
12383,185.0,6.0,1839.31,306.5516666666667,84.0,167.0,0.01,2010-12-22 14:28:00,0,0.4578982879307455
12384,29.0,3.0,566.16,188.72,26.0,92.0,0.1,2011-08-10 11:23:00,0,0.4235148067441622
12386,338.0,2.0,401.9,200.95,10.0,29.0,0.0,2010-12-08 09:53:00,0,0.47596557600022527
12388,16.0,6.0,2780.66,463.4433333333333,57.0,311.0,0.0,2011-01-17 11:12:00,0,0.4136184302551235
12390,80.0,1.0,549.84,549.84,32.0,0.0,0.0,2011-09-21 09:33:00,0,0.3964034687917014
12391,22.0,1.0,460.89,460.89,92.0,0.0,0.0,2011-11-18 12:07:00,0,0.4215617225577508
12393,72.0,4.0,1582.6,395.65,47.0,260.0,0.0,2011-01-11 09:47:00,0,0.4017108105023665
12394,64.0,2.0,1272.48,636.24,26.0,153.0,0.0,2011-05-06 14:01:00,0,0.402940816656621
12395,16.0,15.0,2998.28,199.8853333333333,91.0,355.0,0.0188679245283018,2010-12-03 16:35:00,0,0.4381225823872856
12397,36.0,2.0,2409.9,1204.95,110.0,99.0,0.0,2011-07-27 14:21:00,0,0.4556224357076813
12398,46.0,1.0,1635.66,1635.66,85.0,0.0,0.0,2011-10-25 10:27:00,0,0.46699948663632634
12399,119.0,4.0,1108.65,277.1625,47.0,142.0,0.0,2011-03-23 09:42:00,0,0.4045130425466766
12401,303.0,1.0,84.3,84.3,5.0,0.0,0.0,2011-02-09 13:50:00,0,0.4672590310317416
12402,323.0,1.0,225.6,225.6,11.0,0.0,0.0,2011-01-20 13:49:00,0,0.42629786070721243
12403,50.0,2.0,409.7,204.85,5.0,0.0,0.1666666666666666,2011-10-21 10:51:00,0,0.49114066933483586
12405,149.0,1.0,1710.39,1710.39,54.0,0.0,0.0,2011-07-14 08:52:00,0,0.47584464071464627
12406,22.0,3.0,3280.75,1093.5833333333333,92.0,161.0,0.0277777777777777,2011-06-09 10:23:00,0,0.4604404389060222
12407,50.0,5.0,1708.12,341.624,57.0,214.0,0.0,2011-03-20 13:21:00,0,0.39232862250618056
12408,33.0,9.0,2842.57,315.8411111111111,81.0,227.0,0.0707964601769911,2011-03-24 14:46:00,0,0.42852703420736216
12409,79.0,7.0,11056.93,1579.561428571429,91.0,103.0,0.043859649122807,2011-06-10 12:19:00,0,0.5363666366723969
12410,301.0,3.0,681.0799999999999,227.02666666666664,26.0,7.0,0.0714285714285714,2011-02-04 10:38:00,0,0.4845560833011957
12412,75.0,3.0,1226.88,408.96,43.0,94.0,0.0,2011-06-23 13:51:00,0,0.39471959747493535
12413,67.0,5.0,694.15,138.82999999999998,29.0,270.0,0.05,2011-01-06 16:12:00,0,0.42783497317588054
12414,217.0,3.0,562.41,187.47,16.0,93.0,0.0,2011-02-02 14:51:00,0,0.4320822736952824
12415,24.0,26.0,123725.45,4758.671153846154,444.0,313.0,0.0798969072164948,2011-01-06 11:12:00,0,0.6371280858458757
12417,3.0,12.0,3578.8,298.2333333333333,158.0,354.0,0.0303030303030303,2010-12-17 11:51:00,0,0.4427759623557225
12418,113.0,1.0,668.58,668.58,34.0,0.0,0.0,2011-08-19 11:08:00,0,0.4085520195718191
12420,64.0,1.0,600.39,600.39,29.0,0.0,0.0,2011-10-07 08:55:00,0,0.3967595401082239
12421,16.0,5.0,806.27,161.254,33.0,303.0,0.0217391304347826,2011-01-24 15:09:00,0,0.4145475294754777
12422,96.0,3.0,803.5600000000001,267.8533333333333,39.0,229.0,0.0,2011-01-19 09:13:00,0,0.40301603508015676
12423,1.0,9.0,1849.11,205.45666666666665,97.0,352.0,0.0079365079365079,2010-12-21 10:54:00,0,0.43166059929547823
12424,163.0,2.0,1760.96,880.48,30.0,0.0,0.0,2011-06-30 12:06:00,0,0.4516466099489079
12425,78.0,1.0,777.2,777.2,36.0,0.0,0.0,2011-09-22 17:31:00,0,0.4164915967559861
12426,195.0,1.0,582.73,582.73,30.0,0.0,0.0,2011-05-29 12:26:00,0,0.4194222135146832
12427,12.0,5.0,708.37,141.674,26.0,360.0,0.1142857142857142,2010-12-03 10:44:00,0,0.4839915509579151
12428,26.0,12.0,7877.2,656.4333333333333,258.0,257.0,0.02,2011-03-01 09:33:00,0,0.4811826218176276
12429,9.0,4.0,3750.4,937.6,82.0,356.0,0.0,2010-12-09 12:05:00,0,0.4599732180629218
12430,43.0,1.0,256.4,256.4,11.0,0.0,0.0,2011-10-27 15:09:00,0,0.3881397175452915
12431,36.0,18.0,6416.39,356.4661111111111,163.0,338.0,0.0167364016736401,2010-12-01 10:03:00,0,0.46326081633195837
12432,43.0,5.0,5059.32,1011.864,107.0,129.0,0.0,2011-06-20 13:27:00,0,0.46369411733783
12433,1.0,7.0,13375.87,1910.838571428572,219.0,372.0,0.0,2010-12-01 13:24:00,0,0.5499576810447625
12434,85.0,4.0,765.19,191.2975,49.0,276.0,0.074074074074074,2010-12-14 11:12:00,0,0.4362793405899508
12435,80.0,2.0,7829.89,3914.945,31.0,188.0,0.0,2011-03-17 07:40:00,0,0.5167919349464699
12436,100.0,1.0,509.01,509.01,16.0,0.0,0.0,2011-09-01 12:09:00,0,0.3962688482576873
12437,2.0,19.0,4896.66,257.718947368421,118.0,329.0,0.005,2011-01-12 14:13:00,0,0.44840001556019543
12438,14.0,2.0,2906.85,1453.425,84.0,125.0,0.0,2011-07-22 13:29:00,0,0.46173724528755056
12441,367.0,1.0,173.55,173.55,11.0,0.0,0.0,2010-12-08 10:45:00,0,0.4563899824590306
12442,3.0,1.0,172.06,172.06,12.0,0.0,0.0,2011-12-06 14:22:00,0,0.40204219494116417
12444,21.0,5.0,5005.46,1001.092,138.0,149.0,0.0,2011-06-21 14:00:00,0,0.4625336453738205
12445,22.0,1.0,133.4,133.4,4.0,0.0,0.0,2011-11-17 18:43:00,0,0.42868586061623687
12446,58.0,1.0,1002.31,1002.31,57.0,0.0,0.0,2011-10-13 12:50:00,0,0.43413255635700404
12447,243.0,1.0,476.49,476.49,26.0,0.0,0.0,2011-04-10 13:25:00,0,0.4163733361847358
12448,44.0,1.0,449.45,449.45,22.0,0.0,0.0,2011-10-26 13:46:00,0,0.3913842993868266
12449,22.0,4.0,4067.29,1016.8225,118.0,164.0,0.0,2011-06-05 15:37:00,0,0.44524416370365366
12450,156.0,2.0,197.88,98.94,7.0,17.0,0.0,2011-06-19 14:36:00,0,0.43576306700002926
12451,11.0,6.0,8933.52,1488.92,265.0,313.0,0.0028169014084507,2011-01-19 09:05:00,0,0.513694742132748
12452,17.0,3.0,428.57,142.85666666666663,21.0,0.0,0.0434782608695652,2011-11-23 08:05:00,0,0.4239418355710065
12453,134.0,1.0,707.09,707.09,43.0,0.0,0.0,2011-07-28 14:08:00,0,0.41786479049924014
12454,53.0,2.0,0.01,0.01,15.0,2.0,0.5,2011-10-14 17:13:00,0,0.6955719188776525
12455,73.0,6.0,2466.86,411.1433333333334,85.0,223.0,0.0,2011-02-16 09:56:00,0,0.4092211560299939
12456,44.0,4.0,3153.89,788.4725,105.0,210.0,0.0310077519379844,2011-03-30 09:12:00,0,0.4463001418929533
12457,58.0,12.0,1917.78,159.815,53.0,180.0,0.0746268656716417,2011-04-14 18:57:00,0,0.4600504041776408
12458,71.0,2.0,947.4,473.7,35.0,213.0,0.0,2011-02-28 10:55:00,0,0.4014369907580984
12461,94.0,2.0,826.88,413.44,35.0,60.0,0.0,2011-07-08 10:23:00,0,0.39958526325737603
12462,2.0,4.0,1124.01,281.0025,51.0,300.0,0.1388888888888889,2011-02-09 14:44:00,0,0.4752327068760989
12463,46.0,7.0,1303.63,186.2328571428572,66.0,195.0,0.0568181818181818,2011-04-12 12:47:00,0,0.41842854767863397
12464,10.0,8.0,1212.05,151.50625,6.0,299.0,0.0,2011-02-03 13:30:00,0,0.4763287911249428
12465,8.0,3.0,733.89,244.63,46.0,161.0,0.0784313725490196,2011-06-23 13:37:00,0,0.42628917483750955
12468,143.0,3.0,724.0400000000001,241.3466666666667,36.0,173.0,0.05,2011-01-27 13:29:00,0,0.43719854245756296
12471,2.0,49.0,18740.92,382.4677551020408,152.0,370.0,0.1337099811676083,2010-12-02 10:37:00,0,0.5946928355637525
12472,31.0,13.0,6229.48,479.1907692307692,226.0,342.0,0.1329923273657289,2010-12-01 14:33:00,0,0.5307884464899396
12473,29.0,9.0,2848.23,316.47,140.0,162.0,0.0614525139664804,2011-06-01 10:15:00,0,0.44580054311438927
12474,17.0,30.0,7116.47,237.21566666666664,253.0,351.0,0.0722100656455142,2010-12-06 12:00:00,0,0.520415398391645
12475,54.0,1.0,723.38,723.38,36.0,0.0,0.0,2011-10-17 10:10:00,0,0.40992197747303655
12476,1.0,20.0,6546.58,327.329,177.0,359.0,0.1174242424242424,2010-12-13 14:37:00,0,0.5184591759983488
12477,23.0,9.0,13117.01,1457.4455555555555,192.0,288.0,0.0259740259740259,2011-02-01 11:09:00,0,0.5229630972223658
12478,4.0,1.0,680.99,680.99,36.0,0.0,0.0,2011-12-06 09:56:00,0,0.42263297909666186
12479,4.0,3.0,477.3,159.1,31.0,7.0,0.1142857142857142,2011-11-28 13:26:00,0,0.45174146697735174
12480,28.0,4.0,3281.63,820.4075,129.0,307.0,0.0,2011-01-07 15:27:00,0,0.4403944100083089
12481,23.0,11.0,5590.86,508.26,150.0,342.0,0.0045871559633027,2010-12-09 10:13:00,0,0.4508993011988053
12483,17.0,13.0,2327.13,179.01000000000002,46.0,322.0,0.074074074074074,2011-01-04 14:20:00,0,0.453362392966277
12484,33.0,8.0,4495.27,561.90875,256.0,303.0,0.0114285714285714,2011-01-07 14:04:00,0,0.458656368455367
12488,10.0,3.0,1298.66,432.8866666666667,46.0,65.0,0.0,2011-09-25 10:34:00,0,0.40053089390795
12489,336.0,1.0,334.93,334.93,15.0,0.0,0.0,2011-01-07 13:13:00,0,0.4401624940860089
12490,5.0,10.0,5417.93,541.793,131.0,324.0,0.0,2011-01-14 09:13:00,0,0.44452425818811436
12491,39.0,1.0,460.4,460.4,25.0,0.0,0.0,2011-11-01 12:18:00,0,0.392729100775277
12492,63.0,2.0,263.21000000000004,131.60500000000002,19.0,42.0,0.0,2011-08-26 14:51:00,0,0.3977390908884775
12493,166.0,3.0,416.79,138.93,20.0,31.0,0.0434782608695652,2011-05-26 14:53:00,0,0.43143435171646144
12494,10.0,13.0,1139.35,87.6423076923077,63.0,355.0,0.0833333333333333,2010-12-09 11:31:00,0,0.4925118345306854
12497,82.0,1.0,1043.1,1043.1,14.0,0.0,0.0,2011-09-19 12:29:00,0,0.4341427810299807
12498,21.0,3.0,403.7000000000001,134.5666666666667,21.0,36.0,0.0,2011-10-13 09:30:00,0,0.39769736595869404
12500,23.0,13.0,4206.27,323.5592307692308,34.0,310.0,0.0615384615384615,2011-01-10 09:48:00,0,0.45157997887638274
12501,315.0,2.0,2089.68,1044.84,149.0,21.0,0.06875,2011-01-07 12:28:00,0,0.5738391413208842
12502,96.0,5.0,3723.87,744.774,102.0,214.0,0.0,2011-02-03 10:41:00,0,0.4505465904746569
12503,338.0,1.0,0.01,0.01,1.0,0.0,1.0,2011-01-06 11:51:00,0,0.7293060501577695
12504,18.0,4.0,114.0,28.5,6.0,12.0,0.4,2011-11-09 14:56:00,0,0.60949689531197
12505,301.0,1.0,0.01,0.01,1.0,0.0,1.0,2011-02-11 13:39:00,0,0.7283198405780885
12506,233.0,1.0,73.5,73.5,23.0,0.0,0.0,2011-04-21 08:54:00,0,0.4597389430928496
12507,134.0,4.0,1258.06,314.515,19.0,164.0,0.0454545454545454,2011-02-14 09:24:00,0,0.4439104748782768
12508,26.0,2.0,398.27,199.135,57.0,2.0,0.0,2011-11-10 16:27:00,0,0.39754877528873933
12509,284.0,1.0,176.5,176.5,7.0,0.0,0.0,2011-02-28 14:45:00,0,0.4190618079215222
12510,143.0,2.0,982.57,491.285,29.0,182.0,0.0,2011-01-18 14:04:00,0,0.4256878540764995
12512,66.0,2.0,138.03,69.015,31.0,0.0,0.0,2011-10-04 14:53:00,0,0.431195539220518
12513,85.0,2.0,586.79,293.395,35.0,28.0,0.0277777777777777,2011-08-19 10:51:00,0,0.4085175831817953
12514,267.0,1.0,1017.68,1017.68,51.0,0.0,0.0,2011-03-17 16:38:00,0,0.47651646979682877
12515,353.0,1.0,383.7,383.7,16.0,0.0,0.0,2010-12-21 15:43:00,0,0.4535951769544692
12516,78.0,2.0,1312.06,656.03,20.0,102.0,0.0,2011-06-12 11:37:00,0,0.4159695364392345
12517,28.0,6.0,2464.89,410.815,232.0,161.0,0.0069930069930069,2011-06-02 15:13:00,0,0.4383090344210575
12518,1.0,5.0,2056.89,411.378,84.0,109.0,0.0,2011-08-21 13:18:00,0,0.418245192476101
12519,64.0,1.0,340.84,340.84,17.0,0.0,0.0,2011-10-07 09:26:00,0,0.38014358438707047
12520,79.0,6.0,2582.51,430.41833333333335,121.0,194.0,0.0193548387096774,2011-03-11 11:35:00,0,0.42473372556590666
12521,143.0,1.0,599.68,599.68,38.0,0.0,0.0,2011-07-20 10:51:00,0,0.4132706613646856
12522,39.0,2.0,192.72,96.36,11.0,12.0,0.0,2011-10-19 14:41:00,0,0.41055435131859025
12523,2.0,13.0,1745.57,134.27461538461537,84.0,330.0,0.0363636363636363,2011-01-12 09:43:00,0,0.45485595160009057
12524,9.0,8.0,4485.72,560.715,113.0,324.0,0.0,2011-01-10 10:35:00,0,0.43451545606961395
12526,1.0,3.0,1316.66,438.8866666666667,64.0,93.0,0.0,2011-09-06 14:19:00,0,0.4040282724296338
12527,82.0,3.0,348.71000000000004,116.23666666666668,18.0,243.0,0.0,2011-01-18 12:05:00,0,0.41727342545133644
12528,9.0,8.0,1922.28,240.285,50.0,303.0,0.031578947368421,2011-01-31 09:05:00,0,0.41813048174560047
12530,60.0,5.0,1623.63,324.726,51.0,277.0,0.0294117647058823,2011-01-07 10:04:00,0,0.41336781226106706
12531,15.0,1.0,125.22,125.22,17.0,0.0,0.0,2011-11-25 11:12:00,0,0.4006341247813998
12532,30.0,1.0,349.83000000000004,349.83000000000004,16.0,0.0,0.0,2011-11-09 13:47:00,0,0.38679217049317044
12534,131.0,1.0,1089.18,1089.18,63.0,0.0,0.0,2011-08-01 10:26:00,0,0.45052740415921333
12535,92.0,2.0,716.35,358.175,28.0,94.0,0.0,2011-06-06 12:47:00,0,0.3922529994135613
12536,8.0,5.0,4106.82,821.3639999999999,260.0,51.0,0.0439560439560439,2011-10-11 14:52:00,0,0.5150595699495739
12538,29.0,1.0,363.95,363.95,21.0,0.0,0.0,2011-11-10 17:16:00,0,0.3857939579130541
12539,22.0,5.0,3852.5,770.5,158.0,311.0,0.0036496350364963,2011-01-10 09:11:00,0,0.44849868384080943
12540,20.0,19.0,13309.04,700.4757894736841,278.0,342.0,0.0062370062370062,2010-12-13 09:39:00,0,0.519512830614308
12541,30.0,3.0,981.18,327.06,46.0,251.0,0.0,2011-03-04 09:32:00,0,0.38931459633880866
12544,30.0,2.0,355.7,177.85,19.0,6.0,0.05,2011-11-03 16:15:00,0,0.41285367654237637
12545,75.0,2.0,1000.39,500.195,42.0,184.0,0.0,2011-03-25 12:04:00,0,0.39899594527680116
12546,47.0,3.0,1141.5,380.5,59.0,31.0,0.0142857142857142,2011-09-23 09:44:00,0,0.4097701473636677
12547,198.0,2.0,207.8,103.9,7.0,82.0,0.0,2011-03-04 12:46:00,0,0.45319785235167925
12548,166.0,1.0,95.2,95.2,5.0,0.0,0.0,2011-06-26 15:35:00,0,0.43944969585587434
12550,79.0,1.0,964.83,964.83,57.0,0.0,0.0,2011-09-21 14:35:00,0,0.4330473952417507
12551,358.0,1.0,168.0,168.0,10.0,0.0,0.0,2010-12-17 11:23:00,0,0.4525804317625212
12552,39.0,2.0,437.82,218.91,20.0,0.0,0.0,2011-10-31 12:11:00,0,0.3883880228081105
12553,8.0,14.0,3652.25,260.875,95.0,321.0,0.0255102040816326,2011-01-14 10:42:00,0,0.43095364622972704
12556,50.0,2.0,603.71,301.855,100.0,100.0,0.0,2011-07-11 13:35:00,0,0.4015781233618607
12557,16.0,5.0,11990.96,2398.192,15.0,355.0,0.0,2010-12-03 12:20:00,0,0.5460249590757039
12558,2.0,2.0,0.01,0.01,11.0,5.0,0.5,2011-12-02 10:41:00,0,0.695551475896444
12559,311.0,3.0,536.21,178.73666666666668,21.0,8.0,0.0454545454545454,2011-01-24 10:12:00,0,0.47524937264435174
12560,5.0,4.0,2101.39,525.3475,92.0,137.0,0.054054054054054,2011-07-19 15:55:00,0,0.44244389544369583
12561,303.0,1.0,238.85,238.85,16.0,0.0,0.0,2011-02-10 11:39:00,0,0.4128085658313675
12562,8.0,7.0,3781.74,540.2485714285715,99.0,190.0,0.0,2011-05-25 12:44:00,0,0.4244005193175989
12564,261.0,1.0,456.9,456.9,21.0,0.0,0.0,2011-03-23 14:55:00,0,0.4171257554637291
12565,282.0,2.0,131.17,65.585,9.0,7.0,0.1,2011-02-24 10:34:00,0,0.5055324758204315
12566,73.0,2.0,346.7,173.35,19.0,13.0,0.05,2011-09-14 14:30:00,0,0.4111191623387429
12567,23.0,11.0,9114.94,828.6309090909091,323.0,346.0,0.0367170626349892,2010-12-05 11:57:00,0,0.5075038935955635
12569,2.0,35.0,4064.99,116.14257142857144,92.0,250.0,0.0157068062827225,2011-04-01 13:47:00,0,0.5173598637964804
12571,40.0,2.0,519.61,259.805,31.0,81.0,0.0,2011-08-10 12:35:00,0,0.38647955277493723
12572,9.0,3.0,1004.72,334.9066666666667,53.0,43.0,0.032258064516129,2011-10-19 08:20:00,0,0.41638902549725404
12573,227.0,1.0,160.54000000000002,160.54000000000002,26.0,0.0,0.0,2011-04-26 15:52:00,0,0.4066329921683458
12574,316.0,1.0,218.45,218.45,11.0,0.0,0.0,2011-01-28 09:20:00,0,0.42407787211645664
12576,36.0,6.0,1306.98,217.83,72.0,268.0,0.0112359550561797,2011-02-08 11:31:00,0,0.39412364937526445
12577,35.0,4.0,595.4,148.85,137.0,323.0,0.0067567567567567,2010-12-15 16:21:00,0,0.43315704994726134
12578,21.0,4.0,2753.36,688.34,112.0,317.0,0.05,2011-01-05 10:46:00,0,0.451828946028606
12579,73.0,3.0,410.72,136.90666666666667,29.0,4.0,0.064516129032258,2011-09-22 17:15:00,0,0.4264401579560875
12580,247.0,1.0,415.7,415.7,24.0,0.0,0.0,2011-04-07 10:24:00,0,0.4135722402534343
12581,40.0,1.0,197.71,197.71,15.0,0.0,0.0,2011-10-31 08:56:00,0,0.3848323909728263
12582,239.0,2.0,511.36,255.68,21.0,49.0,0.0,2011-02-24 11:42:00,0,0.4248234497341846
12583,3.0,18.0,7187.34,399.2966666666667,115.0,370.0,0.0159362549800796,2010-12-01 08:45:00,0,0.47004127376777816
12584,4.0,18.0,1893.95,105.21944444444443,44.0,276.0,0.238095238095238,2011-03-04 15:15:00,0,0.5598703765373542
12585,234.0,4.0,1982.81,495.7025,77.0,117.0,0.1030927835051546,2010-12-23 12:58:00,0,0.5176468818678955
12586,17.0,2.0,179.94000000000003,89.97000000000001,12.0,351.0,0.0833333333333333,2010-12-06 09:31:00,0,0.5136152241819548
12587,8.0,1.0,144.0,144.0,4.0,0.0,0.0,2011-12-02 12:47:00,0,0.43257020783062006
12588,39.0,1.0,214.9,214.9,10.0,0.0,0.0,2011-10-31 15:01:00,0,0.3916123426532022
12589,29.0,2.0,646.68,323.34,29.0,115.0,0.0,2011-07-18 12:05:00,0,0.3842540520050369
12590,190.0,3.0,9861.38,3287.1266666666666,68.0,20.0,0.0285714285714285,2011-05-12 14:46:00,0,0.5534826248941613
12591,317.0,1.0,452.85,452.85,26.0,0.0,0.0,2011-01-26 14:35:00,0,0.43850969180500227
12592,92.0,2.0,437.6,218.8,11.0,121.0,0.0,2011-05-10 13:44:00,0,0.40701722472201335
12593,109.0,3.0,418.1,139.36666666666665,14.0,110.0,0.0,2011-05-05 09:29:00,0,0.4140796542422606
12594,38.0,11.0,3320.2200000000003,301.83818181818185,50.0,285.0,0.0084033613445378,2011-01-21 09:52:00,0,0.4268434102171165
12596,51.0,2.0,618.27,309.135,25.0,190.0,0.0,2011-04-11 13:22:00,0,0.3897173378922501
12597,19.0,5.0,3683.13,736.626,184.0,248.0,0.0373831775700934,2011-03-16 14:00:00,0,0.46063835524102864
12598,10.0,9.0,3002.68,333.63111111111107,84.0,275.0,0.0075187969924812,2011-02-28 11:58:00,0,0.40633562618466446
12599,29.0,7.0,1032.58,147.51142857142855,32.0,275.0,0.0,2011-02-08 13:28:00,0,0.4105436916061002
12600,29.0,11.0,2581.04,234.64,32.0,342.0,0.0153846153846153,2010-12-03 12:57:00,0,0.4459862861008875
12601,190.0,6.0,569.5600000000001,94.92666666666668,21.0,142.0,0.0344827586206896,2011-01-11 10:38:00,0,0.4745127977926604
12602,59.0,1.0,153.12,153.12,12.0,0.0,0.0,2011-10-12 11:22:00,0,0.38886502397041167
12603,22.0,1.0,739.1999999999999,739.1999999999999,2.0,0.0,0.0,2011-11-18 10:42:00,0,0.48361686496501877
12604,79.0,2.0,254.18,127.09,15.0,182.0,0.0,2011-03-23 12:06:00,0,0.40908744989296014
12605,365.0,1.0,0.01,0.01,3.0,0.0,1.0,2010-12-09 15:41:00,0,0.7278670269680063
12607,58.0,2.0,0.01,0.01,101.0,2.0,0.5,2011-10-10 16:06:00,0,0.7017693359839419
12609,78.0,3.0,1126.85,375.6166666666666,57.0,240.0,0.0,2011-01-25 15:13:00,0,0.4000637712545972
12610,23.0,7.0,2057.99,293.9985714285714,85.0,103.0,0.045045045045045,2011-08-05 13:52:00,0,0.4305748698864383
12611,52.0,1.0,1193.32,1193.32,65.0,0.0,0.0,2011-10-18 13:12:00,0,0.4472712425122219
12612,58.0,2.0,643.59,321.795,19.0,16.0,0.0952380952380952,2011-09-26 15:35:00,0,0.4402544297997445
12613,31.0,6.0,3218.98,536.4966666666667,124.0,230.0,0.0613496932515337,2011-03-22 15:42:00,0,0.4453423097527594
12614,278.0,1.0,315.6,315.6,20.0,0.0,0.0,2011-03-07 10:22:00,0,0.40575933302592826
12615,2.0,4.0,2291.19,572.7975,82.0,166.0,0.0,2011-06-24 13:35:00,0,0.4143629399523716
12616,85.0,5.0,657.25,131.45,25.0,212.0,0.1111111111111111,2011-02-15 14:17:00,0,0.45042221290831813
12617,29.0,1.0,355.53,355.53,39.0,0.0,0.0,2011-11-10 14:39:00,0,0.3888600412200411
12618,22.0,1.0,177.31,177.31,11.0,0.0,0.0,2011-11-18 11:10:00,0,0.3940723747144273
12619,16.0,13.0,3214.81,247.2930769230769,50.0,237.0,0.0526315789473684,2011-03-31 13:10:00,0,0.44008915986138664
12620,15.0,3.0,1339.41,446.47,89.0,189.0,0.0,2011-05-19 12:10:00,0,0.3992652907799958
12621,2.0,23.0,13612.07,591.8291304347825,261.0,364.0,0.0147679324894514,2010-12-09 10:16:00,0,0.5206135896446182
12622,232.0,1.0,180.1,180.1,11.0,0.0,0.0,2011-04-21 16:39:00,0,0.40333975538115474
12623,276.0,1.0,305.1,305.1,18.0,0.0,0.0,2011-03-08 13:50:00,0,0.4051936912233375
12624,106.0,2.0,641.13,320.565,36.0,71.0,0.0,2011-06-15 12:34:00,0,0.3930539317544512
12625,212.0,3.0,2614.32,871.44,74.0,107.0,0.0549450549450549,2011-01-24 13:27:00,0,0.5116996231819174
12626,23.0,13.0,6388.35,491.4115384615385,232.0,303.0,0.0423452768729641,2011-01-17 11:01:00,0,0.4707131430060506
12627,11.0,7.0,4478.53,639.79,162.0,129.0,0.0,2011-07-22 13:59:00,0,0.45389395532414195
12628,4.0,4.0,769.61,192.4025,34.0,60.0,0.0465116279069767,2011-10-06 09:28:00,0,0.4194781993493329
12630,10.0,2.0,1270.88,635.44,60.0,34.0,0.0,2011-10-27 10:41:00,0,0.41880246495889045
12631,57.0,1.0,640.5,640.5,31.0,0.0,0.0,2011-10-13 13:53:00,0,0.4003971460855373
12633,59.0,5.0,2140.63,428.126,73.0,229.0,0.0194174757281553,2011-02-25 08:44:00,0,0.4094638980393786
12635,90.0,2.0,1689.18,844.59,96.0,65.0,0.0,2011-07-08 08:43:00,0,0.44602485786163976
12637,67.0,10.0,5953.25,595.325,205.0,256.0,0.0101522842639593,2011-01-20 10:47:00,0,0.4706299111782159
12638,33.0,1.0,671.69,671.69,39.0,0.0,0.0,2011-11-06 13:11:00,0,0.411005287822523
12639,239.0,1.0,486.1,486.1,22.0,0.0,0.0,2011-04-15 12:48:00,0,0.4161454606389519
12640,24.0,3.0,1174.58,391.5266666666666,47.0,57.0,0.0,2011-09-19 12:01:00,0,0.3928781184038674
12641,115.0,1.0,185.9,185.9,10.0,0.0,0.0,2011-08-16 13:26:00,0,0.39064007156175945
12642,25.0,3.0,1013.26,337.75333333333333,39.0,82.0,0.0,2011-08-24 09:23:00,0,0.3878229000731434
12643,128.0,6.0,3344.64,557.4399999999999,11.0,204.0,0.0,2011-01-11 11:48:00,0,0.47502289304761836
12644,130.0,1.0,477.91,477.91,31.0,0.0,0.0,2011-08-02 10:33:00,0,0.39558898209490534
12645,34.0,5.0,1755.38,351.076,58.0,282.0,0.0135135135135135,2011-01-27 13:08:00,0,0.39716117183548305
12646,5.0,2.0,1346.97,673.485,43.0,44.0,0.0,2011-10-21 12:52:00,0,0.4215550559620049
12647,22.0,13.0,3669.92,282.3015384615385,78.0,346.0,0.0472440944881889,2010-12-05 14:02:00,0,0.4414250432071968
12648,155.0,1.0,318.05,318.05,21.0,0.0,0.0,2011-07-08 11:55:00,0,0.3887248508678744
12649,107.0,4.0,603.71,150.9275,30.0,257.0,0.0606060606060606,2010-12-09 14:42:00,0,0.4421132841202778
12650,3.0,1.0,314.44,314.44,20.0,0.0,0.0,2011-12-06 16:34:00,0,0.39287520788924096
12651,335.0,1.0,114.0,114.0,9.0,0.0,0.0,2011-01-09 12:46:00,0,0.4488806417893663
12652,322.0,2.0,914.53,457.265,48.0,9.0,0.0588235294117647,2011-01-12 15:00:00,0,0.5081985311862327
12653,149.0,2.0,2209.85,1104.925,37.0,147.0,0.0,2011-02-16 10:53:00,0,0.45912643777473894
12654,11.0,5.0,601.98,120.396,31.0,284.0,0.0,2011-02-17 13:16:00,0,0.41329375578096916
12656,17.0,8.0,3982.72,497.84,89.0,225.0,0.0307692307692307,2011-04-11 09:45:00,0,0.4255625341076149
12657,11.0,5.0,1152.06,230.412,35.0,67.0,0.1607142857142857,2011-09-22 11:40:00,0,0.47930863102799864
12658,19.0,1.0,686.05,686.05,36.0,0.0,0.0,2011-11-21 10:22:00,0,0.4169273969928965
12659,30.0,1.0,91.68,91.68,5.0,0.0,0.0,2011-11-10 11:53:00,0,0.44211507203451156
12660,11.0,1.0,245.1,245.1,13.0,0.0,0.0,2011-11-28 13:26:00,0,0.38981557957337065
12662,1.0,12.0,3817.08,318.09,129.0,372.0,0.0086206896551724,2010-12-01 13:04:00,0,0.45121599094792736
12664,8.0,10.0,4863.88,486.388,10.0,314.0,0.0263157894736842,2011-01-21 11:42:00,0,0.4936476563135394
12665,325.0,2.0,61.75,30.875,3.0,6.0,0.25,2011-01-12 09:41:00,0,0.6160676850893788
12666,359.0,1.0,0.01,0.01,2.0,0.0,1.0,2010-12-15 14:42:00,0,0.7304282114060453
12667,58.0,1.0,620.13,620.13,33.0,0.0,0.0,2011-10-12 17:00:00,0,0.3991530280376333
12668,7.0,6.0,3743.18,623.8633333333333,115.0,348.0,0.0416666666666666,2010-12-19 12:46:00,0,0.4559962359760698
12669,151.0,4.0,1607.73,401.9325,98.0,105.0,0.0098039215686274,2011-03-28 10:15:00,0,0.44961840251616797
12670,10.0,6.0,2986.15,497.69166666666666,58.0,222.0,0.0212765957446808,2011-04-21 10:16:00,0,0.41572372784499967
12672,330.0,1.0,225.9,225.9,10.0,0.0,0.0,2011-01-14 09:20:00,0,0.43260028621118984
12673,5.0,2.0,610.52,305.26,42.0,321.0,0.0,2011-01-17 11:46:00,0,0.4209306577982876
12674,12.0,7.0,1919.31,274.1871428571429,52.0,196.0,0.0879120879120879,2011-05-16 09:10:00,0,0.4360090983024855
12676,25.0,6.0,1331.39,221.8983333333333,33.0,286.0,0.0,2011-02-01 15:41:00,0,0.4016840682013377
12678,42.0,13.0,17588.26,1352.943076923077,105.0,311.0,0.0119760479041916,2010-12-21 11:00:00,0,0.5236721092349979
12679,52.0,9.0,1058.67,117.63,45.0,231.0,0.1428571428571428,2011-03-01 12:26:00,0,0.4724682782833219
12680,1.0,4.0,862.81,215.7025,33.0,112.0,0.0,2011-08-18 15:44:00,0,0.39938594247677106
12681,15.0,27.0,13677.59,506.5774074074074,267.0,353.0,0.0123839009287925,2010-12-07 10:08:00,0,0.5226009244830865
12682,4.0,31.0,12288.22,396.3941935483871,209.0,367.0,0.0,2010-12-03 13:59:00,0,0.5241372109375714
12683,4.0,20.0,8221.09,411.0545,177.0,361.0,0.0497237569060773,2010-12-09 10:37:00,0,0.48132999498221685
12684,8.0,7.0,2283.63,326.23285714285714,61.0,205.0,0.0,2011-05-10 12:55:00,0,0.40179660262147
12685,28.0,6.0,2863.08,477.18,117.0,65.0,0.0,2011-09-07 10:28:00,0,0.4374381682020074
12686,372.0,1.0,89.14,89.14,7.0,0.0,0.0,2010-12-03 09:51:00,0,0.5027664994489085
12688,114.0,1.0,4873.81,4873.81,171.0,0.0,0.0,2011-08-18 08:49:00,0,0.5392716240656733
12689,26.0,2.0,1247.61,623.805,57.0,101.0,0.0,2011-08-04 10:04:00,0,0.4102226124698152
12690,206.0,1.0,389.01,389.01,16.0,0.0,0.0,2011-05-18 09:09:00,0,0.40229015607957136
12691,28.0,6.0,1035.8,172.63333333333333,21.0,329.0,0.0,2010-12-17 14:46:00,0,0.4263819257512582
12693,121.0,6.0,830.96,138.49333333333334,35.0,198.0,0.048780487804878,2011-01-24 12:58:00,0,0.4405743177033372
12694,70.0,2.0,869.67,434.835,32.0,112.0,0.0,2011-06-09 17:48:00,0,0.3936463390828381
12695,7.0,4.0,582.1,145.525,23.0,203.0,0.0,2011-05-13 13:15:00,0,0.4022188159145751
12697,21.0,5.0,939.02,187.804,37.0,148.0,0.0465116279069767,2011-06-23 15:44:00,0,0.40683699140307894
12700,8.0,6.0,4867.99,811.3316666666666,193.0,207.0,0.0074074074074074,2011-05-08 16:10:00,0,0.4675748204313289
12701,80.0,2.0,797.71,398.855,50.0,162.0,0.0,2011-04-11 13:02:00,0,0.39716213219337687
12702,20.0,1.0,219.0,219.0,12.0,0.0,0.0,2011-11-20 10:36:00,0,0.39120195380046674
12703,64.0,2.0,274.7,137.35,21.0,7.0,0.0454545454545454,2011-09-29 17:52:00,0,0.415419156032937
12704,7.0,10.0,2220.84,222.084,64.0,162.0,0.0222222222222222,2011-06-23 10:20:00,0,0.4245291854749954
12705,15.0,14.0,6814.24,486.7314285714286,228.0,341.0,0.0402298850574712,2010-12-17 15:58:00,0,0.4686310380993062
12707,292.0,1.0,603.42,603.42,33.0,0.0,0.0,2011-02-21 08:38:00,0,0.4454328402257365
12708,30.0,16.0,2616.32,163.52,86.0,338.0,0.0977011494252873,2010-12-06 10:43:00,0,0.4764481805584682
12709,3.0,26.0,9294.1,357.4653846153846,103.0,363.0,0.1906614785992217,2010-12-08 09:49:00,0,0.5635136018626632
12710,97.0,4.0,1130.57,282.6425,75.0,104.0,0.0253164556962025,2011-05-22 14:05:00,0,0.4192501078680621
12712,23.0,17.0,4241.63,249.50764705882352,59.0,348.0,0.0633802816901408,2010-12-03 14:30:00,0,0.46105888994003896
12713,1.0,1.0,848.55,848.55,38.0,0.0,0.0,2011-12-09 12:16:00,0,0.43787106992559094
12714,9.0,5.0,4708.86,941.772,216.0,285.0,0.0,2011-02-18 10:53:00,0,0.4656338218845348
12715,106.0,1.0,353.86,353.86,20.0,0.0,0.0,2011-08-25 15:22:00,0,0.38402242981332974
12716,4.0,2.0,1053.49,526.745,60.0,129.0,0.0,2011-07-29 13:28:00,0,0.41048744853105007
12717,151.0,3.0,980.98,326.99333333333334,49.0,94.0,0.0178571428571428,2011-04-08 10:32:00,0,0.4303400895554726
12718,71.0,1.0,238.25,238.25,19.0,0.0,0.0,2011-09-29 16:38:00,0,0.37815442566192736
12719,5.0,3.0,608.1,202.7,34.0,59.0,0.0714285714285714,2011-10-05 14:50:00,0,0.42527110650936084
12720,3.0,29.0,5713.28,197.00965517241377,211.0,366.0,0.0139275766016713,2010-12-05 15:21:00,0,0.5029770106061262
12721,32.0,7.0,2628.98,375.5685714285714,134.0,334.0,0.0182926829268292,2010-12-09 10:14:00,0,0.4201492793500861
12722,85.0,6.0,904.33,150.72166666666666,50.0,65.0,0.0701754385964912,2011-07-12 11:55:00,0,0.44606430071095166
12723,4.0,5.0,725.07,145.014,53.0,61.0,0.0,2011-10-05 15:52:00,0,0.41217304539468624
12724,5.0,4.0,1031.41,257.8525,47.0,327.0,0.0,2011-01-11 15:00:00,0,0.4085388201640707
12725,371.0,1.0,427.8,427.8,24.0,0.0,0.0,2010-12-03 15:45:00,0,0.4737578309767223
12726,28.0,7.0,2609.1,372.7285714285714,57.0,329.0,0.0,2010-12-17 12:56:00,0,0.4105862612313753
12727,11.0,9.0,3947.7,438.6333333333333,109.0,309.0,0.0141843971631205,2011-01-23 15:17:00,0,0.4228266853790796
12728,71.0,4.0,836.33,209.0825,38.0,261.0,0.0,2011-01-11 13:31:00,0,0.3960945281308844
12729,114.0,1.0,453.01,453.01,26.0,0.0,0.0,2011-08-18 11:40:00,0,0.39141498489094206
12731,24.0,14.0,18793.41,1342.3864285714285,109.0,341.0,0.0108303249097472,2010-12-10 10:56:00,0,0.5222687310750703
12732,180.0,1.0,236.26,236.26,12.0,0.0,0.0,2011-06-13 11:33:00,0,0.3928135929790698
12733,234.0,1.0,383.95,383.95,22.0,0.0,0.0,2011-04-19 16:19:00,0,0.40412034637202
12734,353.0,1.0,110.4,110.4,4.0,0.0,0.0,2010-12-22 12:47:00,0,0.48171621807601317
12735,315.0,2.0,779.5699999999999,389.785,38.0,21.0,0.0,2011-01-06 14:26:00,0,0.4640525830039107
12736,333.0,1.0,234.0,234.0,4.0,0.0,0.0,2011-01-11 07:57:00,0,0.463576856997491
12738,372.0,1.0,155.35,155.35,11.0,0.0,0.0,2010-12-02 18:27:00,0,0.46219528309023
12739,78.0,2.0,1013.04,506.52,38.0,20.0,0.0,2011-09-01 17:45:00,0,0.40336918632402774
12740,64.0,1.0,427.6,427.6,27.0,0.0,0.0,2011-10-07 10:44:00,0,0.3855097044464218
12743,134.0,2.0,546.43,273.215,114.0,0.0,0.0,2011-07-28 16:06:00,0,0.4256520193855981
12744,52.0,10.0,9120.39,912.039,178.0,266.0,0.0305676855895196,2011-01-25 13:26:00,0,0.49193579216797256
12747,2.0,11.0,4196.01,381.4554545454546,42.0,366.0,0.0,2010-12-05 15:38:00,0,0.45866376088771516
12748,1.0,223.0,29072.1,130.36816143497757,1769.0,372.0,0.0099116569704805,2010-12-01 12:48:00,0,0.650957128652448
12749,4.0,8.0,3868.2,483.525,160.0,209.0,0.1385281385281385,2011-05-10 15:25:00,0,0.5044000579064871
12750,129.0,1.0,275.88,275.88,15.0,0.0,0.0,2011-08-03 09:13:00,0,0.38521884353601454
12752,81.0,1.0,4366.78,4366.78,53.0,0.0,0.0,2011-09-19 13:32:00,0,0.5058341225213877
12753,4.0,11.0,21024.01,1911.273636363636,132.0,358.0,0.1434782608695652,2010-12-12 11:44:00,0,0.5844203344378243
12754,236.0,5.0,2949.12,589.824,50.0,72.0,0.0307692307692307,2011-02-04 10:31:00,0,0.503806267263881
12755,250.0,4.0,2203.2,550.8,5.0,115.0,0.3333333333333333,2010-12-09 10:44:00,0,0.6175468295214506
12756,87.0,1.0,112.07999999999998,112.07999999999998,4.0,0.0,0.0,2011-09-14 09:31:00,0,0.4257245112819942
12757,16.0,19.0,4227.7,222.51052631578943,237.0,195.0,0.0159151193633952,2011-05-12 19:01:00,0,0.47341251353482244
12758,117.0,2.0,2791.59,1395.795,84.0,159.0,0.0,2011-03-08 12:05:00,0,0.4725994851629148
12759,52.0,3.0,1531.44,510.48,81.0,223.0,0.0,2011-03-09 08:09:00,0,0.40281665008584117
12762,8.0,2.0,1898.52,949.26,62.0,17.0,0.0,2011-11-14 14:23:00,0,0.44411413534115995
12763,138.0,2.0,494.08,247.04,16.0,230.0,0.0,2010-12-05 15:46:00,0,0.4339441344911109
12764,317.0,1.0,1693.88,1693.88,45.0,0.0,0.0,2011-01-27 10:19:00,0,0.5177579124118578
12766,4.0,7.0,6989.63,998.5185714285716,205.0,362.0,0.0,2010-12-08 13:53:00,0,0.48900170257661457
12769,239.0,1.0,1143.6,1143.6,32.0,0.0,0.0,2011-04-15 10:25:00,0,0.4687565996586459
12770,211.0,1.0,1351.45,1351.45,12.0,0.0,0.0,2011-05-13 09:33:00,0,0.4757306190868548
12772,60.0,1.0,892.47,892.47,55.0,0.0,0.0,2011-10-11 09:19:00,0,0.42903763139053375
12775,17.0,6.0,1351.24,225.20666666666668,47.0,294.0,0.0149253731343283,2011-02-01 13:45:00,0,0.3997989695736275
12778,20.0,7.0,804.23,114.89,40.0,292.0,0.0196078431372549,2011-01-31 14:35:00,0,0.4250019928628852
12779,21.0,12.0,3868.7,322.39166666666665,88.0,350.0,0.0628930817610062,2010-12-03 13:40:00,0,0.4428195888508097
12781,21.0,5.0,707.72,141.544,25.0,263.0,0.1666666666666666,2011-02-28 08:43:00,0,0.4705833085469362
12782,5.0,6.0,2273.32,378.8866666666667,81.0,352.0,0.0373831775700934,2010-12-17 11:30:00,0,0.43431024647817684
12783,2.0,8.0,1603.87,200.48375,76.0,73.0,0.0232558139534883,2011-09-25 15:35:00,0,0.44340677739153594
12784,9.0,2.0,574.42,287.21,54.0,6.0,0.0,2011-11-24 12:53:00,0,0.3972107240200018
12785,3.0,2.0,305.71,152.855,14.0,361.0,0.0666666666666666,2010-12-10 13:48:00,0,0.4918656864327596
12787,10.0,3.0,463.66,154.55333333333334,17.0,182.0,0.0,2011-05-31 09:36:00,0,0.4023545456829257
12789,65.0,1.0,91.85,91.85,4.0,0.0,0.0,2011-10-05 13:34:00,0,0.4404497827849364
12790,192.0,1.0,324.92,324.92,21.0,0.0,0.0,2011-05-31 14:14:00,0,0.39518296327320795
12791,374.0,1.0,192.6,192.6,2.0,0.0,0.0,2010-12-01 11:27:00,0,0.5074475324219836
12792,257.0,1.0,400.54,400.54,25.0,0.0,0.0,2011-03-28 11:36:00,0,0.4107647658059711
12793,335.0,2.0,545.48,272.74,21.0,36.0,0.0,2010-12-03 15:14:00,0,0.47272362320907263
12794,53.0,2.0,860.41,430.205,43.0,45.0,0.0,2011-09-02 12:01:00,0,0.395305348766182
12795,19.0,1.0,430.48,430.48,14.0,0.0,0.0,2011-11-21 10:27:00,0,0.3992737910812736
12797,360.0,3.0,194.18,64.72666666666667,13.0,5.0,0.2352941176470588,2010-12-09 10:55:00,0,0.5758331438279264
12798,10.0,3.0,6977.04,2325.68,6.0,160.0,0.0,2011-06-22 10:11:00,0,0.5364653269334599
12802,184.0,2.0,412.58,206.29,25.0,3.0,0.0384615384615384,2011-06-06 09:36:00,0,0.4257256777364306
12808,37.0,3.0,483.65,161.21666666666667,27.0,331.0,0.0,2010-12-06 10:27:00,0,0.43104634688268584
12809,168.0,2.0,484.36,242.18,25.0,9.0,0.0384615384615384,2011-06-15 10:51:00,0,0.423666660250992
12811,261.0,3.0,514.85,171.61666666666667,27.0,23.0,0.0,2011-02-28 15:39:00,0,0.43957049931227804
12812,45.0,1.0,229.64,229.64,15.0,0.0,0.0,2011-10-26 09:54:00,0,0.38190889892484503
12814,102.0,1.0,125.92,125.92,2.0,0.0,0.0,2011-08-30 12:11:00,0,0.43964963997710815
12815,148.0,2.0,1063.46,531.73,38.0,50.0,0.0,2011-05-25 13:34:00,0,0.4257464955794359
12816,96.0,2.0,572.2,286.1,27.0,80.0,0.0,2011-06-16 13:24:00,0,0.38968235307822835
12817,281.0,1.0,166.04,166.04,4.0,0.0,0.0,2011-03-03 16:28:00,0,0.43507727862978446
12818,178.0,2.0,1517.88,758.94,14.0,83.0,0.125,2011-03-23 12:06:00,0,0.5100810772518465
12820,3.0,4.0,942.34,235.585,55.0,323.0,0.0,2011-01-17 12:34:00,0,0.408929574723946
12821,214.0,1.0,92.72,92.72,6.0,0.0,0.0,2011-05-09 15:51:00,0,0.4396008107550099
12822,71.0,3.0,918.98,306.32666666666665,41.0,16.0,0.0212765957446808,2011-09-13 13:46:00,0,0.41050003315178824
12823,75.0,5.0,1759.5,351.9,1.0,221.0,0.0,2011-02-16 12:15:00,0,0.4938291126127696
12824,60.0,1.0,397.12,397.12,25.0,0.0,0.0,2011-10-11 12:49:00,0,0.38331399663566723
12826,3.0,8.0,1468.12,183.515,58.0,362.0,0.0319148936170212,2010-12-09 15:21:00,0,0.43808840259039616
12827,6.0,3.0,430.15,143.38333333333335,19.0,38.0,0.0,2011-10-26 15:44:00,0,0.40577752159071373
12828,3.0,6.0,1018.71,169.785,46.0,127.0,0.0,2011-08-01 16:16:00,0,0.40307542064698426
12829,322.0,3.0,253.05,84.35000000000001,9.0,37.0,0.0833333333333333,2010-12-14 14:54:00,0,0.5163590951405704
12830,38.0,7.0,6748.4,964.0571428571428,14.0,134.0,0.0256410256410256,2011-06-21 10:53:00,0,0.5075556196258316
12831,262.0,1.0,215.05,215.05,9.0,0.0,0.0,2011-03-22 13:02:00,0,0.4097930266739851
12832,32.0,2.0,383.03,191.515,27.0,65.0,0.0,2011-09-02 13:48:00,0,0.389059705186112
12833,145.0,1.0,417.38,417.38,24.0,0.0,0.0,2011-07-17 13:46:00,0,0.3964215052429882
12834,283.0,1.0,312.38,312.38,18.0,0.0,0.0,2011-03-02 09:49:00,0,0.40815884921056356
12836,59.0,4.0,2612.86,653.215,148.0,252.0,0.0,2011-02-01 11:19:00,0,0.42733237937390195
12837,173.0,1.0,134.1,134.1,12.0,0.0,0.0,2011-06-19 16:07:00,0,0.4012216252982528
12838,34.0,2.0,683.13,341.565,115.0,340.0,0.0,2010-12-01 11:57:00,0,0.4414221145274434
12839,3.0,16.0,5583.62,348.97625,96.0,364.0,0.0063291139240506,2010-12-07 15:48:00,0,0.45087950207927496
12840,144.0,6.0,2714.27,452.3783333333333,67.0,82.0,0.0258620689655172,2011-04-27 12:21:00,0,0.47250887263401575
12841,5.0,26.0,3876.4,149.09230769230768,230.0,367.0,0.0432801822323462,2010-12-03 10:43:00,0,0.5094193392911649
12842,70.0,2.0,1118.99,559.495,34.0,238.0,0.0,2011-02-04 12:36:00,0,0.4118814661470136
12843,66.0,9.0,1680.76,186.7511111111111,69.0,198.0,0.0462962962962962,2011-03-20 14:38:00,0,0.4299301961253619
12844,29.0,2.0,325.96000000000004,162.98000000000002,47.0,101.0,0.0,2011-08-01 13:11:00,0,0.3906344465174463
12845,267.0,4.0,354.09,88.5225,26.0,22.0,0.0,2011-02-22 14:10:00,0,0.4661872486886785
12847,22.0,1.0,871.54,871.54,72.0,0.0,0.0,2011-11-17 13:16:00,0,0.4414352474896666
12849,31.0,2.0,1050.89,525.4449999999999,47.0,237.0,0.0,2011-03-16 12:26:00,0,0.4068310486874984
12851,97.0,1.0,135.18,135.18,43.0,0.0,0.0,2011-09-04 12:41:00,0,0.4067320250106386
12852,290.0,2.0,299.75,149.875,17.0,4.0,0.15,2011-02-18 08:47:00,0,0.48790685033581344
12853,108.0,9.0,1881.7,209.07777777777775,66.0,208.0,0.0714285714285714,2011-01-28 10:28:00,0,0.461048092762286
12854,79.0,5.0,1289.15,257.83000000000004,97.0,240.0,0.0434782608695652,2011-01-25 12:11:00,0,0.4213919741115878
12855,373.0,1.0,38.1,38.1,3.0,0.0,0.0,2010-12-02 09:37:00,0,0.5712222730876801
12856,8.0,8.0,2162.68,270.335,155.0,55.0,0.0094637223974763,2011-10-07 12:38:00,0,0.4576010445865911
12857,211.0,2.0,1106.4,553.2,37.0,91.0,0.0,2011-02-10 12:32:00,0,0.44245699566715246
12863,52.0,2.0,504.2,252.1,5.0,146.0,0.1666666666666666,2011-05-24 17:17:00,0,0.4986112055763515
12864,138.0,1.0,147.12,147.12,3.0,0.0,0.0,2011-07-24 13:03:00,0,0.43150976945543107
12865,26.0,3.0,1548.07,516.0233333333333,87.0,333.0,0.0104166666666666,2010-12-15 11:39:00,0,0.4314461206699986
12866,283.0,1.0,559.12,559.12,26.0,0.0,0.0,2011-03-01 14:11:00,0,0.4324678035129773
12867,26.0,10.0,3986.22,398.622,241.0,334.0,0.0235934664246823,2010-12-14 15:16:00,0,0.45124705755826955
12868,186.0,6.0,1607.0600000000002,267.84333333333336,72.0,187.0,0.0,2010-12-01 12:50:00,0,0.45033552577594443
12870,366.0,1.0,0.01,0.01,2.0,0.0,1.0,2010-12-08 14:27:00,0,0.731582250148938
12871,84.0,2.0,380.64,190.32,8.0,123.0,0.0,2011-05-16 13:32:00,0,0.4153139082849519
12872,327.0,2.0,599.97,299.985,58.0,38.0,0.0,2010-12-09 14:44:00,0,0.4764309043070736
12873,282.0,1.0,374.0,374.0,4.0,0.0,0.0,2011-03-02 14:58:00,0,0.44337070473129647
12875,143.0,2.0,343.2300000000001,171.61500000000004,1.0,219.0,0.0,2010-12-12 12:03:00,0,0.5098516716311312
12876,58.0,2.0,2218.02,1109.01,67.0,138.0,0.0,2011-05-27 13:34:00,0,0.4345667799961342
12877,4.0,12.0,1535.77,127.98083333333334,100.0,354.0,0.0,2010-12-16 12:23:00,0,0.4534841775692534
12878,18.0,3.0,841.64,280.5466666666667,38.0,248.0,0.0408163265306122,2011-03-18 14:02:00,0,0.4053808619367358
12879,45.0,4.0,552.5699999999999,138.14249999999998,7.0,47.0,0.1666666666666666,2011-09-09 12:11:00,0,0.49222680980804795
12881,276.0,1.0,298.0,298.0,7.0,0.0,0.0,2011-03-09 11:44:00,0,0.4208750327987278
12882,9.0,2.0,1463.04,731.52,12.0,24.0,0.0,2011-11-06 11:22:00,0,0.4424958509966554
12883,25.0,4.0,703.47,175.8675,39.0,64.0,0.0,2011-09-11 15:18:00,0,0.39207961020646814
12884,88.0,1.0,309.05,309.05,7.0,0.0,0.0,2011-09-12 13:10:00,0,0.4016169257881131
12885,63.0,4.0,1158.27,289.5675,66.0,60.0,0.0138888888888888,2011-08-08 11:45:00,0,0.4090707643786579
12886,68.0,3.0,1351.09,450.3633333333333,75.0,151.0,0.0465116279069767,2011-05-04 11:21:00,0,0.425280663543236
12888,214.0,4.0,313.77,78.4425,4.0,41.0,0.2857142857142857,2011-03-29 14:31:00,0,0.5781211561269822
12890,24.0,1.0,380.47,380.47,78.0,0.0,0.0,2011-11-15 17:26:00,0,0.4084335128919219
12891,186.0,3.0,331.0,110.33333333333331,2.0,107.0,0.0,2011-02-20 11:28:00,0,0.4896381685751047
12893,31.0,1.0,188.14,188.14,27.0,0.0,0.0,2011-11-09 12:34:00,0,0.388430586554469
12895,42.0,3.0,347.3,115.76666666666668,22.0,44.0,0.0833333333333333,2011-09-14 08:35:00,0,0.43242227521657195
12897,205.0,2.0,216.5,108.25,3.0,97.0,0.0,2011-02-11 11:40:00,0,0.4822577069247101
12901,9.0,36.0,16293.1,452.5861111111111,32.0,261.0,0.072,2011-03-14 10:41:00,0,0.5629436168628071
12902,265.0,1.0,138.68,138.68,10.0,0.0,0.0,2011-03-20 12:06:00,0,0.41312515773269215
12904,18.0,2.0,509.58,254.79,59.0,154.0,0.0,2011-06-20 13:18:00,0,0.3892092802105032
12906,12.0,5.0,2919.81,583.962,55.0,66.0,0.0,2011-09-22 15:03:00,0,0.4322639105361913
12908,59.0,4.0,246.0,61.5,2.0,253.0,0.5,2011-01-31 12:36:00,0,0.6217859080580928
12909,40.0,8.0,2128.83,266.10375,78.0,213.0,0.0520833333333333,2011-03-31 12:51:00,0,0.4196232498913288
12910,23.0,8.0,3075.04,384.38,48.0,218.0,0.0,2011-04-12 10:01:00,0,0.40748128819509283
12912,3.0,5.0,1662.3,332.46,17.0,37.0,0.0,2011-10-30 11:35:00,0,0.4308139082576084
12913,5.0,5.0,2483.63,496.726,37.0,363.0,0.0,2010-12-06 16:36:00,0,0.44521751407242277
12915,149.0,2.0,363.65,181.825,19.0,223.0,0.0,2010-12-02 12:33:00,0,0.43583506383040105
12916,139.0,5.0,2982.35,596.47,53.0,181.0,0.018348623853211,2011-01-23 10:43:00,0,0.45335822847264445
12917,128.0,1.0,594.0,594.0,2.0,0.0,0.0,2011-08-03 16:42:00,0,0.4665046740138843
12919,8.0,8.0,1301.44,162.68,34.0,161.0,0.0384615384615384,2011-06-23 09:22:00,0,0.43031433333933605
12920,17.0,1.0,164.23,164.23,27.0,0.0,0.0,2011-11-22 15:05:00,0,0.39438870106153767
12921,4.0,50.0,16389.74,327.7948,233.0,369.0,0.0283400809716599,2010-12-01 15:06:00,0,0.552746874914579
12922,161.0,1.0,405.38,405.38,28.0,0.0,0.0,2011-07-01 15:35:00,0,0.39670850241668826
12923,64.0,1.0,176.97,176.97,28.0,0.0,0.0,2011-10-06 16:20:00,0,0.3859640114965999
12924,88.0,5.0,929.95,185.99,22.0,239.0,0.032258064516129,2011-01-16 11:49:00,0,0.4289171774664905
12925,5.0,2.0,694.05,347.025,42.0,70.0,0.0,2011-09-26 11:05:00,0,0.3919491586255173
12928,35.0,5.0,2062.7000000000003,412.5400000000001,59.0,323.0,0.0,2010-12-15 15:45:00,0,0.4123759591332895
12929,122.0,2.0,105.1,52.55,8.0,189.0,0.1111111111111111,2011-02-01 12:08:00,0,0.5256663383468627
12930,78.0,4.0,409.9,102.475,20.0,93.0,0.074074074074074,2011-06-21 13:25:00,0,0.43936288623446956
12931,22.0,20.0,33462.81,1673.1405,29.0,336.0,0.196078431372549,2010-12-17 09:45:00,0,0.6246843867640237
12933,24.0,4.0,606.28,151.57,103.0,259.0,0.0093457943925233,2011-03-01 11:30:00,0,0.4061039518382723
12935,2.0,8.0,2156.45,269.55625,80.0,317.0,0.0076923076923076,2011-01-24 13:58:00,0,0.4149414843282906
12936,17.0,5.0,1012.9,202.58,56.0,61.0,0.0158730158730158,2011-09-22 13:51:00,0,0.41386921225022116
12937,15.0,4.0,1504.27,376.0675,81.0,252.0,0.0,2011-03-17 14:19:00,0,0.39011707889573305
12938,26.0,1.0,114.14,114.14,9.0,0.0,0.0,2011-11-14 11:21:00,0,0.41073897749842203
12939,64.0,8.0,11581.8,1447.725,21.0,270.0,0.0,2011-01-09 11:20:00,0,0.5237475620437072
12940,46.0,4.0,876.29,219.0725,88.0,41.0,0.0388349514563106,2011-09-13 10:16:00,0,0.4224463305890956
12942,131.0,3.0,683.9,227.96666666666667,68.0,234.0,0.0,2010-12-09 09:34:00,0,0.42149119806263646
12943,301.0,1.0,0.01,0.01,1.0,0.0,1.0,2011-02-11 15:13:00,0,0.7283198405780885
12944,36.0,2.0,604.51,302.255,29.0,319.0,0.0,2010-12-20 10:41:00,0,0.4193786171579666
12945,288.0,1.0,462.95,462.95,23.0,0.0,0.0,2011-02-24 14:15:00,0,0.4238666121876945
12947,144.0,11.0,1407.29,127.93545454545456,83.0,229.0,0.058252427184466,2010-12-01 16:21:00,0,0.4954213516508898
12948,16.0,8.0,2053.7,256.7125,82.0,248.0,0.0169491525423728,2011-03-20 10:17:00,0,0.400593407158978
12949,31.0,10.0,4143.02,414.302,166.0,221.0,0.0182648401826484,2011-04-01 13:20:00,0,0.4383748824326554
12950,2.0,3.0,1843.0,614.3333333333334,13.0,21.0,0.0,2011-11-15 13:48:00,0,0.444423454092376
12951,9.0,8.0,1042.07,130.25875,54.0,322.0,0.0307692307692307,2011-01-13 10:33:00,0,0.43181083910137313
12952,6.0,5.0,1382.84,276.56800000000004,64.0,72.0,0.0125,2011-09-22 16:37:00,0,0.41709867483458735
12953,10.0,1.0,329.85,329.85,17.0,0.0,0.0,2011-11-30 09:24:00,0,0.39150776032956247
12955,1.0,14.0,4734.26,338.1614285714286,81.0,266.0,0.0163934426229508,2011-03-17 09:03:00,0,0.43934877488024665
12956,306.0,1.0,108.07,108.07,19.0,0.0,0.0,2011-02-06 16:08:00,0,0.43841127328012053
12957,4.0,12.0,3979.04,331.58666666666664,208.0,335.0,0.0245901639344262,2011-01-04 12:18:00,0,0.4431477127238505
12962,7.0,2.0,266.39,133.195,15.0,106.0,0.0,2011-08-18 13:38:00,0,0.40200191324922474
12963,8.0,9.0,1841.03,204.55888888888887,76.0,357.0,0.0104166666666666,2010-12-09 09:14:00,0,0.4273127340875632
12965,89.0,1.0,771.91,771.91,108.0,0.0,0.0,2011-09-11 15:31:00,0,0.448133176465175
12966,10.0,1.0,160.18,160.18,10.0,0.0,0.0,2011-11-30 12:38:00,0,0.4023866144245702
12967,3.0,4.0,1194.75,298.6875,21.0,368.0,0.4242424242424242,2010-12-03 09:49:00,0,0.5926203969083983
12968,112.0,1.0,135.95,135.95,5.0,0.0,0.0,2011-08-19 15:44:00,0,0.41541130688345174
12970,7.0,4.0,452.24,113.06,116.0,315.0,0.0,2011-01-21 14:04:00,0,0.43725952451489625
12971,4.0,89.0,10930.26,122.81191011235956,95.0,368.0,0.0097402597402597,2010-12-02 16:42:00,0,0.5615035715011859
12974,198.0,1.0,144.8,144.8,8.0,0.0,0.0,2011-05-26 09:33:00,0,0.4070060036122713
12976,212.0,1.0,738.6,738.6,22.0,0.0,0.0,2011-05-12 09:55:00,0,0.43809504518514747
12977,156.0,1.0,39.24,39.24,9.0,0.0,0.0,2011-07-06 16:40:00,0,0.49929943783671865
12980,156.0,12.0,7092.06,591.005,6.0,203.0,0.1666666666666666,2010-12-16 11:36:00,0,0.599814662221979
12981,30.0,2.0,372.22,186.11,12.0,103.0,0.0,2011-07-29 14:14:00,0,0.401120688055832
12982,240.0,2.0,377.2,188.6,28.0,2.0,0.1764705882352941,2011-04-11 11:51:00,0,0.49172599777013654
12984,19.0,1.0,97.5,97.5,4.0,0.0,0.0,2011-11-21 12:37:00,0,0.4468507544642416
12985,1.0,3.0,1215.62,405.2066666666667,73.0,27.0,0.0256410256410256,2011-11-11 12:44:00,0,0.4307597916993274
12987,74.0,3.0,545.0,181.66666666666663,27.0,124.0,0.0666666666666666,2011-05-26 12:00:00,0,0.4140790657997635
12988,292.0,1.0,535.32,535.32,75.0,0.0,0.0,2011-02-20 14:31:00,0,0.4652701343225897
12989,3.0,19.0,6854.51,360.7636842105263,41.0,361.0,0.0588235294117647,2010-12-10 13:24:00,0,0.4805168428536547
12990,31.0,3.0,409.5,136.5,8.0,278.0,0.0,2011-02-02 15:39:00,0,0.439884945596326
12991,23.0,2.0,503.76,251.88,31.0,89.0,0.0,2011-08-19 14:39:00,0,0.3849540971884502
12993,23.0,4.0,414.76,103.69,26.0,275.0,0.0,2011-02-14 14:29:00,0,0.41974595529644215
12994,4.0,5.0,902.22,180.444,52.0,264.0,0.1643835616438356,2011-03-16 08:31:00,0,0.46714038078368986
12995,78.0,2.0,200.72,100.36,3.0,7.0,0.4,2011-09-15 15:44:00,0,0.5700461470998845
12997,22.0,7.0,1197.94,171.1342857142857,45.0,294.0,0.1194029850746268,2011-01-26 15:49:00,0,0.4485546938222076
12999,196.0,3.0,455.88,151.96,25.0,49.0,0.0,2011-04-08 10:26:00,0,0.42438859241768806
13000,107.0,3.0,534.85,178.28333333333333,30.0,258.0,0.0,2010-12-10 10:26:00,0,0.4172555603313298
13001,4.0,15.0,9797.92,653.1946666666666,166.0,322.0,0.0087719298245614,2011-01-17 12:45:00,0,0.4793155408619806
13002,318.0,1.0,120.95,120.95,7.0,0.0,0.0,2011-01-25 15:18:00,0,0.44216154500908317
13003,106.0,3.0,149.05,49.68333333333334,4.0,109.0,0.0,2011-05-09 08:23:00,0,0.5022205288238835
13004,12.0,22.0,5613.43,255.1559090909091,277.0,346.0,0.0122249388753056,2010-12-17 08:20:00,0,0.48383924068969864
13005,174.0,3.0,468.95,156.31666666666666,21.0,72.0,0.1034482758620689,2011-04-07 13:32:00,0,0.454014189681776
13006,56.0,1.0,81.57,81.57,4.0,0.0,0.0,2011-10-14 13:49:00,0,0.4499550778830916
13008,323.0,2.0,178.46999999999997,89.23499999999999,15.0,37.0,0.0666666666666666,2010-12-14 10:28:00,0,0.5019512435986115
13011,372.0,1.0,50.55,50.55,3.0,0.0,0.0,2010-12-02 17:22:00,0,0.5552822637054106
13012,9.0,11.0,1311.62,119.23818181818184,68.0,285.0,0.1682242990654205,2011-02-18 09:43:00,0,0.5004773060916373
13013,1.0,15.0,4786.99,319.13266666666664,155.0,370.0,0.0135135135135135,2010-12-03 12:28:00,0,0.4613359762005877
13014,3.0,16.0,3365.43,210.339375,67.0,278.0,0.1138211382113821,2011-03-03 18:28:00,0,0.48384323600683304
13015,53.0,5.0,3346.28,669.2560000000001,156.0,195.0,0.0,2011-04-04 14:28:00,0,0.4332593164475375
13016,73.0,3.0,789.89,263.2966666666667,39.0,49.0,0.0,2011-08-08 15:00:00,0,0.3926283715566457
13017,7.0,1.0,204.0,204.0,1.0,0.0,0.0,2011-12-02 15:53:00,0,0.4699092651947266
13018,16.0,29.0,7272.75,250.7844827586207,313.0,279.0,0.0021786492374727,2011-02-17 11:05:00,0,0.5075332048428822
13021,4.0,12.0,2584.4,215.36666666666667,103.0,361.0,0.0223880597014925,2010-12-09 14:12:00,0,0.434944629674212
13023,64.0,2.0,689.9,344.95,36.0,65.0,0.0,2011-08-02 09:34:00,0,0.38581621164478713
13026,1.0,8.0,936.15,117.01875,34.0,274.0,0.0697674418604651,2011-03-09 11:35:00,0,0.4520010605575971
13027,114.0,6.0,6912.0,1152.0,6.0,240.0,0.0,2010-12-20 12:45:00,0,0.5385734524285386
13028,23.0,3.0,659.68,219.8933333333333,40.0,22.0,0.0425531914893617,2011-10-25 14:09:00,0,0.41047752045968594
13029,31.0,3.0,1247.5,415.8333333333333,8.0,322.0,0.0,2010-12-21 13:53:00,0,0.4555864991368417
13030,11.0,2.0,799.48,399.74,76.0,356.0,0.0,2010-12-06 14:31:00,0,0.4391888501820914
13032,39.0,3.0,996.52,332.17333333333335,55.0,48.0,0.0533333333333333,2011-09-13 16:40:00,0,0.421960373126488
13033,357.0,1.0,190.55,190.55,11.0,0.0,0.0,2010-12-17 14:23:00,0,0.4500012624137005
13034,55.0,2.0,642.77,321.385,37.0,314.0,0.0,2010-12-05 14:52:00,0,0.41600390938780757
13035,58.0,3.0,886.63,295.5433333333333,23.0,203.0,0.1,2011-03-24 09:21:00,0,0.43507550777635506
13037,138.0,3.0,881.07,293.69,44.0,118.0,0.0,2011-03-28 15:42:00,0,0.406563279698984
13038,80.0,3.0,908.46,302.82,24.0,210.0,0.0,2011-02-22 11:43:00,0,0.39409620568064857
13040,9.0,2.0,676.99,338.495,38.0,24.0,0.0,2011-11-06 13:53:00,0,0.3897961872840022
13043,254.0,2.0,471.57,235.785,13.0,19.0,0.0714285714285714,2011-03-11 14:52:00,0,0.4632770173690381
13044,291.0,1.0,560.47,560.47,33.0,0.0,0.0,2011-02-21 15:20:00,0,0.437671820827032
13045,99.0,1.0,305.28000000000003,305.28000000000003,18.0,0.0,0.0,2011-09-01 15:04:00,0,0.38029058834235807
13046,31.0,2.0,629.31,314.655,33.0,235.0,0.0,2011-03-18 15:43:00,0,0.3936383609297348
13047,32.0,18.0,3079.1,171.0611111111111,106.0,342.0,0.1224489795918367,2010-12-01 08:34:00,0,0.5025053774472135
13048,14.0,5.0,1805.91,361.182,77.0,312.0,0.0072992700729927,2011-01-16 14:36:00,0,0.4021158996044181
13049,64.0,2.0,656.6800000000001,328.34000000000003,14.0,253.0,0.0,2011-01-25 16:33:00,0,0.4095526714337875
13050,9.0,28.0,5684.61,203.0217857142857,246.0,357.0,0.0450236966824644,2010-12-08 09:30:00,0,0.5001277600772135
13052,212.0,1.0,348.15000000000003,348.15000000000003,18.0,0.0,0.0,2011-05-11 14:12:00,0,0.39907954951791214
13055,64.0,4.0,1201.96,300.49,74.0,149.0,0.0256410256410256,2011-05-10 08:58:00,0,0.4025268642618522
13058,25.0,3.0,271.40000000000003,90.46666666666668,5.0,127.0,0.0,2011-07-11 12:01:00,0,0.45564776946687807
13059,250.0,1.0,183.4,183.4,8.0,0.0,0.0,2011-04-04 10:40:00,0,0.4082618529663762
13060,254.0,1.0,307.53,307.53,15.0,0.0,0.0,2011-03-31 11:37:00,0,0.40531754325809194
13061,72.0,1.0,248.61,248.61,10.0,0.0,0.0,2011-09-28 16:04:00,0,0.38600600969905285
13062,191.0,1.0,346.98,346.98,11.0,0.0,0.0,2011-06-01 15:12:00,0,0.4001194135901521
13064,13.0,4.0,1119.49,279.8725,51.0,314.0,0.0,2011-01-16 13:41:00,0,0.3984230775815406
13065,373.0,1.0,205.86,205.86,14.0,0.0,0.0,2010-12-01 16:52:00,0,0.4617277805763546
13066,24.0,3.0,430.9,143.63333333333333,48.0,7.0,0.0204081632653061,2011-11-07 17:06:00,0,0.4176343947035779
13067,82.0,1.0,115.46,115.46,14.0,0.0,0.0,2011-09-18 13:38:00,0,0.3977977145987503
13068,10.0,2.0,344.0,172.0,1.0,309.0,0.0,2011-01-24 08:20:00,0,0.506128240094343
13069,1.0,27.0,3717.82,137.69703703703703,285.0,368.0,0.0957446808510638,2010-12-05 11:02:00,0,0.5498597962527991
13070,192.0,1.0,228.8,228.8,9.0,0.0,0.0,2011-05-31 13:45:00,0,0.39913691027911025
13072,267.0,1.0,177.15,177.15,7.0,0.0,0.0,2011-03-18 08:12:00,0,0.41687183355957286
13075,130.0,1.0,919.61,919.61,22.0,0.0,0.0,2011-08-02 10:19:00,0,0.43327981184462044
13077,1.0,4.0,729.27,182.3175,99.0,365.0,0.0,2010-12-08 14:59:00,0,0.4420902580339141
13078,1.0,43.0,12432.28,289.1227906976744,96.0,365.0,0.0578947368421052,2010-12-08 09:07:00,0,0.5358579273963586
13079,4.0,5.0,220.1,44.02,2.0,136.0,0.0,2011-07-22 14:41:00,0,0.5256353037095214
13080,179.0,1.0,58.08,58.08,6.0,0.0,0.0,2011-06-13 14:59:00,0,0.47302339191862425
13081,1.0,21.0,27964.48,1331.6419047619047,511.0,369.0,0.0312204351939451,2010-12-03 17:20:00,0,0.5869012904257562
13082,126.0,10.0,3595.48,359.548,63.0,212.0,0.0266666666666666,2011-01-05 15:42:00,0,0.4725032997984736
13083,4.0,2.0,303.75,151.875,15.0,71.0,0.0,2011-09-25 10:46:00,0,0.40360232381490163
13085,158.0,3.0,272.38,90.79333333333334,17.0,137.0,0.2413793103448276,2011-02-17 13:57:00,0,0.5236532809527777
13089,3.0,118.0,57385.88,486.3210169491525,636.0,366.0,0.0210016155088853,2010-12-05 10:27:00,0,0.6203561634364301
13090,9.0,18.0,8689.39,482.7438888888889,98.0,364.0,0.0372670807453416,2010-12-02 07:48:00,0,0.47438178677334514
13091,21.0,2.0,319.82,159.91,21.0,7.0,0.125,2011-11-11 15:54:00,0,0.44598739039017277
13092,71.0,6.0,459.83,76.63833333333334,19.0,288.0,0.0384615384615384,2010-12-15 12:27:00,0,0.46982718447304345
13093,267.0,13.0,7741.47,595.4976923076923,99.0,106.0,0.0647058823529411,2010-12-01 15:00:00,0,0.5823477365048487
13094,21.0,16.0,1708.86,106.80375,4.0,347.0,0.2,2010-12-06 10:34:00,0,0.5959478227956598
13095,71.0,1.0,74.39999999999999,74.39999999999999,6.0,0.0,0.0,2011-09-30 12:03:00,0,0.44791542809190077
13097,33.0,14.0,5893.32,420.95142857142855,215.0,327.0,0.0320366132723112,2010-12-14 15:13:00,0,0.4610079025503597
13098,1.0,41.0,28658.88,698.9970731707317,163.0,316.0,0.0545454545454545,2011-01-26 13:46:00,0,0.5704212359879169
13099,99.0,1.0,207.36,207.36,1.0,0.0,0.0,2011-09-01 17:40:00,0,0.45689829598735027
13101,234.0,1.0,101.19,101.19,8.0,0.0,0.0,2011-04-19 14:37:00,0,0.4293934862710191
13102,1.0,27.0,6336.29,234.6774074074074,141.0,363.0,0.0193548387096774,2010-12-09 13:38:00,0,0.4853378474197039
13103,40.0,1.0,243.94,243.94,8.0,0.0,0.0,2011-10-31 09:38:00,0,0.3946688595041126
13104,3.0,6.0,1098.48,183.08,14.0,351.0,0.0,2010-12-20 11:58:00,0,0.4508691945162584
13106,129.0,2.0,59.5,29.75,1.0,4.0,0.5,2011-07-29 15:12:00,0,0.6470606134506601
13107,44.0,5.0,1524.07,304.814,54.0,289.0,0.0333333333333333,2011-01-10 12:28:00,0,0.41155602907396277
13108,373.0,1.0,350.06,350.06,10.0,0.0,0.0,2010-12-02 10:35:00,0,0.47002824229142204
13109,3.0,5.0,766.84,153.368,41.0,154.0,0.06,2011-07-05 14:56:00,0,0.4175247803840237
13110,31.0,8.0,1452.87,181.60875,109.0,279.0,0.0068493150684931,2011-02-01 15:24:00,0,0.4059316452430413
13113,1.0,40.0,10510.0,262.75,113.0,365.0,0.2831541218637993,2010-12-08 13:07:00,0,0.6101477429390794
13115,9.0,14.0,2205.63,157.54500000000002,92.0,357.0,0.0909090909090909,2010-12-08 15:01:00,0,0.47138174681866146
13116,117.0,2.0,485.19,242.595,30.0,21.0,0.032258064516129,2011-07-24 14:33:00,0,0.4157798591007738
13117,22.0,8.0,984.91,123.11375,66.0,350.0,0.0,2010-12-02 13:11:00,0,0.43492164767990316
13118,20.0,7.0,1125.0,160.71428571428572,68.0,269.0,0.0365853658536585,2011-02-24 09:59:00,0,0.4082609372935796
13120,239.0,1.0,30.6,30.6,1.0,0.0,0.0,2011-04-15 10:19:00,0,0.5630676047056936
13121,269.0,2.0,254.73,127.365,50.0,0.0,0.0566037735849056,2011-03-15 16:47:00,0,0.46397097009866634
13122,94.0,2.0,922.39,461.195,54.0,146.0,0.0,2011-04-13 14:12:00,0,0.4043552183527177
13124,90.0,3.0,3866.33,1288.7766666666666,185.0,269.0,0.0,2010-12-15 15:00:00,0,0.4971249227155526
13126,5.0,10.0,2056.29,205.629,124.0,361.0,0.0140845070422535,2010-12-08 11:42:00,0,0.4346110364148056
13127,78.0,1.0,259.17,259.17,15.0,0.0,0.0,2011-09-23 10:26:00,0,0.37838989950184604
13130,94.0,1.0,64.0,64.0,2.0,0.0,0.0,2011-09-06 15:30:00,0,0.4789990893818236
13131,23.0,4.0,1039.3,259.825,30.0,164.0,0.0434782608695652,2011-06-05 10:54:00,0,0.40268536609242594
13132,262.0,1.0,77.3,77.3,3.0,0.0,0.0,2011-03-23 12:44:00,0,0.4721285780234272
13133,274.0,2.0,109.8,54.9,7.0,30.0,0.0,2011-02-08 15:48:00,0,0.49938853032115044
13134,73.0,7.0,1740.63,248.6614285714286,94.0,167.0,0.0666666666666666,2011-04-13 12:57:00,0,0.44026650684994084
13135,197.0,1.0,3096.0,3096.0,1.0,0.0,0.0,2011-05-27 10:52:00,0,0.5653823466255443
13136,50.0,11.0,2545.38,231.39818181818185,97.0,315.0,0.0863309352517985,2010-12-09 15:34:00,0,0.4611299856674923
13137,11.0,9.0,3605.08,400.56444444444446,346.0,298.0,0.001418439716312,2011-02-04 11:54:00,0,0.45963140270531105
13138,22.0,6.0,962.39,160.39833333333334,31.0,350.0,0.0,2010-12-02 15:03:00,0,0.431687607883844
13139,16.0,8.0,5055.79,631.97375,132.0,243.0,0.0229885057471264,2011-03-25 11:57:00,0,0.44001964415599054
13140,108.0,3.0,423.72,141.24,40.0,258.0,0.0,2010-12-08 15:12:00,0,0.4273317736232405
13141,85.0,6.0,2385.8,397.6333333333334,113.0,230.0,0.0073529411764705,2011-01-28 13:04:00,0,0.42326319252640504
13142,19.0,1.0,307.09,307.09,23.0,0.0,0.0,2011-11-20 16:07:00,0,0.3855255389155631
13144,333.0,1.0,110.95,110.95,3.0,0.0,0.0,2011-01-11 11:15:00,0,0.4791551427557933
13145,40.0,5.0,614.77,122.954,5.0,332.0,0.1428571428571428,2010-12-02 18:06:00,0,0.5303728239456466
13146,26.0,1.0,228.91,228.91,16.0,0.0,0.0,2011-11-13 15:29:00,0,0.3833592108790614
13147,10.0,4.0,712.8000000000001,178.20000000000002,1.0,89.0,0.0,2011-09-01 12:28:00,0,0.48338098903820015
13148,29.0,17.0,3348.48,196.96941176470588,238.0,335.0,0.0806916426512968,2010-12-10 13:06:00,0,0.4950660949095006
13149,14.0,4.0,1676.06,419.015,76.0,274.0,0.0,2011-02-23 13:57:00,0,0.39634065532840423
13151,203.0,2.0,1250.37,625.1850000000001,73.0,92.0,0.0133333333333333,2011-02-17 12:29:00,0,0.46436021156221274
13153,6.0,1.0,486.22,486.22,15.0,0.0,0.0,2011-12-04 12:14:00,0,0.40738048413913674
13154,144.0,1.0,0.01,0.01,1.0,0.0,1.0,2011-07-18 15:21:00,0,0.7278646085781666
13155,33.0,4.0,971.76,242.94,67.0,335.0,0.0,2010-12-06 12:44:00,0,0.40917511250080935
13157,49.0,5.0,1721.57,344.314,69.0,248.0,0.0224719101123595,2011-02-14 14:03:00,0,0.4011408963553874
13158,95.0,4.0,1201.06,300.265,59.0,224.0,0.0,2011-01-25 09:58:00,0,0.4019607556507031
13159,9.0,5.0,1379.75,275.95,114.0,106.0,0.0081967213114754,2011-08-16 11:44:00,0,0.41412345292177144
13160,22.0,1.0,91.8,91.8,4.0,0.0,0.0,2011-11-17 13:07:00,0,0.45054641745989804
13161,313.0,1.0,112.75,112.75,8.0,0.0,0.0,2011-01-30 14:03:00,0,0.4366980473262795
13162,122.0,5.0,1644.99,328.998,74.0,212.0,0.0365853658536585,2011-01-09 10:43:00,0,0.43785988205858967
13165,46.0,2.0,1021.48,510.74,40.0,305.0,0.0,2010-12-23 14:06:00,0,0.4213691593245199
13166,282.0,2.0,414.7,207.35,39.0,0.0,0.0238095238095238,2011-03-01 15:16:00,0,0.44533113092088805
13167,19.0,4.0,791.33,197.8325,51.0,125.0,0.0,2011-07-19 12:13:00,0,0.38658432081693156
13168,36.0,5.0,1310.14,262.028,102.0,281.0,0.0150375939849624,2011-01-25 13:55:00,0,0.39939335092717365
13169,64.0,2.0,712.88,356.44,11.0,188.0,0.0,2011-04-01 14:24:00,0,0.40731114057867546
13170,27.0,1.0,116.01,116.01,29.0,0.0,0.0,2011-11-13 12:19:00,0,0.40859943972683943
13171,8.0,5.0,426.81,85.362,37.0,291.0,0.0416666666666666,2011-02-13 14:16:00,0,0.44634451247982315
13173,4.0,2.0,353.65,176.825,41.0,363.0,0.0,2010-12-07 14:30:00,0,0.44569404617660435
13174,16.0,3.0,2817.03,939.01,228.0,352.0,0.0,2010-12-05 16:24:00,0,0.4874971845552163
13176,46.0,1.0,492.84,492.84,66.0,0.0,0.0,2011-10-24 15:43:00,0,0.40970060116168117
13177,65.0,1.0,282.45,282.45,17.0,0.0,0.0,2011-10-06 09:56:00,0,0.3782772057595474
13178,26.0,11.0,5725.47,520.4972727272727,95.0,334.0,0.0,2010-12-14 12:22:00,0,0.4467761712417133
13182,45.0,1.0,121.18,121.18,11.0,0.0,0.0,2011-10-25 13:46:00,0,0.4005889660710358
13183,8.0,9.0,3957.78,439.7533333333333,51.0,326.0,0.0,2011-01-09 10:50:00,0,0.42914638482718753
13184,15.0,12.0,1648.79,137.39916666666667,138.0,275.0,0.0109289617486338,2011-02-22 17:25:00,0,0.43663779263818914
13185,268.0,1.0,71.4,71.4,1.0,0.0,0.0,2011-03-17 11:56:00,0,0.5110063391537812
13186,40.0,5.0,1539.69,307.938,69.0,89.0,0.0595238095238095,2011-08-03 09:09:00,0,0.4303131382757925
13187,337.0,1.0,236.02,236.02,37.0,0.0,0.0,2011-01-06 18:57:00,0,0.44650861300098244
13188,11.0,1.0,114.6,114.6,2.0,0.0,0.0,2011-11-28 15:28:00,0,0.4552261297591927
13189,19.0,2.0,260.68,130.34,29.0,96.0,0.0,2011-08-16 13:12:00,0,0.3938489398051312
13192,95.0,2.0,911.94,455.97,57.0,109.0,0.0,2011-05-18 14:57:00,0,0.4068867659692516
13193,61.0,1.0,117.88,117.88,22.0,0.0,0.0,2011-10-09 14:30:00,0,0.4006215013265705
13194,136.0,1.0,60.7,60.7,3.0,0.0,0.0,2011-07-27 09:01:00,0,0.4761824159446347
13196,11.0,4.0,1797.78,449.445,97.0,250.0,0.0,2011-03-22 14:24:00,0,0.4019520770804972
13198,10.0,8.0,3384.09,423.01125,200.0,351.0,0.0131004366812227,2010-12-13 09:29:00,0,0.4393438308473835
13199,4.0,39.0,9803.96,251.3835897435897,48.0,363.0,0.0083333333333333,2010-12-08 10:51:00,0,0.5151319972413931
13200,19.0,4.0,870.09,217.5225,42.0,107.0,0.0,2011-08-05 14:50:00,0,0.386802072643769
13203,10.0,4.0,869.46,217.365,56.0,232.0,0.0,2011-04-11 14:40:00,0,0.38674321702698955
13207,15.0,2.0,250.26,125.13,7.0,135.0,0.0,2011-07-12 11:35:00,0,0.430314664807669
13208,59.0,7.0,1205.9,172.27142857142857,124.0,250.0,0.0066666666666666,2011-02-03 19:32:00,0,0.412642913061252
13209,30.0,11.0,5820.16,529.1054545454546,255.0,331.0,0.0243161094224924,2010-12-13 10:31:00,0,0.47292478963184703
13210,94.0,1.0,353.48,353.48,22.0,0.0,0.0,2011-09-07 08:18:00,0,0.3833266500079457
13211,10.0,3.0,1197.42,399.14,45.0,350.0,0.0,2010-12-13 16:17:00,0,0.4263493925142391
13212,9.0,4.0,780.58,195.145,128.0,52.0,0.0069930069930069,2011-10-09 14:48:00,0,0.42127327762559286
13213,57.0,6.0,1518.43,253.0716666666667,82.0,142.0,0.0217391304347826,2011-05-24 12:22:00,0,0.41202839573578404
13216,268.0,1.0,333.74,333.74,5.0,0.0,0.0,2011-03-17 12:18:00,0,0.4322801103388428
13217,122.0,5.0,133.62,26.724,3.0,34.0,0.4285714285714285,2011-07-06 12:08:00,0,0.6234130083515423
13218,127.0,1.0,62.63999999999999,62.63999999999999,5.0,0.0,0.0,2011-08-04 16:59:00,0,0.46389582049168354
13220,78.0,4.0,819.2900000000001,204.8225,18.0,158.0,0.0,2011-04-17 10:59:00,0,0.40097570829004425
13221,240.0,2.0,847.41,423.705,62.0,119.0,0.0,2010-12-15 13:24:00,0,0.4503596702414627
13223,200.0,2.0,163.20000000000002,81.60000000000001,5.0,31.0,0.0,2011-04-21 15:16:00,0,0.46402582521642705
13224,60.0,3.0,2150.85,716.9499999999999,101.0,91.0,0.0091743119266055,2011-07-11 14:10:00,0,0.441076404885508
13225,3.0,8.0,6083.04,760.38,23.0,358.0,0.0588235294117647,2010-12-13 09:49:00,0,0.5101988154098561
13226,273.0,1.0,108.21,108.21,16.0,0.0,0.0,2011-03-11 14:35:00,0,0.4286582453302034
13227,202.0,1.0,257.7,257.7,9.0,0.0,0.0,2011-05-22 11:47:00,0,0.40252011892623163
13228,81.0,1.0,358.0,358.0,2.0,0.0,0.0,2011-09-19 14:28:00,0,0.44035306362298865
13229,226.0,1.0,160.95,160.95,10.0,0.0,0.0,2011-04-28 12:07:00,0,0.40453200860455846
13230,4.0,15.0,2763.41,184.2273333333333,393.0,360.0,0.0016339869281045,2010-12-09 19:28:00,0,0.4913784419136521
13232,13.0,7.0,1357.6,193.94285714285712,147.0,230.0,0.0,2011-04-10 13:48:00,0,0.4088113687018241
13233,74.0,2.0,605.12,302.56,43.0,261.0,0.0,2011-01-07 14:49:00,0,0.40469049650115946
13235,212.0,2.0,101.17000000000009,50.58500000000004,54.0,0.0,0.0169491525423728,2011-05-11 17:13:00,0,0.4977633858659406
13236,25.0,3.0,727.27,242.4233333333333,34.0,82.0,0.0769230769230769,2011-08-25 08:58:00,0,0.4193515562373523
13238,11.0,5.0,680.83,136.166,20.0,349.0,0.03125,2010-12-14 14:37:00,0,0.45226443473646716
13239,262.0,1.0,329.56,329.56,21.0,0.0,0.0,2011-03-23 10:25:00,0,0.4052759231866592
13240,96.0,4.0,663.65,165.9125,59.0,269.0,0.0,2010-12-09 12:49:00,0,0.41718193885850235
13242,112.0,3.0,270.40000000000003,90.13333333333334,12.0,101.0,0.0,2011-05-10 12:26:00,0,0.4368193521542165
13243,203.0,1.0,600.07,600.07,56.0,0.0,0.0,2011-05-20 13:14:00,0,0.43857909038882537
13244,93.0,1.0,121.74,121.74,27.0,0.0,0.0,2011-09-08 11:46:00,0,0.4017424251264987
13245,51.0,1.0,430.5,430.5,16.0,0.0,0.0,2011-10-20 11:40:00,0,0.38806473940732816
13246,18.0,7.0,1922.1,274.5857142857143,110.0,312.0,0.0139860139860139,2011-01-13 13:36:00,0,0.40470732688749883
13247,18.0,4.0,501.12,125.28,18.0,64.0,0.0,2011-09-18 11:31:00,0,0.40787944240617124
13248,125.0,2.0,465.68,232.84,25.0,64.0,0.0,2011-06-03 13:05:00,0,0.3969689977048233
13249,92.0,3.0,711.41,237.13666666666663,21.0,168.0,0.0,2011-03-23 15:26:00,0,0.3984458336189489
13253,157.0,2.0,1030.4,515.2,35.0,182.0,0.0,2011-01-04 15:43:00,0,0.4330808323195333
13255,4.0,3.0,390.66,130.22,13.0,369.0,0.0714285714285714,2010-12-01 11:58:00,0,0.5007798401130965
13258,12.0,3.0,698.58,232.86,28.0,193.0,0.0,2011-05-18 13:11:00,0,0.3902917272100969
13259,62.0,1.0,292.32,292.32,77.0,0.0,0.0,2011-10-09 10:48:00,0,0.4054690308987794
13260,61.0,1.0,557.62,557.62,8.0,0.0,0.0,2011-10-09 13:21:00,0,0.41452821424299363
13261,269.0,2.0,944.1,472.05,8.0,17.0,0.0,2011-02-27 10:41:00,0,0.46531792903900765
13262,263.0,1.0,200.29,200.29,11.0,0.0,0.0,2011-03-21 15:06:00,0,0.40716164449867764
13263,1.0,35.0,7454.07,212.97342857142857,450.0,323.0,0.0,2011-01-18 16:31:00,0,0.5484333194738271
13265,53.0,5.0,2107.66,421.532,66.0,220.0,0.0,2011-03-11 09:54:00,0,0.4006061206216257
13266,11.0,19.0,3717.67,195.6668421052632,83.0,347.0,0.0742574257425742,2010-12-15 16:56:00,0,0.46617416346580576
13267,3.0,27.0,4404.44,163.1274074074074,88.0,364.0,0.0580357142857142,2010-12-08 09:20:00,0,0.49101140244826047
13268,18.0,15.0,3167.64,211.176,257.0,249.0,0.0156599552572706,2011-03-17 13:20:00,0,0.4538681846996657
13269,1.0,17.0,5315.92,312.7011764705882,178.0,368.0,0.0125,2010-12-05 11:51:00,0,0.4703870127168219
13270,366.0,1.0,590.0,590.0,1.0,0.0,0.0,2010-12-08 14:53:00,0,0.5477242010539768
13271,37.0,2.0,178.26,89.13,79.0,0.0,0.0495049504950495,2011-11-02 14:31:00,0,0.4569696612425428
13272,31.0,2.0,276.56,138.28,15.0,58.0,0.0,2011-09-11 12:06:00,0,0.39932578348323816
13273,113.0,1.0,138.98,138.98,16.0,0.0,0.0,2011-08-18 14:02:00,0,0.3921839771459617
13276,64.0,2.0,590.9300000000001,295.46500000000003,30.0,36.0,0.0,2011-09-01 10:03:00,0,0.3827845443909532
13277,16.0,4.0,258.4,64.6,5.0,117.0,0.0,2011-07-29 10:06:00,0,0.47562039215057794
13278,41.0,1.0,542.73,542.73,46.0,0.0,0.0,2011-10-30 11:49:00,0,0.40385938149366546
13279,64.0,2.0,126.3,63.150000000000006,9.0,14.0,0.1818181818181818,2011-09-22 17:24:00,0,0.5102707260220501
13280,122.0,3.0,814.86,271.62,67.0,214.0,0.0,2011-01-06 17:10:00,0,0.413553777150954
13282,18.0,6.0,1047.84,174.64,30.0,202.0,0.075,2011-05-03 12:03:00,0,0.4225217610580653
13283,60.0,2.0,93.66,46.83,7.0,125.0,0.0,2011-06-07 12:39:00,0,0.48846343652042395
13284,323.0,2.0,196.15,98.075,13.0,8.0,0.0714285714285714,2011-01-13 09:23:00,0,0.49062844106257336
13285,23.0,4.0,2709.12,677.28,157.0,266.0,0.0,2011-02-22 17:13:00,0,0.4288951602661915
13291,156.0,1.0,361.11,361.11,41.0,0.0,0.0,2011-07-07 10:36:00,0,0.3991484623997658
13292,39.0,2.0,578.9399999999999,289.47,29.0,245.0,0.0,2011-02-28 15:00:00,0,0.39596414361996424
13294,190.0,2.0,873.74,436.87,48.0,59.0,0.0,2011-04-04 12:37:00,0,0.427015871339018
13295,360.0,2.0,197.95,98.975,11.0,12.0,0.0909090909090909,2010-12-02 17:36:00,0,0.5260173476025232
13296,137.0,1.0,87.4,87.4,5.0,0.0,0.0,2011-07-25 13:46:00,0,0.44738775074805015
13297,8.0,4.0,2089.85,522.4625,52.0,59.0,0.0,2011-10-03 15:08:00,0,0.4204778348093356
13298,1.0,1.0,360.0,360.0,2.0,0.0,0.0,2011-12-08 13:11:00,0,0.4585887162252812
13299,268.0,1.0,142.5,142.5,5.0,0.0,0.0,2011-03-16 12:55:00,0,0.4306134902939625
13300,165.0,2.0,365.29,182.645,20.0,4.0,0.0909090909090909,2011-06-23 13:09:00,0,0.4413509006468388
13301,104.0,4.0,618.09,154.5225,75.0,188.0,0.0,2011-02-20 13:13:00,0,0.4104316692544625
13302,155.0,1.0,63.75,63.75,1.0,0.0,0.0,2011-07-07 17:56:00,0,0.5011783404289805
13304,351.0,1.0,300.42,300.42,21.0,0.0,0.0,2010-12-23 14:35:00,0,0.44727483287338776
13305,4.0,10.0,2000.86,200.086,50.0,368.0,0.0,2010-12-02 12:10:00,0,0.4456509266800941
13307,120.0,1.0,15.0,15.0,1.0,0.0,0.0,2011-08-11 17:14:00,0,0.5726868441159292
13308,23.0,4.0,1367.61,341.90250000000003,49.0,180.0,0.0526315789473684,2011-05-20 13:13:00,0,0.4118913246231835
13309,7.0,5.0,1456.79,291.358,82.0,301.0,0.0,2011-02-04 12:29:00,0,0.39753711179509027
13310,9.0,6.0,1083.63,180.605,65.0,315.0,0.0649350649350649,2011-01-19 14:50:00,0,0.42728000584752285
13311,4.0,2.0,598.57,299.285,25.0,145.0,0.0,2011-07-12 14:26:00,0,0.3925536794107725
13313,22.0,5.0,1555.32,311.064,47.0,317.0,0.0,2011-01-04 10:00:00,0,0.4004396910607144
13314,2.0,4.0,578.66,144.665,55.0,72.0,0.1733333333333333,2011-09-27 10:20:00,0,0.48201145065888845
13316,37.0,5.0,5815.49,1163.098,67.0,217.0,0.0113636363636363,2011-03-30 13:01:00,0,0.46454217164054523
13317,64.0,9.0,2140.07,237.7855555555556,101.0,294.0,0.0814814814814814,2010-12-16 09:22:00,0,0.4543074484805482
13318,1.0,3.0,640.76,213.58666666666667,14.0,36.0,0.0,2011-11-02 13:26:00,0,0.4102583611094338
13319,5.0,36.0,10664.34,296.2316666666667,211.0,362.0,0.048,2010-12-07 11:47:00,0,0.5246408342100007
13320,70.0,6.0,1491.7,248.61666666666667,77.0,143.0,0.0363636363636363,2011-05-10 10:29:00,0,0.41801190061631743
13321,72.0,2.0,567.36,283.68,10.0,14.0,0.0,2011-09-14 15:18:00,0,0.4028401999126298
13322,17.0,1.0,199.48,199.48,25.0,0.0,0.0,2011-11-22 14:21:00,0,0.38832848214211413
13323,3.0,5.0,787.85,157.57,6.0,81.0,0.0,2011-09-16 13:23:00,0,0.4489277545178031
13324,32.0,12.0,7072.8,589.4,25.0,328.0,0.0259740259740259,2010-12-14 09:50:00,0,0.4870329326565321
13325,82.0,1.0,675.3,675.3,12.0,0.0,0.0,2011-09-19 10:36:00,0,0.4124365456119314
13327,39.0,9.0,3617.57,401.9522222222223,74.0,326.0,0.0091743119266055,2010-12-09 15:32:00,0,0.42830815528502364
13328,316.0,1.0,1308.48,1308.48,17.0,0.0,0.0,2011-01-27 15:22:00,0,0.5020549986528042
13329,32.0,4.0,740.4,185.1,16.0,335.0,0.1052631578947368,2010-12-08 10:11:00,0,0.4681176257618019
13330,93.0,3.0,1140.93,380.31,37.0,223.0,0.0,2011-01-28 10:08:00,0,0.40397160760331235
13332,14.0,1.0,350.9,350.9,21.0,0.0,0.0,2011-11-25 13:30:00,0,0.38911490698556656
13334,82.0,3.0,3536.82,1178.94,207.0,223.0,0.0,2011-02-07 11:42:00,0,0.4813140524664563
13336,77.0,1.0,795.12,795.12,51.0,0.0,0.0,2011-09-23 14:05:00,0,0.4250509669675647
13338,154.0,3.0,431.82,143.94,19.0,3.0,0.2083333333333333,2011-07-05 09:06:00,0,0.5000386323436121
13339,201.0,1.0,860.12,860.12,54.0,0.0,0.0,2011-05-23 08:31:00,0,0.4556464048186122
13340,45.0,7.0,10736.48,1533.782857142857,128.0,231.0,0.0,2011-03-08 11:39:00,0,0.4989047448138306
13341,261.0,1.0,775.85,775.85,42.0,0.0,0.0,2011-03-24 09:50:00,0,0.45851777846667113
13343,173.0,2.0,303.93,151.965,19.0,4.0,0.1363636363636363,2011-06-15 12:24:00,0,0.4588449028199958
13344,68.0,3.0,2543.72,847.9066666666666,115.0,209.0,0.0,2011-03-07 10:28:00,0,0.4366472556668481
13345,277.0,2.0,377.6,188.8,20.0,10.0,0.0909090909090909,2011-02-25 09:01:00,0,0.46598734837843947
13347,70.0,1.0,341.36,341.36,8.0,0.0,0.0,2011-09-30 13:28:00,0,0.39624875587718
13348,64.0,1.0,233.76,233.76,14.0,0.0,0.0,2011-10-06 17:28:00,0,0.3794020420182086
13349,11.0,1.0,247.32,247.32,16.0,0.0,0.0,2011-11-29 08:07:00,0,0.38704484673573414
13350,16.0,3.0,910.72,303.5733333333333,36.0,63.0,0.0697674418604651,2011-09-21 13:33:00,0,0.42315290734589145
13351,66.0,1.0,373.94,373.94,16.0,0.0,0.0,2011-10-04 12:55:00,0,0.38147453922873453
13352,8.0,2.0,389.28,194.64,24.0,52.0,0.1111111111111111,2011-10-10 13:55:00,0,0.443737853195356
13354,71.0,1.0,743.53,743.53,51.0,0.0,0.0,2011-09-29 13:17:00,0,0.4179303953411744
13355,122.0,1.0,674.7,674.7,32.0,0.0,0.0,2011-08-09 14:48:00,0,0.4091193998150741
13356,80.0,1.0,768.24,768.24,42.0,0.0,0.0,2011-09-20 14:33:00,0,0.4163643059853863
13357,257.0,1.0,609.95,609.95,85.0,0.0,0.0,2011-03-27 13:56:00,0,0.4673666552778043
13358,269.0,1.0,439.03,439.03,29.0,0.0,0.0,2011-03-16 11:52:00,0,0.41668021042167713
13359,59.0,2.0,431.26,215.63,23.0,4.0,0.0416666666666666,2011-10-07 09:30:00,0,0.4069671968068508
13362,3.0,5.0,3085.49,617.0980000000001,128.0,284.0,0.0177514792899408,2011-02-25 11:33:00,0,0.435352334956346
13363,18.0,2.0,992.5,496.25,47.0,26.0,0.0,2011-10-27 10:46:00,0,0.4031350184318833
13364,67.0,2.0,0.01,0.01,10.0,4.0,0.5,2011-09-29 18:13:00,0,0.6943616924381742
13365,9.0,3.0,2191.22,730.4066666666666,122.0,208.0,0.0303030303030303,2011-05-06 12:00:00,0,0.45147012795119823
13366,50.0,1.0,56.16,56.16,1.0,0.0,0.0,2011-10-20 13:37:00,0,0.5133330241132609
13368,257.0,2.0,623.4,311.7,29.0,80.0,0.0,2011-01-06 12:32:00,0,0.4344143274043702
13369,354.0,2.0,263.75,131.875,14.0,11.0,0.2631578947368421,2010-12-09 11:30:00,0,0.5633398052382715
13370,366.0,2.0,721.32,360.66,39.0,5.0,0.1136363636363636,2010-12-03 10:26:00,0,0.5327297059268421
13372,90.0,1.0,378.64,378.64,23.0,0.0,0.0,2011-09-11 12:46:00,0,0.38382240009454555
13373,61.0,3.0,3312.25,1104.0833333333333,135.0,215.0,0.0,2011-03-08 14:35:00,0,0.45595971086949605
13375,81.0,2.0,772.9,386.45,37.0,7.0,0.0263157894736842,2011-09-12 10:19:00,0,0.41369036827471517
13376,99.0,3.0,1019.76,339.92,45.0,135.0,0.0,2011-04-19 13:03:00,0,0.39627751001465955
13379,26.0,3.0,572.56,190.85333333333327,85.0,110.0,0.0,2011-07-26 12:26:00,0,0.3936059010860068
13381,21.0,7.0,3626.81,518.1157142857143,77.0,277.0,0.0057803468208092,2011-02-14 10:10:00,0,0.4189626542334713
13382,281.0,1.0,222.99,222.99,15.0,0.0,0.0,2011-03-04 10:03:00,0,0.4057446217355529
13384,31.0,9.0,4122.28,458.0311111111111,123.0,147.0,0.0193548387096774,2011-06-14 12:47:00,0,0.4463432195001476
13385,330.0,1.0,534.57,534.57,35.0,0.0,0.0,2011-01-14 09:52:00,0,0.45996878195755136
13388,121.0,3.0,627.15,209.05,35.0,10.0,0.0277777777777777,2011-07-31 12:52:00,0,0.4206419893376867
13389,11.0,3.0,797.96,265.9866666666667,50.0,221.0,0.0,2011-04-21 12:12:00,0,0.3891754664433088
13390,75.0,1.0,544.08,544.08,13.0,0.0,0.0,2011-09-26 08:38:00,0,0.3988863431063972
13391,204.0,1.0,59.8,59.8,1.0,0.0,0.0,2011-05-20 10:50:00,0,0.5093769286033911
13394,2.0,10.0,2312.8,231.28000000000003,126.0,308.0,0.0548780487804878,2011-02-03 10:39:00,0,0.43627558852883
13395,185.0,1.0,307.72,307.72,21.0,0.0,0.0,2011-06-07 15:04:00,0,0.39035788486099754
13396,22.0,4.0,1325.29,331.3225,42.0,297.0,0.0851063829787234,2011-01-24 13:37:00,0,0.43582433601216036
13397,73.0,6.0,1539.18,256.53000000000003,28.0,266.0,0.0256410256410256,2011-01-04 13:50:00,0,0.4219515828238096
13398,192.0,1.0,457.34,457.34,26.0,0.0,0.0,2011-05-31 13:17:00,0,0.405179751413241
13402,127.0,2.0,621.23,310.615,32.0,244.0,0.0,2010-12-02 17:12:00,0,0.4224258882075747
13403,18.0,1.0,75.0,75.0,3.0,0.0,0.0,2011-11-22 08:28:00,0,0.46877237583457615
13404,1.0,2.0,252.49,126.245,11.0,211.0,0.0,2011-05-11 11:57:00,0,0.42687529401743995
13405,74.0,3.0,572.451,190.817,25.0,243.0,0.0,2011-01-26 09:27:00,0,0.3973592477951422
13408,2.0,81.0,27487.41,339.3507407407407,236.0,371.0,0.0459081836327345,2010-12-01 10:39:00,0,0.581926135991936
13410,9.0,7.0,988.91,141.2728571428571,15.0,282.0,0.0666666666666666,2011-02-21 14:38:00,0,0.45246354065668365
13411,107.0,1.0,213.55,213.55,17.0,0.0,0.0,2011-08-24 13:57:00,0,0.3841682047616668
13414,134.0,3.0,1390.5,463.5,23.0,162.0,0.0,2011-02-16 12:13:00,0,0.4256104888899704
13416,44.0,2.0,712.5,356.25,11.0,37.0,0.0,2011-09-19 14:43:00,0,0.40401066355820964
13417,5.0,2.0,640.83,320.415,26.0,200.0,0.0,2011-05-18 16:26:00,0,0.39809473971890696
13418,12.0,23.0,5845.44,254.14956521739128,223.0,360.0,0.0318471337579617,2010-12-02 10:45:00,0,0.47822658166714566
13419,64.0,1.0,221.06,221.06,16.0,0.0,0.0,2011-10-07 12:49:00,0,0.3796931019533959
13420,135.0,4.0,140.35,35.0875,8.0,36.0,0.2,2011-06-22 11:35:00,0,0.5517001928659363
13421,40.0,3.0,1848.98,616.3266666666667,89.0,249.0,0.0095238095238095,2011-02-22 15:46:00,0,0.42094872023542196
13422,51.0,2.0,2601.55,1300.775,127.0,13.0,0.0078125,2011-10-06 13:42:00,0,0.47605806494903546
13425,108.0,3.0,1624.21,541.4033333333333,66.0,186.0,0.0,2011-02-18 08:34:00,0,0.42078367817906176
13426,1.0,12.0,3550.7000000000003,295.8916666666667,104.0,358.0,0.0125786163522012,2010-12-15 12:43:00,0,0.4375426075131273
13427,19.0,3.0,582.6,194.2,25.0,195.0,0.0,2011-05-08 15:58:00,0,0.3894943046304487
13428,10.0,1.0,218.47,218.47,70.0,0.0,0.0,2011-11-29 14:20:00,0,0.41364073197832174
13429,11.0,4.0,1006.8,251.7,55.0,64.0,0.0,2011-09-25 15:59:00,0,0.3962152057804008
13430,19.0,4.0,648.6899999999999,162.1725,49.0,67.0,0.0925925925925925,2011-09-14 14:26:00,0,0.4325723165525268
13431,67.0,2.0,1269.1,634.55,44.0,21.0,0.0,2011-09-12 11:25:00,0,0.41101383726656876
13434,74.0,2.0,534.24,267.12,9.0,22.0,0.0,2011-09-04 10:35:00,0,0.40687553427645323
13435,5.0,9.0,3794.49,421.61,68.0,183.0,0.0194174757281553,2011-06-03 17:07:00,0,0.43323384506005336
13436,2.0,1.0,196.89,196.89,12.0,0.0,0.0,2011-12-08 10:33:00,0,0.40076246140156074
13437,14.0,7.0,3408.06,486.8657142857143,143.0,175.0,0.0,2011-06-02 14:30:00,0,0.4226459594789855
13439,255.0,1.0,283.71,283.71,54.0,0.0,0.0,2011-03-29 14:20:00,0,0.43082530294456267
13441,92.0,1.0,296.64,296.64,13.0,0.0,0.0,2011-09-09 09:38:00,0,0.38241122037879677
13447,23.0,4.0,1104.23,276.0575,55.0,12.0,0.0483870967741935,2011-11-04 10:10:00,0,0.42836924752282246
13448,17.0,10.0,3465.67,346.567,137.0,357.0,0.0201005025125628,2010-12-01 10:52:00,0,0.43358447895047086
13449,24.0,1.0,291.88,291.88,19.0,0.0,0.0,2011-11-16 08:28:00,0,0.3839034311636487
13450,27.0,6.0,2043.72,340.61999999999995,32.0,191.0,0.0,2011-05-05 19:48:00,0,0.40239847404874174
13451,26.0,6.0,2916.45,486.075,315.0,308.0,0.0022522522522522,2011-01-09 15:35:00,0,0.4535790194026486
13452,259.0,2.0,590.0,295.0,1.0,11.0,0.0,2011-03-14 11:38:00,0,0.4974449999991737
13453,166.0,2.0,356.98,178.48999999999998,16.0,123.0,0.0,2011-02-23 09:44:00,0,0.41258914517808204
13455,25.0,4.0,1007.35,251.8375,42.0,341.0,0.1320754716981132,2010-12-08 13:11:00,0,0.4763019659368797
13456,18.0,7.0,1737.8200000000002,248.26,43.0,189.0,0.0307692307692307,2011-05-16 15:34:00,0,0.4094619070037028
13458,7.0,22.0,9537.92,433.5418181818182,242.0,352.0,0.0304568527918781,2010-12-15 12:05:00,0,0.4907959445875758
13460,29.0,2.0,183.44,91.72,16.0,20.0,0.0,2011-10-21 09:50:00,0,0.41357526745537676
13461,39.0,3.0,1445.0,481.6666666666667,14.0,124.0,0.0,2011-06-29 10:23:00,0,0.4143610141913546
13462,183.0,2.0,143.25,71.625,9.0,69.0,0.1,2011-04-01 11:20:00,0,0.48661369781880237
13464,58.0,1.0,674.68,674.68,41.0,0.0,0.0,2011-10-12 15:01:00,0,0.4058912790891521
13466,100.0,2.0,297.95,148.975,17.0,83.0,0.0555555555555555,2011-06-08 16:39:00,0,0.4246343912371953
13467,11.0,2.0,1083.71,541.855,89.0,25.0,0.0,2011-11-03 16:56:00,0,0.42260810459727544
13468,2.0,41.0,5656.75,137.96951219512195,184.0,371.0,0.0130718954248366,2010-12-01 15:08:00,0,0.5350582274728986
13470,99.0,2.0,165.0,82.5,7.0,15.0,0.0,2011-08-16 17:06:00,0,0.4374146769691387
13471,1.0,4.0,2531.58,632.895,214.0,46.0,0.0,2011-10-23 13:10:00,0,0.46577837412008
13473,61.0,3.0,417.54,139.18,21.0,272.0,0.0454545454545454,2011-01-11 08:45:00,0,0.42917479052974267
13474,236.0,1.0,229.59,229.59,59.0,0.0,0.0,2011-04-17 13:53:00,0,0.4266890091977224
13475,191.0,4.0,1431.78,357.945,64.0,107.0,0.0,2011-02-14 12:36:00,0,0.4434769238865987
13476,179.0,4.0,1092.77,273.1925,56.0,102.0,0.0491803278688524,2011-03-03 14:43:00,0,0.4544444455096484
13477,38.0,8.0,1441.53,180.19125,57.0,253.0,0.0246913580246913,2011-02-21 12:29:00,0,0.410327688573202
13479,198.0,3.0,291.0,97.0,14.0,36.0,0.0625,2011-04-19 11:27:00,0,0.46099405676278477
13481,46.0,8.0,1776.81,222.10125,98.0,322.0,0.0267857142857142,2010-12-06 15:12:00,0,0.42156802732514626
13482,232.0,1.0,184.64,184.64,11.0,0.0,0.0,2011-04-21 17:03:00,0,0.40335300560141724
13483,66.0,1.0,140.34,140.34,10.0,0.0,0.0,2011-10-05 11:53:00,0,0.394671950952364
13484,241.0,1.0,313.8,313.8,8.0,0.0,0.0,2011-04-12 16:30:00,0,0.4100609741477393
13485,233.0,1.0,454.24,454.24,23.0,0.0,0.0,2011-04-20 13:58:00,0,0.41436351663153026
13486,78.0,3.0,1122.41,374.1366666666667,69.0,76.0,0.0,2011-07-07 17:19:00,0,0.39912085482631005
13487,58.0,3.0,575.4,191.8,26.0,295.0,0.0,2010-12-21 14:54:00,0,0.4071222963463754
13488,17.0,17.0,8910.61,524.1535294117648,272.0,350.0,0.0117096018735363,2010-12-07 13:01:00,0,0.48736419226787225
13489,105.0,4.0,449.52,112.38,11.0,189.0,0.0,2011-02-18 10:42:00,0,0.436446110186796
13491,52.0,10.0,1215.82,121.582,73.0,320.0,0.0,2010-12-02 14:30:00,0,0.4417294440411186
13492,136.0,3.0,1269.84,423.28,38.0,78.0,0.0,2011-05-09 10:06:00,0,0.4121406886395638
13493,275.0,2.0,618.63,309.315,6.0,11.0,0.0,2011-02-25 16:42:00,0,0.4552255709413262
13494,312.0,1.0,316.26000000000005,316.26000000000005,18.0,0.0,0.0,2011-02-01 11:58:00,0,0.41880424969379915
13495,8.0,6.0,1990.12,331.68666666666667,34.0,360.0,0.0769230769230769,2010-12-06 15:14:00,0,0.46609166343433
13496,11.0,3.0,617.93,205.97666666666663,28.0,349.0,0.0277777777777777,2010-12-15 10:17:00,0,0.4451204438781356
13497,283.0,3.0,321.05,107.01666666666668,19.0,85.0,0.05,2010-12-06 11:37:00,0,0.4790088856743331
13499,18.0,7.0,1146.96,163.85142857142858,31.0,252.0,0.0666666666666666,2011-03-15 08:52:00,0,0.4285106957380789
13500,23.0,4.0,1136.77,284.1925,60.0,99.0,0.0298507462686567,2011-08-09 12:20:00,0,0.40575902847329404
13501,243.0,2.0,1310.47,655.235,52.0,45.0,0.0188679245283018,2011-02-24 18:59:00,0,0.47807970048053294
13502,17.0,3.0,292.0,97.33333333333331,17.0,307.0,0.0,2011-01-20 09:03:00,0,0.44275775516408905
13503,71.0,1.0,216.85,216.85,17.0,0.0,0.0,2011-09-29 13:23:00,0,0.3804967801904701
13504,64.0,1.0,295.93,295.93,22.0,0.0,0.0,2011-10-06 13:20:00,0,0.37783958869737594
13505,68.0,8.0,4282.88,535.36,182.0,165.0,0.052863436123348,2011-04-21 12:07:00,0,0.4794049791774982
13506,312.0,3.0,452.82,150.94,26.0,57.0,0.1034482758620689,2010-12-05 12:15:00,0,0.5010012485653534
13507,3.0,4.0,2479.16,619.79,146.0,142.0,0.0,2011-07-17 11:50:00,0,0.4335920028687913
13508,244.0,1.0,110.97,110.97,12.0,0.0,0.0,2011-04-10 11:58:00,0,0.41802281722926493
13509,9.0,7.0,979.72,139.96,27.0,275.0,0.0,2011-02-28 13:27:00,0,0.4209226545794717
13510,1.0,5.0,1785.16,357.03200000000004,86.0,182.0,0.017094017094017,2011-06-09 09:32:00,0,0.4080149970754037
13512,261.0,1.0,251.21,251.21,15.0,0.0,0.0,2011-03-24 10:03:00,0,0.40284890547646957
13513,127.0,1.0,205.1,205.1,10.0,0.0,0.0,2011-08-05 11:50:00,0,0.39185018698848123
13514,74.0,1.0,152.20000000000002,152.20000000000002,4.0,0.0,0.0,2011-09-27 09:39:00,0,0.4176811991733023
13515,73.0,4.0,891.12,222.78,50.0,175.0,0.0,2011-04-06 10:33:00,0,0.38782536437740545
13516,21.0,3.0,1389.41,463.1366666666667,43.0,217.0,0.0,2011-04-15 11:06:00,0,0.39466704539882314
13517,60.0,5.0,2109.07,421.814,125.0,120.0,0.0139860139860139,2011-06-13 08:44:00,0,0.42578646097911704
13518,86.0,1.0,659.4399999999999,659.4399999999999,36.0,0.0,0.0,2011-09-15 10:29:00,0,0.40457185803136053
13519,50.0,2.0,110.8,55.400000000000006,8.0,27.0,0.1111111111111111,2011-09-22 18:24:00,0,0.5018238734712637
13520,59.0,8.0,3487.75,435.96875,49.0,312.0,0.0210526315789473,2010-12-03 10:36:00,0,0.4408507099095147
13521,1.0,3.0,1093.65,364.55,313.0,8.0,0.0,2011-11-29 15:09:00,0,0.4607575391279569
13522,30.0,1.0,125.8,125.8,5.0,0.0,0.0,2011-11-09 15:11:00,0,0.4197827051535159
13523,33.0,6.0,3755.38,625.8966666666666,157.0,333.0,0.0282485875706214,2010-12-08 14:22:00,0,0.4504863832038609
13524,41.0,5.0,680.1800000000001,136.036,17.0,179.0,0.0,2011-05-04 12:26:00,0,0.4118261821564836
13525,15.0,2.0,628.78,314.39,5.0,233.0,0.0,2011-04-05 15:36:00,0,0.4435301728921034
13527,34.0,8.0,2263.76,282.97,153.0,293.0,0.0044642857142857,2011-01-17 11:17:00,0,0.4130566281804088
13529,79.0,2.0,307.76,153.88,15.0,125.0,0.0,2011-05-19 11:50:00,0,0.3980956375098062
13531,205.0,2.0,483.8,241.9,17.0,161.0,0.0,2010-12-08 15:03:00,0,0.43216366369062814
13532,34.0,1.0,210.31,210.31,66.0,0.0,0.0,2011-11-06 12:25:00,0,0.40921012537893175
13533,183.0,3.0,270.79,90.26333333333334,61.0,84.0,0.0,2011-03-17 12:47:00,0,0.4478431972300543
13534,2.0,43.0,5613.08,130.53674418604652,119.0,355.0,0.1345029239766081,2010-12-16 15:23:00,0,0.565128913470975
13536,1.0,7.0,3448.29,492.61285714285714,91.0,74.0,0.0,2011-09-25 13:30:00,0,0.45432127094067015
13538,43.0,7.0,1280.85,182.97857142857143,10.0,272.0,0.0,2011-01-28 10:40:00,0,0.4416160803231833
13539,86.0,4.0,605.84,151.46,36.0,223.0,0.0263157894736842,2011-02-03 15:23:00,0,0.4143255277843947
13544,40.0,2.0,291.41,145.705,76.0,200.0,0.0,2011-04-13 12:09:00,0,0.4069998460118818
13546,12.0,3.0,626.99,208.99666666666667,72.0,188.0,0.0,2011-05-23 12:14:00,0,0.3906632791406324
13548,96.0,2.0,682.41,341.205,114.0,147.0,0.0,2011-04-10 11:35:00,0,0.4134850791310636
13549,26.0,8.0,916.12,114.515,37.0,216.0,0.0192307692307692,2011-04-11 13:42:00,0,0.42416914144350343
13551,319.0,1.0,91.8,91.8,4.0,0.0,0.0,2011-01-24 14:46:00,0,0.4755346271380928
13552,66.0,16.0,3539.53,221.220625,82.0,249.0,0.0991735537190082,2011-01-28 10:10:00,0,0.4897844731864505
13555,74.0,4.0,4149.28,1037.32,128.0,128.0,0.0,2011-05-22 11:06:00,0,0.4625365541537884
13557,28.0,2.0,584.06,292.03,31.0,252.0,0.0,2011-03-04 12:14:00,0,0.3957189203818675
13558,6.0,4.0,605.06,151.265,123.0,62.0,0.0,2011-10-02 13:01:00,0,0.4192477983636843
13560,7.0,1.0,174.37,174.37,32.0,0.0,0.0,2011-12-02 13:11:00,0,0.39716800605812247
13561,216.0,1.0,141.86,141.86,14.0,0.0,0.0,2011-05-08 12:39:00,0,0.40447493071913976
13562,82.0,3.0,1799.33,599.7766666666666,50.0,163.0,0.0,2011-04-08 12:42:00,0,0.40848928857810474
13563,84.0,2.0,777.53,388.765,49.0,55.0,0.0,2011-07-22 17:21:00,0,0.3984486993135089
13564,144.0,5.0,647.74,129.548,68.0,223.0,0.0235294117647058,2010-12-06 17:26:00,0,0.45098990230576597
13565,19.0,2.0,240.22,120.11,35.0,315.0,0.0,2011-01-09 14:28:00,0,0.4342928933267251
13566,41.0,2.0,874.71,437.355,134.0,41.0,0.0,2011-09-18 12:40:00,0,0.4177689216186944
13568,173.0,1.0,192.85,192.85,41.0,0.0,0.0,2011-06-19 14:42:00,0,0.40469981133662003
13569,17.0,2.0,373.75,186.875,73.0,350.0,0.0,2010-12-07 12:29:00,0,0.43903221630000405
13570,243.0,1.0,239.49,239.49,27.0,0.0,0.0,2011-04-10 13:36:00,0,0.40209124220125414
13571,13.0,12.0,2092.32,174.36,157.0,240.0,0.0,2011-03-31 12:43:00,0,0.43426652623008716
13572,206.0,1.0,1384.25,1384.25,32.0,0.0,0.0,2011-05-18 11:59:00,0,0.47274647945741743
13573,50.0,2.0,294.4,147.2,24.0,202.0,0.0,2011-03-31 14:47:00,0,0.39980095889792955
13575,23.0,5.0,732.0699999999999,146.414,41.0,152.0,0.0,2011-06-16 14:24:00,0,0.3960997605969885
13576,10.0,20.0,6703.3,335.165,78.0,362.0,0.0307692307692307,2010-12-01 17:24:00,0,0.4602120325326885
13577,25.0,5.0,1658.3,331.66,61.0,216.0,0.0235294117647058,2011-04-12 10:33:00,0,0.39687761966168933
13579,15.0,2.0,467.04,233.52,19.0,354.0,0.0,2010-12-05 16:10:00,0,0.44458803901007354
13581,309.0,1.0,118.0,118.0,10.0,0.0,0.0,2011-02-03 14:41:00,0,0.42868876666773353
13583,156.0,1.0,781.03,781.03,53.0,0.0,0.0,2011-07-07 10:40:00,0,0.4397180610296657
13584,307.0,1.0,142.4,142.4,24.0,0.0,0.0,2011-02-06 12:49:00,0,0.4264121138589559
13587,32.0,3.0,347.0,115.66666666666669,8.0,31.0,0.2727272727272727,2011-10-07 12:31:00,0,0.5259970621416764
13588,16.0,13.0,2445.12,188.08615384615385,132.0,239.0,0.0333333333333333,2011-03-29 15:53:00,0,0.4383098111811769
13589,15.0,2.0,379.65,189.825,21.0,164.0,0.0,2011-06-13 12:44:00,0,0.39241648664889744
13590,11.0,7.0,1976.12,282.30285714285714,70.0,291.0,0.0224719101123595,2011-02-09 13:25:00,0,0.40450371183741207
13591,65.0,3.0,1117.13,372.3766666666667,56.0,202.0,0.0,2011-03-18 12:18:00,0,0.3903278051771264
13592,36.0,4.0,247.96,61.99,15.0,228.0,0.0,2011-03-20 14:01:00,0,0.4491996611552771
13593,108.0,6.0,1990.28,331.7133333333333,77.0,227.0,0.0077519379844961,2011-01-07 16:32:00,0,0.4235053794958506
13594,53.0,1.0,396.97,396.97,26.0,0.0,0.0,2011-10-18 10:19:00,0,0.38313407761315216
13596,6.0,2.0,697.04,348.52,133.0,7.0,0.0,2011-11-27 11:57:00,0,0.41896330443230845
13598,47.0,2.0,167.42000000000002,83.71000000000001,33.0,0.0,0.024390243902439,2011-10-23 14:28:00,0,0.4300192707839845
13599,1.0,33.0,5030.6,152.44242424242427,172.0,365.0,0.0643939393939393,2010-12-08 10:11:00,0,0.5252629202496474
13600,312.0,1.0,219.52,219.52,19.0,0.0,0.0,2011-01-31 15:27:00,0,0.4187887563439769
13601,45.0,2.0,693.32,346.66,90.0,166.0,0.0,2011-05-12 16:52:00,0,0.3993060755214729
13602,65.0,1.0,428.89,428.89,23.0,0.0,0.0,2011-10-06 11:47:00,0,0.3856297834221285
13603,26.0,1.0,164.34,164.34,27.0,0.0,0.0,2011-11-13 15:57:00,0,0.3930754385421989
13606,29.0,3.0,280.54,93.51333333333332,40.0,282.0,0.0,2011-02-01 11:42:00,0,0.430651154905284
13607,40.0,1.0,678.01,678.01,93.0,0.0,0.0,2011-10-30 16:17:00,0,0.4305997082259939
13610,12.0,9.0,1115.43,123.93666666666668,165.0,273.0,0.0087719298245614,2011-02-27 14:44:00,0,0.43960591981676533
13611,89.0,4.0,1158.2,289.55,67.0,270.0,0.0263157894736842,2010-12-15 10:31:00,0,0.4218360121370137
13614,24.0,4.0,1610.46,402.615,171.0,306.0,0.0,2011-01-13 12:37:00,0,0.4156525939124591
13615,313.0,2.0,399.99,199.995,23.0,6.0,0.0416666666666666,2011-01-25 08:21:00,0,0.46195967144224637
13617,40.0,3.0,544.18,181.3933333333333,31.0,140.0,0.0,2011-06-12 12:55:00,0,0.386507864274536
13618,174.0,1.0,177.34,177.34,13.0,0.0,0.0,2011-06-19 11:09:00,0,0.391505467398615
13621,117.0,1.0,213.85,213.85,19.0,0.0,0.0,2011-08-15 08:26:00,0,0.3846660118554701
13623,31.0,7.0,672.44,96.06285714285715,78.0,266.0,0.0581395348837209,2011-02-15 12:55:00,0,0.4432833735082346
13626,253.0,1.0,257.23,257.23,19.0,0.0,0.0,2011-04-01 10:05:00,0,0.40356314702139967
13627,59.0,7.0,1624.02,232.00285714285715,84.0,298.0,0.0212765957446808,2010-12-17 09:52:00,0,0.41408296703298975
13629,23.0,11.0,7792.36,708.3963636363636,28.0,315.0,0.0,2011-01-05 12:09:00,0,0.4833894768810307
13630,5.0,11.0,1995.68,181.42545454545456,51.0,280.0,0.1125,2011-02-27 12:49:00,0,0.46293075468482636
13631,100.0,12.0,3021.77,251.8141666666667,6.0,167.0,0.0833333333333333,2011-03-17 17:13:00,0,0.5353478642567047
13632,25.0,6.0,2117.02,352.83666666666664,121.0,218.0,0.0068027210884353,2011-04-10 15:07:00,0,0.4024578562255803
13634,33.0,5.0,1575.16,315.03200000000004,156.0,293.0,0.0,2011-01-16 15:30:00,0,0.40701095079656324
13635,68.0,1.0,1071.03,1071.03,62.0,0.0,0.0,2011-10-03 10:55:00,0,0.43884782885114576
13636,37.0,6.0,941.62,156.93666666666667,57.0,248.0,0.015625,2011-02-27 14:29:00,0,0.4009618773291685
13637,52.0,3.0,810.5,270.1666666666667,79.0,174.0,0.0,2011-04-27 13:06:00,0,0.3896617331244956
13638,16.0,1.0,122.64,122.64,8.0,0.0,0.0,2011-11-24 10:38:00,0,0.41098408707533607
13639,74.0,1.0,1033.34,1033.34,39.0,0.0,0.0,2011-09-26 13:36:00,0,0.4282855284571171
13642,216.0,1.0,354.8,354.8,57.0,0.0,0.0,2011-05-08 12:34:00,0,0.42068271596350426
13643,31.0,3.0,519.44,173.14666666666668,24.0,154.0,0.0,2011-06-07 11:40:00,0,0.3927702395728038
13644,9.0,5.0,2597.52,519.504,144.0,96.0,0.0135135135135135,2011-08-26 11:53:00,0,0.4431879458705317
13645,120.0,1.0,252.1,252.1,5.0,0.0,0.0,2011-08-11 16:11:00,0,0.4111343998380821
13647,10.0,5.0,1670.22,334.044,65.0,225.0,0.0125,2011-04-19 09:49:00,0,0.39403962559384165
13649,257.0,2.0,346.6,173.3,23.0,109.0,0.0,2010-12-08 14:46:00,0,0.437647956565636
13650,17.0,7.0,1809.34,258.47714285714284,79.0,250.0,0.0204081632653061,2011-03-17 12:37:00,0,0.3963291662610218
13651,35.0,2.0,94.2,47.1,6.0,4.0,0.0,2011-10-31 12:11:00,0,0.4772967109752914
13652,46.0,3.0,1095.08,365.0266666666666,48.0,322.0,0.0,2010-12-06 09:21:00,0,0.407948739271408
13654,43.0,6.0,2707.33,451.2216666666666,157.0,230.0,0.0,2011-03-11 12:54:00,0,0.4175557562932351
13655,114.0,2.0,932.97,466.485,52.0,127.0,0.0,2011-04-12 09:53:00,0,0.4093399939306798
13656,165.0,2.0,379.65,189.825,49.0,172.0,0.0,2011-01-06 15:42:00,0,0.42596855820355983
13657,11.0,2.0,382.14,191.07,16.0,190.0,0.0,2011-05-22 12:35:00,0,0.39929037773444764
13658,10.0,7.0,2421.47,345.9242857142857,91.0,194.0,0.0357142857142857,2011-05-19 17:15:00,0,0.4127172448811917
13659,197.0,3.0,1550.85,516.9499999999999,93.0,123.0,0.037037037037037,2011-01-23 12:08:00,0,0.47900852162380225
13662,86.0,7.0,879.08,125.58285714285716,50.0,173.0,0.0862068965517241,2011-03-25 13:23:00,0,0.44839807606043164
13663,179.0,1.0,189.47,189.47,13.0,0.0,0.0,2011-06-13 15:44:00,0,0.3923297586531136
13666,60.0,3.0,84.65,28.21666666666667,12.0,227.0,0.0,2011-02-25 13:05:00,0,0.5159304355336356
13667,149.0,1.0,305.02,305.02,82.0,0.0,0.0,2011-07-13 15:42:00,0,0.4177612326017576
13668,3.0,29.0,6216.07,214.34724137931036,286.0,359.0,0.06187624750499,2010-12-12 12:35:00,0,0.5162979213637833
13669,51.0,2.0,218.55,109.275,9.0,98.0,0.0,2011-07-13 11:44:00,0,0.4215337804220896
13670,75.0,1.0,349.7,349.7,25.0,0.0,0.0,2011-09-25 15:25:00,0,0.3804021009892835
13672,301.0,6.0,0.01,0.01,5.0,32.0,0.625,2011-01-10 12:02:00,0,0.72335586320847
13673,19.0,2.0,396.92,198.46,47.0,13.0,0.0,2011-11-07 15:40:00,0,0.39148364771152055
13675,151.0,2.0,486.8200000000001,243.41000000000005,25.0,133.0,0.0,2011-02-28 12:14:00,0,0.4102050711877074
13678,152.0,1.0,232.6,232.6,16.0,0.0,0.0,2011-07-11 10:14:00,0,0.38851657009870516
13680,1.0,5.0,2202.31,440.462,164.0,337.0,0.0972222222222222,2011-01-04 14:12:00,0,0.4824703771486517
13681,18.0,4.0,827.83,206.9575,37.0,137.0,0.0,2011-07-07 15:21:00,0,0.3883816979046946
13682,187.0,1.0,59.5,59.5,3.0,0.0,0.0,2011-06-05 14:06:00,0,0.48056109954207665
13684,286.0,2.0,64.23,32.115,29.0,0.0,0.032258064516129,2011-02-27 10:13:00,0,0.5420348188141081
13685,3.0,7.0,3119.44,445.63428571428574,29.0,57.0,0.0,2011-10-10 12:59:00,0,0.4532242414323977
13686,183.0,1.0,72.0,72.0,8.0,0.0,0.0,2011-06-10 09:10:00,0,0.4500810693253034
13689,63.0,1.0,910.0,910.0,6.0,0.0,0.0,2011-10-07 13:21:00,0,0.4528116380337735
13690,59.0,1.0,172.25,172.25,9.0,0.0,0.0,2011-10-11 15:03:00,0,0.390279670824363
13692,25.0,5.0,1466.87,293.374,49.0,211.0,0.0363636363636363,2011-04-17 12:57:00,0,0.3993047904880386
13693,325.0,2.0,0.01,0.01,4.0,0.0,1.0,2011-01-18 15:21:00,0,0.7274854473398789
13694,4.0,60.0,62653.1,1044.2183333333332,369.0,369.0,0.029059829059829,2010-12-01 12:12:00,0,0.6134551491235651
13695,31.0,15.0,2504.13,166.942,46.0,228.0,0.0,2011-03-25 11:31:00,0,0.449542251849619
13697,39.0,1.0,151.29999999999998,151.29999999999998,12.0,0.0,0.0,2011-11-01 09:14:00,0,0.3926946620362197
13699,155.0,1.0,308.58000000000004,308.58000000000004,14.0,0.0,0.0,2011-07-07 16:51:00,0,0.3898331548193623
13700,26.0,10.0,2265.12,226.512,139.0,300.0,0.0,2011-01-16 13:18:00,0,0.4148569810396875
13703,318.0,1.0,99.5,99.5,1.0,0.0,0.0,2011-01-25 13:10:00,0,0.5056011079103987
13704,5.0,10.0,2295.31,229.531,111.0,83.0,0.0074074074074074,2011-09-12 14:40:00,0,0.45021808739918917
13705,8.0,3.0,711.86,237.28666666666663,25.0,366.0,0.0,2010-12-01 10:29:00,0,0.4489016804252358
13706,303.0,1.0,330.79,330.79,20.0,0.0,0.0,2011-02-10 09:21:00,0,0.41669267317730574
13707,267.0,2.0,806.41,403.205,48.0,48.0,0.0,2011-01-28 13:27:00,0,0.4501716332796728
13708,271.0,1.0,296.88,296.88,49.0,0.0,0.0,2011-03-13 13:46:00,0,0.42286165409731563
13709,4.0,17.0,6249.110000000001,367.59470588235297,244.0,311.0,0.0289017341040462,2011-01-28 14:57:00,0,0.4702341005628518
13710,32.0,1.0,180.48,180.48,8.0,0.0,0.0,2011-11-08 08:16:00,0,0.3976890297882686
13711,219.0,2.0,252.06,126.03,11.0,0.0,0.0,2011-05-05 10:29:00,0,0.4176920250656243
13712,247.0,1.0,228.84,228.84,10.0,0.0,0.0,2011-04-07 12:33:00,0,0.40382834233634884
13715,281.0,8.0,1053.94,131.7425,89.0,91.0,0.0277777777777777,2010-12-02 08:52:00,0,0.518526813846606
13716,269.0,1.0,138.28,138.28,21.0,0.0,0.0,2011-03-15 13:49:00,0,0.4163188682408369
13717,32.0,7.0,1432.26,204.60857142857145,92.0,266.0,0.0097087378640776,2011-02-14 13:21:00,0,0.39908432293653573
13718,246.0,2.0,306.55,153.275,9.0,49.0,0.0,2011-02-17 11:58:00,0,0.4374876458358693
13719,15.0,5.0,1041.68,208.336,56.0,219.0,0.0,2011-04-19 13:56:00,0,0.3865954322272295
13720,117.0,4.0,799.9,199.975,42.0,138.0,0.0,2011-03-30 09:17:00,0,0.40036976207982555
13721,36.0,1.0,524.14,524.14,28.0,0.0,0.0,2011-11-03 14:05:00,0,0.39878753790394
13722,120.0,4.0,2369.16,592.29,75.0,162.0,0.0116279069767441,2011-03-02 11:43:00,0,0.4365602840496023
13723,217.0,1.0,199.85,199.85,6.0,0.0,0.0,2011-05-06 17:04:00,0,0.4129327834657028
13725,50.0,11.0,1809.81,164.52818181818182,97.0,258.0,0.1186440677966101,2011-02-04 12:18:00,0,0.46923721195651635
13726,39.0,2.0,1079.66,539.8299999999999,39.0,61.0,0.0,2011-08-31 11:06:00,0,0.4026158452928529
13727,29.0,2.0,333.48,166.74,19.0,4.0,0.0,2011-11-06 12:16:00,0,0.3906041392941247
13728,37.0,6.0,1016.14,169.35666666666663,38.0,273.0,0.0,2011-02-02 12:09:00,0,0.3986870393321074
13730,136.0,2.0,752.6,376.3,38.0,25.0,0.0,2011-07-01 12:47:00,0,0.4012201740923898
13731,219.0,2.0,610.59,305.295,36.0,27.0,0.0,2011-04-07 10:10:00,0,0.42222728656560454
13732,28.0,1.0,491.86,491.86,33.0,0.0,0.0,2011-11-11 15:49:00,0,0.3971483794585412
13735,25.0,8.0,2766.18,345.7725,161.0,209.0,0.0576923076923076,2011-04-19 12:40:00,0,0.436195333455888
13736,5.0,3.0,724.0,241.33333333333331,167.0,255.0,0.0154639175257731,2011-03-24 13:04:00,0,0.4299641090292482
13737,200.0,1.0,339.6,339.6,29.0,0.0,0.0,2011-05-23 16:32:00,0,0.39912468483356167
13739,18.0,1.0,216.9,216.9,3.0,0.0,0.0,2011-11-21 13:35:00,0,0.4353961279099095
13740,241.0,1.0,350.75,350.75,23.0,0.0,0.0,2011-04-13 10:32:00,0,0.40252330123161756
13741,72.0,4.0,666.33,166.5825,34.0,145.0,0.0285714285714285,2011-05-06 13:43:00,0,0.4015103758918581
13742,17.0,14.0,3102.42,221.60142857142856,200.0,303.0,0.0061919504643962,2011-01-23 14:59:00,0,0.43634300616532384
13743,3.0,8.0,1340.15,167.51874999999998,8.0,256.0,0.0238095238095238,2011-03-25 14:46:00,0,0.4673034273276292
13744,95.0,2.0,1156.36,578.18,54.0,197.0,0.0,2011-02-20 14:08:00,0,0.41508455338403705
13745,151.0,2.0,291.54,145.77,25.0,10.0,0.0384615384615384,2011-06-30 16:43:00,0,0.42207099818220967
13747,374.0,1.0,79.6,79.6,1.0,0.0,0.0,2010-12-01 10:37:00,0,0.5514078010224017
13748,96.0,5.0,948.25,189.65,24.0,278.0,0.0,2010-12-01 09:00:00,0,0.4247208443088896
13750,54.0,5.0,1647.26,329.452,20.0,283.0,0.0,2011-01-07 11:49:00,0,0.41396105997652144
13751,288.0,1.0,296.25,296.25,9.0,0.0,0.0,2011-02-24 15:56:00,0,0.41497805185931996
13752,124.0,6.0,1186.28,197.7133333333333,64.0,122.0,0.0,2011-04-07 12:04:00,0,0.4242478857917415
13753,288.0,1.0,741.26,741.26,35.0,0.0,0.0,2011-02-25 12:48:00,0,0.45512867176288874
13754,152.0,2.0,282.6,141.29999999999998,11.0,165.0,0.0,2011-01-26 14:58:00,0,0.4326495629954586
13755,4.0,10.0,2154.68,215.468,232.0,59.0,0.0029154518950437,2011-10-07 15:45:00,0,0.4745474115309073
13756,2.0,15.0,5145.12,343.008,66.0,365.0,0.0069930069930069,2010-12-07 11:41:00,0,0.45506055499177817
13758,12.0,7.0,3190.55,455.79285714285714,104.0,361.0,0.0,2010-12-01 12:08:00,0,0.4287477592413875
13759,33.0,2.0,659.4100000000001,329.70500000000004,24.0,37.0,0.0,2011-09-29 15:40:00,0,0.3860089628663017
13760,54.0,2.0,286.79,143.395,50.0,202.0,0.0,2011-03-28 12:52:00,0,0.40387073826223313
13761,50.0,2.0,1070.65,535.325,68.0,129.0,0.0,2011-06-13 08:43:00,0,0.4051149231578332
13762,204.0,2.0,0.01,0.01,7.0,14.0,0.5,2011-05-05 09:15:00,0,0.701454311115364
13763,63.0,3.0,1689.46,563.1533333333333,17.0,107.0,0.1176470588235294,2011-06-21 17:40:00,0,0.46723427114777055
13764,71.0,3.0,1521.76,507.2533333333333,183.0,266.0,0.0,2011-01-06 14:53:00,0,0.43558476931518053
13767,2.0,52.0,16945.71,325.87903846153847,55.0,371.0,0.0776942355889724,2010-12-01 10:47:00,0,0.5733336788968351
13769,2.0,16.0,2771.87,173.241875,73.0,365.0,0.0559440559440559,2010-12-07 13:28:00,0,0.4707548144940465
13771,64.0,5.0,2631.7,526.3399999999999,114.0,182.0,0.0083333333333333,2011-04-06 15:47:00,0,0.42104781836482363
13772,34.0,3.0,1132.13,377.3766666666667,141.0,205.0,0.0,2011-04-14 12:31:00,0,0.4064292710780738
13774,82.0,1.0,345.0,345.0,22.0,0.0,0.0,2011-09-19 12:06:00,0,0.3801460178312233
13777,1.0,41.0,25748.35,628.008536585366,40.0,372.0,0.1004566210045662,2010-12-01 16:01:00,0,0.5984330218166923
13778,103.0,1.0,178.7,178.7,9.0,0.0,0.0,2011-08-28 15:25:00,0,0.3899315628281453
13780,7.0,2.0,360.01,180.005,56.0,163.0,0.0,2011-06-22 11:43:00,0,0.395353764567494
13781,251.0,1.0,127.84,127.84,17.0,0.0,0.0,2011-04-03 12:08:00,0,0.4134676727398366
13782,13.0,6.0,912.0,152.0,96.0,315.0,0.0,2011-01-16 11:08:00,0,0.41164090307470136
13784,10.0,11.0,2462.79,223.89,9.0,322.0,0.0,2011-01-11 14:38:00,0,0.4716846410179318
13786,367.0,1.0,230.4,230.4,7.0,0.0,0.0,2010-12-07 13:53:00,0,0.462926044101516
13787,76.0,2.0,309.04,154.52,24.0,288.0,0.0,2010-12-10 14:45:00,0,0.42686069785010966
13790,4.0,1.0,348.8,348.8,45.0,0.0,0.0,2011-12-05 15:48:00,0,0.3997825487373034
13791,43.0,3.0,1047.68,349.2266666666667,7.0,124.0,0.3529411764705882,2011-06-24 16:38:00,0,0.5493071363204495
13792,66.0,2.0,195.55,97.775,13.0,221.0,0.0,2011-02-25 14:03:00,0,0.4320178166887921
13798,1.0,63.0,36351.42,577.0066666666667,115.0,370.0,0.20501138952164,2010-12-02 17:24:00,0,0.6362665833852421
13799,117.0,2.0,688.86,344.43,32.0,177.0,0.0,2011-02-18 14:18:00,0,0.4057113641629597
13800,310.0,1.0,558.32,558.32,33.0,0.0,0.0,2011-02-03 12:27:00,0,0.4439480352416807
13801,67.0,1.0,324.8,324.8,23.0,0.0,0.0,2011-10-04 10:15:00,0,0.37979640866855996
13802,138.0,6.0,3906.27,651.045,57.0,222.0,0.0909090909090909,2010-12-14 09:54:00,0,0.5046415373297317
13803,255.0,1.0,277.07,277.07,17.0,0.0,0.0,2011-03-29 12:57:00,0,0.40392662067920565
13804,31.0,7.0,2635.79,376.5414285714286,124.0,259.0,0.0,2011-02-23 09:09:00,0,0.40015009968667126
13805,52.0,2.0,924.6,462.3,10.0,76.0,0.0,2011-08-02 15:29:00,0,0.4192323145206471
13806,64.0,1.0,256.38,256.38,10.0,0.0,0.0,2011-10-07 11:43:00,0,0.38606935535410125
13807,367.0,1.0,112.6,112.6,7.0,0.0,0.0,2010-12-07 15:48:00,0,0.4735806847635603
13808,6.0,5.0,1747.66,349.53200000000004,70.0,91.0,0.0,2011-09-04 12:07:00,0,0.4109729147987238
13809,305.0,1.0,155.05,155.05,11.0,0.0,0.0,2011-02-07 13:15:00,0,0.41635129651194475
13810,29.0,4.0,899.51,224.8775,32.0,27.0,0.0277777777777777,2011-10-14 12:57:00,0,0.41451661824518
13811,184.0,4.0,591.75,147.9375,7.0,55.0,0.0714285714285714,2011-04-14 18:40:00,0,0.480832442937769
13812,42.0,3.0,539.0,179.66666666666666,33.0,63.0,0.0,2011-08-26 12:54:00,0,0.3875185426560202
13813,40.0,5.0,1353.41,270.682,54.0,95.0,0.028169014084507,2011-07-28 10:33:00,0,0.41452897648403997
13814,56.0,3.0,1562.12,520.7066666666666,37.0,81.0,0.0172413793103448,2011-07-25 13:54:00,0,0.41960760627274063
13815,22.0,5.0,4014.91,802.982,132.0,296.0,0.0056497175141242,2011-01-25 12:16:00,0,0.44337740102947615
13816,24.0,4.0,555.04,138.76,27.0,40.0,0.1515151515151515,2011-10-06 14:37:00,0,0.46526595261768594
13817,29.0,2.0,382.98,191.49,20.0,322.0,0.0,2010-12-23 11:46:00,0,0.426241057708866
13819,302.0,3.0,1140.35,380.1166666666666,26.0,18.0,0.0,2011-01-24 10:38:00,0,0.46772838114214915
13821,145.0,2.0,385.64,192.82,51.0,116.0,0.0,2011-03-23 11:30:00,0,0.41175316556991803
13822,6.0,2.0,632.0,316.0,90.0,34.0,0.0,2011-10-30 15:55:00,0,0.4057938771741749
13823,19.0,2.0,957.66,478.83,39.0,72.0,0.0,2011-09-09 10:42:00,0,0.3968434342009846
13824,33.0,5.0,1698.94,339.788,34.0,277.0,0.0,2011-02-02 13:07:00,0,0.3988489105493766
13826,158.0,2.0,174.65,87.325,11.0,18.0,0.1666666666666666,2011-06-16 13:48:00,0,0.48932785949137325
13827,58.0,3.0,412.05,137.35,83.0,85.0,0.0,2011-07-19 15:38:00,0,0.40385370725217323
13828,22.0,1.0,209.49,209.49,15.0,0.0,0.0,2011-11-17 16:02:00,0,0.3870343929040334
13829,359.0,1.0,0.01,0.01,1.0,0.0,1.0,2010-12-15 16:36:00,0,0.7304282114060453
13831,16.0,6.0,2202.99,367.165,58.0,353.0,0.0,2010-12-05 12:13:00,0,0.42012301344383113
13832,18.0,2.0,40.95,20.475,3.0,1.0,0.25,2011-11-20 15:36:00,0,0.6053196576978641
13833,159.0,1.0,384.8,384.8,28.0,0.0,0.0,2011-07-03 13:27:00,0,0.3932430483982241
13835,25.0,4.0,834.57,208.6425,48.0,190.0,0.0,2011-05-08 15:22:00,0,0.383308170057587
13837,212.0,2.0,271.24,135.62,17.0,105.0,0.0,2011-01-26 12:15:00,0,0.42998924100528524
13838,6.0,4.0,691.73,172.9325,144.0,364.0,0.0,2010-12-05 10:45:00,0,0.44786781723557106
13841,253.0,1.0,85.0,85.0,1.0,0.0,0.0,2011-04-01 12:10:00,0,0.49696544808907045
13842,59.0,9.0,3385.62,376.18,155.0,308.0,0.0,2010-12-08 10:39:00,0,0.4344569990336531
13844,11.0,1.0,361.62,361.62,20.0,0.0,0.0,2011-11-28 13:21:00,0,0.39107107903472393
13845,65.0,1.0,312.98,312.98,9.0,0.0,0.0,2011-10-06 08:25:00,0,0.39039440584276996
13846,25.0,4.0,847.61,211.9025,56.0,335.0,0.0517241379310344,2010-12-14 16:07:00,0,0.42680338332141066
13848,92.0,3.0,1255.0,418.3333333333333,3.0,273.0,0.0,2010-12-08 15:10:00,0,0.4930734571745965
13849,52.0,2.0,1537.95,768.975,97.0,119.0,0.0,2011-06-22 10:11:00,0,0.42870165101145075
13850,88.0,2.0,1586.81,793.405,93.0,41.0,0.0106382978723404,2011-08-02 14:04:00,0,0.4573964533980514
13851,96.0,3.0,2651.46,883.82,77.0,192.0,0.0,2011-02-24 17:18:00,0,0.4371329849741846
13853,9.0,2.0,1056.94,528.47,23.0,48.0,0.0416666666666666,2011-10-13 14:18:00,0,0.4351639283491981
13854,9.0,29.0,8025.019999999999,276.72482758620686,39.0,356.0,0.0350877192982456,2010-12-09 10:48:00,0,0.5009521883444327
13856,169.0,5.0,363.4,72.67999999999999,10.0,34.0,0.1764705882352941,2011-05-20 13:13:00,0,0.5190273693884179
13858,57.0,1.0,216.17,216.17,11.0,0.0,0.0,2011-10-13 16:17:00,0,0.38620836990728635
13859,326.0,1.0,201.16,201.16,27.0,0.0,0.0,2011-01-17 16:14:00,0,0.43239831122523076
13860,1.0,6.0,1240.0,206.66666666666663,58.0,85.0,0.0129870129870129,2011-09-14 09:27:00,0,0.42008431837770893
13862,18.0,10.0,2187.31,218.731,97.0,314.0,0.0211267605633802,2011-01-11 15:13:00,0,0.41380431665601763
13863,245.0,2.0,299.56,149.78,20.0,2.0,0.0909090909090909,2011-04-06 10:20:00,0,0.4539481925319255
13865,58.0,4.0,501.56,125.39,26.0,231.0,0.0,2011-02-23 12:04:00,0,0.4016768081120007
13866,74.0,1.0,145.67000000000002,145.67000000000002,7.0,0.0,0.0,2011-09-26 14:54:00,0,0.4003243080684908
13867,31.0,3.0,1015.29,338.43,51.0,186.0,0.0,2011-05-05 17:28:00,0,0.38617200211353125
13868,7.0,2.0,3192.54,1596.27,32.0,31.0,0.0,2011-11-01 12:45:00,0,0.4697031244150686
13869,123.0,4.0,3104.95,776.2375,234.0,233.0,0.0,2010-12-17 15:14:00,0,0.48802736609495434
13870,2.0,10.0,2751.25,275.125,91.0,285.0,0.0254237288135593,2011-02-25 09:09:00,0,0.4207518214517547
13871,23.0,14.0,6389.8,456.4142857142857,155.0,286.0,0.0059171597633136,2011-02-04 09:30:00,0,0.4490393677206631
13873,120.0,4.0,381.7,95.425,21.0,190.0,0.0416666666666666,2011-02-03 09:37:00,0,0.44835637563736597
13874,358.0,1.0,540.45,540.45,18.0,0.0,0.0,2010-12-16 18:20:00,0,0.4764655858866958
13875,54.0,5.0,1786.79,357.358,79.0,247.0,0.0,2011-02-11 15:39:00,0,0.39306543486944967
13876,64.0,1.0,122.7,122.7,7.0,0.0,0.0,2011-10-07 10:22:00,0,0.40593412346820806
13877,86.0,1.0,117.24,117.24,3.0,0.0,0.0,2011-09-14 15:49:00,0,0.43130414007897105
13878,55.0,1.0,1281.53,1281.53,35.0,0.0,0.0,2011-10-16 12:19:00,0,0.4384681729815275
13880,21.0,13.0,3219.77,247.67461538461535,125.0,345.0,0.0,2010-12-07 14:00:00,0,0.4364476455301175
13881,4.0,22.0,16989.52,772.2509090909091,72.0,308.0,0.0111111111111111,2011-02-01 10:14:00,0,0.5202393687592205
13882,3.0,6.0,1131.28,188.54666666666665,54.0,61.0,0.0151515151515151,2011-10-06 15:28:00,0,0.424591955805143
13883,1.0,9.0,2538.75,282.0833333333333,110.0,325.0,0.0838709677419354,2011-01-17 16:45:00,0,0.45286879039277317
13884,7.0,6.0,781.3000000000001,130.21666666666667,45.0,276.0,0.0166666666666666,2011-03-01 13:40:00,0,0.4167986167583139
13885,189.0,2.0,506.8,253.4,28.0,11.0,0.0,2011-05-23 08:52:00,0,0.4043129568017713
13886,71.0,1.0,243.56,243.56,16.0,0.0,0.0,2011-09-29 13:17:00,0,0.3782545160884968
13887,204.0,1.0,349.55,349.55,19.0,0.0,0.0,2011-05-19 17:22:00,0,0.39925762568101086
13888,120.0,2.0,605.63,302.815,38.0,98.0,0.0,2011-05-05 14:41:00,0,0.39515820630228576
13889,93.0,1.0,416.9,416.9,15.0,0.0,0.0,2011-09-08 09:13:00,0,0.390420533564215
13890,1.0,14.0,1860.86,132.91857142857145,74.0,357.0,0.0350877192982456,2010-12-16 09:31:00,0,0.4621582097982935
13892,27.0,4.0,632.97,158.2425,26.0,219.0,0.0,2011-04-07 12:04:00,0,0.39467933852737336
13893,298.0,1.0,821.1,821.1,21.0,0.0,0.0,2011-02-15 11:30:00,0,0.46352390433689006
13894,22.0,5.0,535.97,107.194,25.0,288.0,0.1,2011-02-02 12:54:00,0,0.4552586560439171
13895,21.0,5.0,2588.12,517.624,97.0,143.0,0.0084033613445378,2011-06-28 10:17:00,0,0.41625337195221956
13897,50.0,1.0,311.16,311.16,17.0,0.0,0.0,2011-10-20 14:30:00,0,0.38114855762606537
13898,326.0,1.0,155.93,155.93,12.0,0.0,0.0,2011-01-18 10:28:00,0,0.4277364117867827
13899,16.0,2.0,388.52,194.26,19.0,258.0,0.0,2011-03-10 09:30:00,0,0.40562280161163405
13900,183.0,3.0,740.95,246.98333333333332,42.0,79.0,0.0,2011-03-22 10:13:00,0,0.4187261870519055
13901,72.0,5.0,2867.2,573.4399999999999,144.0,246.0,0.0,2011-01-25 09:01:00,0,0.42685529071626177
13904,37.0,2.0,332.64,166.32,24.0,257.0,0.0,2011-02-18 11:18:00,0,0.4048814873227025
13908,80.0,5.0,2347.05,469.41,104.0,196.0,0.0317460317460317,2011-03-08 12:04:00,0,0.4340956754693752
13911,57.0,9.0,2580.91,286.7677777777778,120.0,251.0,0.0,2011-02-04 14:46:00,0,0.4109593746535543
13914,4.0,3.0,613.95,204.65,28.0,32.0,0.0294117647058823,2011-11-03 16:28:00,0,0.41432082406791315
13917,50.0,2.0,272.04,136.02,16.0,141.0,0.0,2011-06-01 12:46:00,0,0.3976292097221377
13918,50.0,2.0,1212.84,606.4200000000001,30.0,203.0,0.0,2011-03-31 18:05:00,0,0.4018031461355098
13919,53.0,3.0,350.16,116.71999999999998,24.0,68.0,0.1515151515151515,2011-08-10 10:15:00,0,0.4587614578014098
13922,352.0,1.0,172.25,172.25,7.0,0.0,0.0,2010-12-23 10:38:00,0,0.45937974756450006
13923,54.0,1.0,351.13,351.13,20.0,0.0,0.0,2011-10-17 12:33:00,0,0.38050415059581844
13924,2.0,11.0,1682.08,152.91636363636363,91.0,70.0,0.145985401459854,2011-09-28 15:07:00,0,0.5162434998596345
13925,36.0,6.0,616.65,102.775,28.0,98.0,0.0888888888888888,2011-07-28 12:09:00,0,0.4484445691606243
13926,23.0,1.0,223.85,223.85,11.0,0.0,0.0,2011-11-16 13:16:00,0,0.39398830268653373
13927,75.0,1.0,348.99,348.99,21.0,0.0,0.0,2011-09-26 12:00:00,0,0.37997015983749366
13928,11.0,4.0,464.57,116.1425,23.0,122.0,0.0,2011-07-29 15:59:00,0,0.40524376449359134
13929,169.0,3.0,802.85,267.6166666666667,8.0,157.0,0.1,2011-01-17 15:11:00,0,0.4827552913770517
13930,58.0,2.0,337.34,168.67,15.0,78.0,0.0,2011-07-26 11:00:00,0,0.39290465048623463
13931,86.0,3.0,1230.93,410.31,56.0,195.0,0.0169491525423728,2011-03-04 08:43:00,0,0.4086994081369663
13932,295.0,1.0,307.4,307.4,16.0,0.0,0.0,2011-02-18 12:02:00,0,0.4129371029865935
13933,109.0,2.0,608.7900000000001,304.39500000000004,23.0,39.0,0.0,2011-07-14 13:35:00,0,0.3959220371189774
13934,264.0,1.0,922.1,922.1,31.0,0.0,0.0,2011-03-21 08:39:00,0,0.4606931885997634
13936,171.0,2.0,361.28,180.64,26.0,8.0,0.037037037037037,2011-06-13 08:47:00,0,0.4201261745713822
13937,169.0,1.0,158.85,158.85,9.0,0.0,0.0,2011-06-23 16:35:00,0,0.3971420984003145
13938,35.0,1.0,71.66,71.66,7.0,0.0,0.0,2011-11-04 14:37:00,0,0.45320835931574227
13939,23.0,4.0,556.75,139.1875,43.0,288.0,0.0217391304347826,2011-02-01 11:30:00,0,0.41257196416556663
13940,17.0,4.0,839.14,209.785,39.0,126.0,0.0,2011-07-18 16:05:00,0,0.38802117089140015
13941,22.0,7.0,4912.41,701.7728571428571,24.0,350.0,0.0425531914893617,2010-12-02 10:17:00,0,0.48103980775481076
13946,79.0,3.0,561.5699999999999,187.19,11.0,188.0,0.0,2011-03-17 10:02:00,0,0.40744045964110204
13947,65.0,1.0,90.6,90.6,5.0,0.0,0.0,2011-10-05 14:42:00,0,0.43805006405465385
13948,361.0,1.0,102.0,102.0,3.0,0.0,0.0,2010-12-14 10:18:00,0,0.49778209482784536
13949,3.0,6.0,2427.32,404.5533333333333,124.0,91.0,0.0,2011-09-06 11:55:00,0,0.43248594043658617
13950,11.0,5.0,728.56,145.712,33.0,235.0,0.0277777777777777,2011-04-07 11:29:00,0,0.41081691644638874
13951,176.0,3.0,674.45,224.8166666666667,38.0,118.0,0.0,2011-02-18 15:21:00,0,0.41641403184117765
13952,211.0,3.0,3246.091,1082.0303333333334,120.0,27.0,0.0072463768115942,2011-04-15 09:27:00,0,0.5116040986639713
13953,7.0,7.0,3515.68,502.24,8.0,345.0,0.0,2010-12-22 10:29:00,0,0.49132248497601033
13954,2.0,3.0,378.59,126.19666666666666,24.0,69.0,0.1666666666666666,2011-09-30 10:52:00,0,0.4711053076708349
13955,154.0,2.0,322.96,161.48,33.0,151.0,0.0,2011-02-07 12:24:00,0,0.41670732371084573
13956,5.0,5.0,1026.42,205.284,123.0,266.0,0.0,2011-03-13 12:51:00,0,0.4056745885983435
13958,372.0,1.0,0.01,0.01,5.0,0.0,1.0,2010-12-02 17:03:00,0,0.7296710788616119
13959,79.0,3.0,598.2,199.4,79.0,283.0,0.0,2010-12-12 13:56:00,0,0.414836447903137
13960,21.0,2.0,230.22,115.11,11.0,50.0,0.0,2011-09-29 12:39:00,0,0.4125310062319855
13962,22.0,2.0,169.55,84.775,11.0,223.0,0.0,2011-04-08 11:21:00,0,0.4447648925334252
13963,308.0,4.0,664.54,166.135,35.0,59.0,0.0,2010-12-07 09:21:00,0,0.4719692402003178
13967,146.0,1.0,80.7,80.7,2.0,0.0,0.0,2011-07-17 12:02:00,0,0.4689176788518747
13969,7.0,20.0,8986.69,449.3345000000001,334.0,357.0,0.0110584518167456,2010-12-09 19:32:00,0,0.4931001397727454
13971,9.0,11.0,2702.2200000000003,245.6563636363637,118.0,276.0,0.0569620253164556,2011-02-27 12:27:00,0,0.42853627500021585
13972,71.0,2.0,190.25,95.125,15.0,131.0,0.0,2011-05-22 11:34:00,0,0.41938336628863027
13973,287.0,1.0,264.7,264.7,11.0,0.0,0.0,2011-02-25 15:21:00,0,0.4112680443524828
13974,49.0,1.0,413.59,413.59,28.0,0.0,0.0,2011-10-21 14:41:00,0,0.3870390728839835
13975,31.0,7.0,2503.23,357.6042857142857,240.0,245.0,0.0058823529411764,2011-03-08 12:19:00,0,0.42777042360301787
13976,207.0,1.0,357.98,357.98,10.0,0.0,0.0,2011-05-17 09:13:00,0,0.4078803561954253
13978,15.0,2.0,196.79,98.395,14.0,30.0,0.0,2011-10-25 15:04:00,0,0.41265502886746347
13979,73.0,1.0,869.87,869.87,54.0,0.0,0.0,2011-09-27 13:32:00,0,0.4278609469159166
13980,60.0,1.0,200.14,200.14,11.0,0.0,0.0,2011-10-10 13:34:00,0,0.38639582526634236
13982,39.0,5.0,1861.11,372.222,72.0,326.0,0.0347826086956521,2010-12-09 13:57:00,0,0.42478289993801926
13983,30.0,13.0,2590.46,199.26615384615383,91.0,337.0,0.0446428571428571,2010-12-08 10:38:00,0,0.4375419236693114
13984,27.0,6.0,488.03,81.33833333333332,14.0,339.0,0.0588235294117647,2010-12-08 15:58:00,0,0.48645974121688906
13985,4.0,16.0,7024.53,439.033125,108.0,260.0,0.0056980056980056,2011-03-20 13:48:00,0,0.4554950877783451
13986,17.0,1.0,320.46,320.46,12.0,0.0,0.0,2011-11-22 15:00:00,0,0.39524710428313314
13988,20.0,9.0,4098.8,455.4222222222222,188.0,234.0,0.0209205020920502,2011-03-30 11:48:00,0,0.43557672573081596
13989,66.0,2.0,1266.08,633.04,33.0,173.0,0.0,2011-04-14 15:39:00,0,0.4027038555839718
13990,213.0,1.0,311.3,311.3,16.0,0.0,0.0,2011-05-10 15:19:00,0,0.3958962954916956
13991,12.0,7.0,850.63,121.51857142857143,58.0,131.0,0.0232558139534883,2011-07-19 12:58:00,0,0.4204796937572371
13992,30.0,1.0,76.8,76.8,5.0,0.0,0.0,2011-11-09 15:23:00,0,0.45301483047234115
13993,32.0,12.0,3409.66,284.1383333333333,66.0,298.0,0.032,2011-01-13 10:43:00,0,0.4313720748145236
13994,4.0,6.0,2313.14,385.5233333333333,122.0,144.0,0.0,2011-07-14 18:28:00,0,0.41689667451681917
13995,15.0,6.0,1383.49,230.58166666666668,55.0,230.0,0.0114942528735632,2011-04-08 08:20:00,0,0.39240553757379765
13999,10.0,15.0,3865.26,257.684,102.0,351.0,0.0188679245283018,2010-12-13 11:23:00,0,0.4338060711525945
14000,206.0,2.0,633.71,316.855,15.0,4.0,0.0625,2011-05-12 16:50:00,0,0.44910230459890865
14001,46.0,4.0,2030.33,507.5825,35.0,327.0,0.025,2010-12-01 12:58:00,0,0.4405282809266095
14002,134.0,2.0,529.73,264.865,47.0,22.0,0.0,2011-07-06 14:59:00,0,0.3989790466506664
14004,43.0,7.0,4582.64,654.6628571428572,102.0,245.0,0.0,2011-02-24 09:28:00,0,0.4311096513889098
14005,10.0,5.0,2874.72,574.944,53.0,206.0,0.0,2011-05-08 10:33:00,0,0.4099504484561925
14006,116.0,3.0,962.19,320.73,22.0,196.0,0.0,2011-01-31 15:11:00,0,0.41091352289358196
14009,198.0,3.0,685.9300000000001,228.64333333333332,42.0,7.0,0.0454545454545454,2011-05-18 13:00:00,0,0.4479823040876612
14012,278.0,1.0,328.8,328.8,11.0,0.0,0.0,2011-03-07 12:26:00,0,0.411058805257244
14013,110.0,3.0,473.02,157.67333333333332,30.0,165.0,0.0,2011-03-09 08:59:00,0,0.40731750581022985
14014,77.0,1.0,505.18,505.18,39.0,0.0,0.0,2011-09-23 13:18:00,0,0.3956400721628765
14015,53.0,1.0,917.34,917.34,20.0,0.0,0.0,2011-10-18 10:02:00,0,0.4253461044470753
14016,154.0,5.0,4328.46,865.692,154.0,203.0,0.0061728395061728,2010-12-17 14:21:00,0,0.50052032053046
14019,47.0,4.0,1398.96,349.74,37.0,91.0,0.0294117647058823,2011-07-24 15:39:00,0,0.4106912594504817
14020,17.0,2.0,642.8,321.4,37.0,71.0,0.0,2011-09-12 15:32:00,0,0.385128335968373
14021,155.0,3.0,631.9,210.63333333333333,22.0,101.0,0.0,2011-03-28 15:10:00,0,0.41570231896991605
14022,225.0,1.0,440.0,440.0,28.0,0.0,0.0,2011-04-28 14:39:00,0,0.41232291424770195
14023,7.0,2.0,584.07,292.035,30.0,242.0,0.0,2011-04-03 15:50:00,0,0.40011449823597284
14024,122.0,2.0,327.7,163.85,16.0,2.0,0.0,2011-08-07 13:31:00,0,0.3934342903793165
14027,61.0,1.0,104.82,104.82,6.0,0.0,0.0,2011-10-10 09:01:00,0,0.41970876393699263
14029,63.0,2.0,467.66,233.83,15.0,80.0,0.0,2011-07-18 16:57:00,0,0.3928448820006127
14030,18.0,8.0,2360.09,295.01125,210.0,348.0,0.0,2010-12-08 16:11:00,0,0.43351328195688577
14031,7.0,23.0,14634.64,636.2886956521739,121.0,365.0,0.0310077519379844,2010-12-02 16:34:00,0,0.5156292838724558
14032,2.0,18.0,2929.84,162.7688888888889,53.0,364.0,0.0592105263157894,2010-12-08 10:53:00,0,0.4743378570627627
14034,22.0,4.0,512.02,128.005,82.0,135.0,0.0326086956521739,2011-07-05 13:06:00,0,0.41523267760265065
14035,29.0,5.0,1428.02,285.604,41.0,268.0,0.0,2011-02-15 12:48:00,0,0.3920531113171522
14036,285.0,1.0,626.65,626.65,38.0,0.0,0.0,2011-02-28 09:26:00,0,0.44892901479139424
14037,176.0,2.0,147.20000000000002,73.60000000000001,27.0,188.0,0.0,2010-12-10 11:39:00,0,0.4668504976844624
14038,78.0,4.0,1554.48,388.62,64.0,128.0,0.010752688172043,2011-05-16 14:05:00,0,0.40687075411099716
14039,33.0,1.0,152.2,152.2,6.0,0.0,0.0,2011-11-06 13:48:00,0,0.40916850290143597
14040,41.0,15.0,3542.19,236.146,147.0,290.0,0.0248962655601659,2011-01-12 14:57:00,0,0.4455319827323018
14041,266.0,1.0,141.41,141.41,21.0,0.0,0.0,2011-03-18 13:25:00,0,0.4153585465249503
14044,27.0,4.0,652.82,163.205,165.0,283.0,0.0,2011-02-03 11:39:00,0,0.42014794066836036
14045,109.0,4.0,1659.75,414.9375,4.0,264.0,0.0,2010-12-01 11:32:00,0,0.4952918508623671
14046,284.0,1.0,154.99,154.99,14.0,0.0,0.0,2011-02-28 14:48:00,0,0.4112843802425264
14047,9.0,7.0,1290.01,184.28714285714287,22.0,364.0,0.0588235294117647,2010-12-02 10:09:00,0,0.467817360585884
14048,277.0,2.0,375.13,187.565,84.0,27.0,0.034090909090909,2011-02-07 14:53:00,0,0.4762637267018875
14049,17.0,6.0,5639.15,939.8583333333332,352.0,301.0,0.0336633663366336,2011-01-26 10:30:00,0,0.5081692620229116
14050,32.0,2.0,746.36,373.18,49.0,74.0,0.0,2011-08-25 13:46:00,0,0.3887994394091775
14051,1.0,26.0,15477.34,595.2823076923077,52.0,365.0,0.0232558139534883,2010-12-08 12:49:00,0,0.5271747507434847
14052,20.0,1.0,225.36,225.36,56.0,0.0,0.0,2011-11-20 12:30:00,0,0.40215719152248763
14053,124.0,2.0,260.25,130.125,2.0,35.0,0.0,2011-07-03 12:21:00,0,0.460907421581464
14054,65.0,1.0,92.46,92.46,6.0,0.0,0.0,2011-10-05 15:49:00,0,0.42863789982456446
14055,106.0,1.0,725.6400000000001,725.6400000000001,10.0,0.0,0.0,2011-08-25 15:04:00,0,0.4276031319060725
14056,1.0,29.0,8124.4,280.151724137931,321.0,282.0,0.0195035460992907,2011-02-28 15:19:00,0,0.5184596294227529
14057,24.0,18.0,6147.4,341.5222222222222,179.0,336.0,0.0240549828178694,2010-12-14 12:11:00,0,0.4565445949207252
14059,267.0,1.0,183.6,183.6,8.0,0.0,0.0,2011-03-18 10:06:00,0,0.41148017838954853
14060,5.0,20.0,6135.38,306.769,86.0,368.0,0.0049261083743842,2010-12-02 12:11:00,0,0.46598255485455775
14062,10.0,12.0,10464.85,872.0708333333333,60.0,354.0,0.0,2010-12-10 15:56:00,0,0.486394359961981
14064,29.0,7.0,1188.32,169.76,59.0,245.0,0.024390243902439,2011-03-10 12:59:00,0,0.40277592603323437
14066,267.0,1.0,152.55,152.55,7.0,0.0,0.0,2011-03-18 12:21:00,0,0.41819392825883667
14067,64.0,2.0,374.7,187.35,51.0,32.0,0.0,2011-09-04 12:00:00,0,0.3926480629163899
14068,320.0,1.0,265.85,265.85,22.0,0.0,0.0,2011-01-23 16:02:00,0,0.42537779123595154
14071,4.0,9.0,1307.41,145.26777777777778,271.0,261.0,0.027027027027027,2011-03-20 11:33:00,0,0.4597036473157283
14073,21.0,2.0,139.54,69.77,13.0,11.0,0.0714285714285714,2011-11-07 15:49:00,0,0.46125169308448977
14075,5.0,3.0,942.26,314.08666666666664,33.0,256.0,0.0,2011-03-23 16:35:00,0,0.401279842677527
14076,129.0,1.0,122.47,122.47,43.0,0.0,0.0,2011-08-02 15:19:00,0,0.4136623565010867
14077,41.0,5.0,499.42,99.884,33.0,233.0,0.0,2011-03-10 15:52:00,0,0.4141705545117543
14078,102.0,6.0,1049.37,174.89499999999998,46.0,271.0,0.0,2010-12-01 12:54:00,0,0.42435261403633207
14079,125.0,1.0,375.1,375.1,12.0,0.0,0.0,2011-08-07 12:10:00,0,0.39154215187325353
14080,33.0,1.0,45.6,45.6,4.0,0.0,0.0,2011-11-07 11:09:00,0,0.5057653549648677
14081,267.0,4.0,904.67,226.1675,126.0,101.0,0.0192307692307692,2010-12-05 15:47:00,0,0.4881993081803049
14082,365.0,1.0,182.25,182.25,28.0,0.0,0.0,2010-12-10 11:02:00,0,0.4593966215296352
14083,4.0,9.0,1018.43,113.15888888888888,162.0,367.0,0.0,2010-12-03 12:24:00,0,0.4672044783994999
14085,2.0,19.0,4435.79,233.46263157894737,272.0,366.0,0.0022172949002217,2010-12-06 12:39:00,0,0.4836668132179336
14087,3.0,2.0,181.67,90.835,62.0,0.0,0.0142857142857142,2011-12-07 12:28:00,0,0.4420898515209688
14088,10.0,14.0,50415.49,3601.1064285714283,379.0,312.0,0.0016949152542372,2011-01-21 13:07:00,0,0.5922613416613264
14089,57.0,1.0,161.0,161.0,13.0,0.0,0.0,2011-10-14 10:38:00,0,0.3863578219235085
14090,325.0,1.0,76.32000000000001,76.32000000000001,1.0,0.0,0.0,2011-01-19 10:51:00,0,0.5210228715193741
14092,8.0,17.0,4063.1,239.0058823529412,117.0,365.0,0.0138248847926267,2010-12-02 09:10:00,0,0.4498215089838627
14093,12.0,1.0,442.85,442.85,95.0,0.0,0.0,2011-11-27 16:27:00,0,0.42501288136881776
14096,4.0,34.0,57120.91,1680.0267647058822,1121.0,97.0,0.0033151326053042,2011-08-30 10:49:00,0,0.6365203444541929
14098,37.0,1.0,147.35,147.35,21.0,0.0,0.0,2011-11-03 10:13:00,0,0.3927014741417515
14099,16.0,12.0,3092.9700000000003,257.7475,167.0,338.0,0.0079365079365079,2010-12-20 11:14:00,0,0.4297416818942606
14100,138.0,1.0,194.9,194.9,24.0,0.0,0.0,2011-07-25 11:01:00,0,0.39166371585091675
14101,74.0,6.0,5976.79,996.1316666666668,15.0,252.0,0.0,2011-01-17 13:09:00,0,0.4857842139947051
14102,5.0,8.0,1314.73,164.34125,35.0,39.0,0.0595238095238095,2011-10-26 12:46:00,0,0.46026551697369134
14104,155.0,2.0,216.21,108.105,21.0,11.0,0.0,2011-06-27 12:49:00,0,0.4112667755558466
14105,85.0,2.0,1260.33,630.165,74.0,153.0,0.0263157894736842,2011-04-14 17:58:00,0,0.43240974385382625
14107,52.0,8.0,2688.48,336.06,61.0,312.0,0.0080645161290322,2010-12-10 13:29:00,0,0.41776452870002856
14108,31.0,3.0,594.16,198.0533333333333,33.0,70.0,0.0285714285714285,2011-08-30 11:32:00,0,0.402355564844009
14109,23.0,2.0,80.2,40.1,9.0,49.0,0.3571428571428571,2011-09-28 10:18:00,0,0.5872961448631046
14110,4.0,13.0,5669.65,436.1269230769231,94.0,263.0,0.0064102564102564,2011-03-18 09:59:00,0,0.44275983986922113
14111,14.0,5.0,688.6,137.72,10.0,227.0,0.0909090909090909,2011-04-12 11:36:00,0,0.4542965195536292
14112,23.0,12.0,2774.17,231.1808333333333,117.0,253.0,0.0751445086705202,2011-03-09 11:28:00,0,0.44590539521661376
14113,4.0,8.0,1377.92,172.24,26.0,351.0,0.15,2010-12-20 11:56:00,0,0.503964642323479
14114,274.0,2.0,386.53,193.265,15.0,56.0,0.0,2011-01-13 11:05:00,0,0.4404243155925685
14116,20.0,5.0,1382.74,276.548,61.0,101.0,0.0,2011-08-10 12:44:00,0,0.3994901756539009
14117,144.0,1.0,90.0,90.0,3.0,0.0,0.0,2011-07-19 09:49:00,0,0.4549095931400816
14119,354.0,1.0,0.01,0.01,1.0,0.0,1.0,2010-12-20 13:58:00,0,0.7302634974032902
14121,4.0,6.0,2740.3,456.7166666666667,148.0,56.0,0.0124223602484472,2011-10-11 10:39:00,0,0.4592441157987065
14124,84.0,1.0,419.58,419.58,4.0,0.0,0.0,2011-09-16 13:32:00,0,0.4260239353012226
14125,11.0,3.0,2740.43,913.4766666666666,159.0,67.0,0.0,2011-09-22 15:40:00,0,0.46378667682513625
14126,8.0,4.0,643.6300000000001,160.90750000000003,14.0,2.0,0.0625,2011-11-29 12:21:00,0,0.44600260591039315
14127,123.0,3.0,709.71,236.57,39.0,187.0,0.0,2011-02-02 12:26:00,0,0.4076291791350066
14128,61.0,2.0,637.5,318.75,40.0,195.0,0.0,2011-03-29 10:49:00,0,0.38676254949917144
14129,2.0,5.0,1123.86,224.772,31.0,259.0,0.0,2011-03-24 08:44:00,0,0.404055640807893
14130,319.0,1.0,483.86,483.86,66.0,0.0,0.0,2011-01-24 16:05:00,0,0.468999439034565
14132,2.0,12.0,3580.13,298.3441666666667,100.0,181.0,0.0049751243781094,2011-06-09 12:04:00,0,0.4406266747562477
14133,130.0,5.0,590.3399999999999,118.06799999999998,26.0,186.0,0.0666666666666666,2011-01-28 11:27:00,0,0.45427001704899045
14135,2.0,15.0,4690.31,312.68733333333336,95.0,371.0,0.0,2010-12-02 10:27:00,0,0.4573563795412415
14138,2.0,2.0,982.38,491.19000000000005,40.0,62.0,0.0,2011-10-07 09:38:00,0,0.407227826657783
14139,46.0,1.0,415.82,415.82,26.0,0.0,0.0,2011-10-24 13:34:00,0,0.38829646597355966
14140,4.0,3.0,920.05,306.68333333333334,60.0,27.0,0.0149253731343283,2011-11-08 11:20:00,0,0.41074413773207863
14141,3.0,6.0,879.0300000000001,146.50500000000002,28.0,102.0,0.1304347826086956,2011-08-26 14:40:00,0,0.45852721642454414
14142,373.0,1.0,311.81,311.81,22.0,0.0,0.0,2010-12-01 16:33:00,0,0.46262288752358793
14143,134.0,1.0,115.8,115.8,7.0,0.0,0.0,2011-07-29 09:48:00,0,0.41163456400116527
14145,47.0,5.0,3148.2,629.64,6.0,170.0,0.0833333333333333,2011-05-06 13:01:00,0,0.49879051737476254
14146,9.0,6.0,2949.57,491.595,183.0,348.0,0.1428571428571428,2010-12-17 15:52:00,0,0.5175564778909264
14147,49.0,3.0,468.4,156.13333333333333,4.0,236.0,0.1666666666666666,2011-02-27 11:42:00,0,0.5142529761608123
14148,234.0,1.0,157.2,157.2,3.0,0.0,0.0,2011-04-20 12:02:00,0,0.43515917453783676
14149,213.0,3.0,259.43,86.47666666666667,28.0,8.0,0.3,2011-05-03 09:44:00,0,0.5441769412099086
14150,36.0,2.0,658.64,329.32,23.0,324.0,0.0,2010-12-15 10:04:00,0,0.4259580934119228
14152,75.0,3.0,611.09,203.6966666666667,47.0,158.0,0.02,2011-04-19 15:46:00,0,0.40131521323684866
14154,239.0,2.0,1345.62,672.81,52.0,0.0,0.0,2011-04-14 15:58:00,0,0.4601720936451073
14155,266.0,1.0,118.75,118.75,6.0,0.0,0.0,2011-03-18 14:13:00,0,0.43073802074683837
14156,10.0,66.0,113384.14,1717.9415151515152,716.0,362.0,0.0140845070422535,2010-12-02 17:08:00,0,0.6433516088835898
14157,20.0,3.0,400.43,133.47666666666666,45.0,265.0,0.0204081632653061,2011-02-27 13:04:00,0,0.41756850807627083
14158,40.0,1.0,507.66,507.66,41.0,0.0,0.0,2011-10-30 15:08:00,0,0.399686527792379
14159,20.0,14.0,4678.3,334.1642857142857,501.0,343.0,0.0066006600660066,2010-12-12 11:17:00,0,0.48530022230886666
14161,216.0,3.0,1110.52,370.17333333333335,87.0,153.0,0.0,2010-12-05 13:18:00,0,0.4520485283346863
14162,174.0,2.0,289.36,144.68,25.0,118.0,0.0,2011-02-20 12:32:00,0,0.41534043704436996
14163,87.0,4.0,2445.91,611.4775,36.0,151.0,0.0,2011-04-14 17:33:00,0,0.4181144301259481
14164,71.0,2.0,1631.77,815.885,28.0,10.0,0.0,2011-09-20 12:18:00,0,0.42597401365450255
14165,276.0,1.0,122.54,122.54,23.0,0.0,0.0,2011-03-09 12:39:00,0,0.42370431906803957
14167,39.0,4.0,574.84,143.71,27.0,291.0,0.0,2011-01-12 15:44:00,0,0.4106333916273712
14171,98.0,1.0,363.79,363.79,57.0,0.0,0.0,2011-09-02 16:43:00,0,0.3997030163741539
14173,11.0,4.0,450.84,112.71,28.0,208.0,0.0,2011-05-04 14:03:00,0,0.40913958607289364
14174,33.0,1.0,134.46,134.46,26.0,0.0,0.0,2011-11-06 13:17:00,0,0.39951252670666887
14175,51.0,7.0,3108.06,444.0085714285714,139.0,278.0,0.0914634146341463,2011-01-14 12:22:00,0,0.46345392039943256
14176,297.0,5.0,574.0,114.8,28.0,70.0,0.03125,2010-12-07 11:45:00,0,0.494655343673386
14177,85.0,5.0,554.46,110.892,37.0,94.0,0.0232558139534883,2011-06-13 11:10:00,0,0.4294792265832462
14178,9.0,7.0,1620.93,231.5614285714286,191.0,173.0,0.0,2011-06-10 12:51:00,0,0.42247120827154505
14179,41.0,2.0,719.78,359.89,135.0,11.0,0.0,2011-10-18 14:00:00,0,0.4145471498662251
14180,11.0,31.0,4640.77,149.70225806451614,112.0,361.0,0.032258064516129,2010-12-02 13:08:00,0,0.49227545639484704
14184,67.0,1.0,452.89,452.89,24.0,0.0,0.0,2011-10-04 12:43:00,0,0.3869406071858911
14185,331.0,1.0,197.65,197.65,3.0,0.0,0.0,2011-01-12 13:52:00,0,0.4705237377040112
14188,9.0,10.0,2018.91,201.891,34.0,301.0,0.0845070422535211,2011-02-02 13:46:00,0,0.4526988272269499
14189,2.0,24.0,4604.31,191.84625000000003,176.0,366.0,0.0433212996389891,2010-12-06 11:42:00,0,0.4929220401786359
14191,2.0,14.0,4660.01,332.85785714285714,146.0,218.0,0.0152091254752851,2011-05-03 10:30:00,0,0.44902542110641275
14193,68.0,2.0,853.39,426.695,35.0,201.0,0.0,2011-03-15 11:38:00,0,0.39681173697069294
14194,5.0,32.0,11216.75,350.5234375,269.0,303.0,0.0413907284768211,2011-02-04 14:51:00,0,0.5285624298450616
14195,202.0,3.0,962.7,320.90000000000003,7.0,50.0,0.125,2011-04-01 16:50:00,0,0.5043129445320551
14196,107.0,1.0,335.52,335.52,6.0,0.0,0.0,2011-08-25 10:25:00,0,0.4116148387569727
14198,4.0,7.0,663.5,94.78571428571428,35.0,235.0,0.1136363636363636,2011-04-14 14:54:00,0,0.4631867623098398
14199,218.0,1.0,185.4,185.4,2.0,0.0,0.0,2011-05-05 13:44:00,0,0.44549694614752483
14201,60.0,9.0,688.04,76.44888888888889,32.0,299.0,0.0512820512820512,2010-12-15 13:25:00,0,0.4744703801337895
14204,2.0,1.0,161.03,161.03,36.0,0.0,0.0,2011-12-07 13:38:00,0,0.4080377695214993
14205,11.0,4.0,218.78,54.695,35.0,354.0,0.3846153846153846,2010-12-09 13:38:00,0,0.5921980583126296
14206,239.0,2.0,308.26,154.13,21.0,121.0,0.0476190476190476,2010-12-14 10:31:00,0,0.45016986810606874
14208,95.0,1.0,151.74,151.74,10.0,0.0,0.0,2011-09-06 12:48:00,0,0.3926330874781818
14209,11.0,7.0,2067.13,295.3042857142857,55.0,321.0,0.0113636363636363,2011-01-11 12:56:00,0,0.408088405306277
14210,91.0,7.0,1900.89,271.5557142857143,66.0,280.0,0.0097087378640776,2010-12-03 12:43:00,0,0.43024534597059494
14211,53.0,13.0,2208.3,169.8692307692308,87.0,241.0,0.0508474576271186,2011-02-17 15:50:00,0,0.4513571760584781
14212,90.0,1.0,1070.48,1070.48,9.0,0.0,0.0,2011-09-11 12:45:00,0,0.44899391798068544
14213,372.0,1.0,0.01,0.01,5.0,0.0,1.0,2010-12-03 09:47:00,0,0.7296710788616119
14214,31.0,7.0,1000.23,142.89,64.0,246.0,0.0428571428571428,2011-03-07 12:26:00,0,0.4116548425756469
14215,12.0,7.0,1777.92,253.98857142857145,98.0,356.0,0.0091743119266055,2010-12-06 15:34:00,0,0.417942515752589
14216,3.0,4.0,1839.3,459.825,47.0,34.0,0.0,2011-11-02 10:51:00,0,0.41929735524259604
14217,2.0,24.0,1925.36,80.22333333333334,78.0,364.0,0.0654205607476635,2010-12-08 13:28:00,0,0.5187436474018282
14218,43.0,1.0,169.48000000000002,169.48000000000002,12.0,0.0,0.0,2011-10-28 10:00:00,0,0.38984302733187065
14219,4.0,1.0,89.94,89.94,7.0,0.0,0.0,2011-12-05 16:23:00,0,0.44639122215971516
14220,247.0,2.0,632.4,316.2,21.0,110.0,0.0,2010-12-16 18:18:00,0,0.43439185309184924
14221,42.0,10.0,3427.85,342.785,123.0,296.0,0.0051546391752577,2011-01-04 15:33:00,0,0.4234459925165692
14222,177.0,1.0,683.17,683.17,41.0,0.0,0.0,2011-06-15 16:42:00,0,0.42559225526367084
14223,92.0,4.0,975.23,243.8075,50.0,171.0,0.0163934426229508,2011-03-20 16:02:00,0,0.4069940728541753
14224,110.0,4.0,1050.12,262.53,105.0,209.0,0.0,2011-01-23 13:58:00,0,0.41861559652135505
14226,29.0,7.0,2201.64,314.52,64.0,240.0,0.0821917808219178,2011-03-15 15:36:00,0,0.43541042598646285
14227,26.0,15.0,3315.71,221.0473333333333,117.0,258.0,0.0437158469945355,2011-02-28 12:27:00,0,0.44010673678021817
14229,52.0,5.0,1450.6,290.12,29.0,281.0,0.0697674418604651,2011-01-10 12:03:00,0,0.43788038613553154
14231,179.0,5.0,822.0600000000001,164.412,47.0,109.0,0.074074074074074,2011-02-24 11:55:00,0,0.4605124832182363
14232,32.0,8.0,2043.93,255.49125,81.0,232.0,0.0254237288135593,2011-03-20 12:44:00,0,0.40529062577242175
14233,44.0,5.0,1447.51,289.502,30.0,273.0,0.0277777777777777,2011-01-26 12:43:00,0,0.4088191700198393
14234,22.0,4.0,775.46,193.865,122.0,35.0,0.0,2011-10-13 13:58:00,0,0.4119376516905557
14235,10.0,6.0,3093.86,515.6433333333333,65.0,250.0,0.0125,2011-03-24 13:23:00,0,0.41717158261058873
14236,81.0,2.0,490.86,245.43,15.0,291.0,0.0,2010-12-02 18:49:00,0,0.42969773995181243
14237,373.0,1.0,161.0,161.0,9.0,0.0,0.0,2010-12-01 13:20:00,0,0.46239184542576073
14238,326.0,1.0,146.85,146.85,8.0,0.0,0.0,2011-01-17 14:40:00,0,0.43310015511784716
14239,43.0,13.0,2323.5,178.73076923076923,83.0,272.0,0.0344827586206896,2011-01-27 14:45:00,0,0.43858596125515986
14240,30.0,2.0,890.34,445.17,37.0,195.0,0.0,2011-04-28 11:40:00,0,0.3941272294644212
14241,184.0,1.0,213.7,213.7,10.0,0.0,0.0,2011-06-09 11:46:00,0,0.3961329119528213
14242,235.0,2.0,280.55,140.275,13.0,91.0,0.0,2011-01-18 08:53:00,0,0.4334793996335492
14243,9.0,14.0,2535.88,181.1342857142857,99.0,357.0,0.0472972972972973,2010-12-09 08:34:00,0,0.4473628010266124
14245,176.0,5.0,1677.48,335.496,107.0,87.0,0.0357142857142857,2011-03-21 10:41:00,0,0.47818054521447406
14246,111.0,3.0,1474.06,491.3533333333333,57.0,135.0,0.0,2011-04-08 08:25:00,0,0.4123595254689118
14247,278.0,1.0,136.76999999999998,136.76999999999998,19.0,0.0,0.0,2011-03-06 15:21:00,0,0.4163766108468112
14248,318.0,1.0,302.58,302.58,8.0,0.0,0.0,2011-01-25 14:45:00,0,0.43234703880365916
14250,7.0,3.0,1904.05,634.6833333333333,94.0,82.0,0.0,2011-09-11 13:44:00,0,0.42941599069215247
14251,2.0,5.0,2879.7000000000003,575.94,37.0,55.0,0.0,2011-10-13 12:46:00,0,0.4426448896932067
14256,254.0,3.0,935.06,311.68666666666667,51.0,110.0,0.0185185185185185,2010-12-10 11:44:00,0,0.4669003929471052
14257,51.0,6.0,3087.27,514.545,89.0,267.0,0.0093457943925233,2011-01-25 10:49:00,0,0.4206007347630268
14258,9.0,10.0,12650.08,1265.008,58.0,328.0,0.0089285714285714,2011-01-06 12:18:00,0,0.5036293947721324
14259,142.0,1.0,120.0,120.0,5.0,0.0,0.0,2011-07-21 10:44:00,0,0.42458055631220554
14261,51.0,2.0,1163.45,581.725,52.0,27.0,0.0,2011-09-22 10:47:00,0,0.4079414118181319
14262,8.0,8.0,2618.23,327.27875,87.0,232.0,0.0,2011-04-13 12:23:00,0,0.4035500499038549
14264,155.0,3.0,319.47,106.49,17.0,217.0,0.1052631578947368,2010-12-02 17:35:00,0,0.4817692782214977
14265,109.0,2.0,530.18,265.09,31.0,39.0,0.0,2011-07-14 09:10:00,0,0.3944530388145565
14267,151.0,7.0,1279.09,182.72714285714284,25.0,109.0,0.1666666666666666,2011-03-24 11:38:00,0,0.5108864373710956
14270,332.0,1.0,492.65,492.65,29.0,0.0,0.0,2011-01-12 09:33:00,0,0.45422533092598383
14271,226.0,1.0,112.32,112.32,10.0,0.0,0.0,2011-04-28 12:47:00,0,0.41701626897841704
14272,74.0,2.0,437.96,218.98,33.0,180.0,0.0,2011-03-30 13:57:00,0,0.3934002603252338
14273,51.0,4.0,559.97,139.9925,22.0,190.0,0.0,2011-04-11 13:24:00,0,0.399471925071436
14276,88.0,5.0,1019.39,203.878,52.0,201.0,0.1466666666666666,2011-02-23 09:38:00,0,0.46387486959019025
14277,15.0,4.0,3957.0,989.25,195.0,197.0,0.0131578947368421,2011-05-11 13:20:00,0,0.46244230519170604
14280,197.0,1.0,134.04,134.04,8.0,0.0,0.0,2011-05-27 10:37:00,0,0.4096000743380201
14282,3.0,15.0,3729.34,248.62266666666667,70.0,364.0,0.0,2010-12-07 12:21:00,0,0.4451017704615143
14284,31.0,3.0,578.45,192.8166666666667,24.0,55.0,0.0588235294117647,2011-09-14 13:04:00,0,0.41740019417065877
14285,21.0,4.0,1910.01,477.5025,18.0,155.0,0.0,2011-06-16 12:36:00,0,0.4120200068623069
14286,24.0,5.0,4595.81,919.162,220.0,219.0,0.0175438596491228,2011-04-11 08:16:00,0,0.46927508823093816
14287,8.0,4.0,151.23000000000002,37.807500000000005,10.0,190.0,0.1818181818181818,2011-05-25 11:41:00,0,0.5398984840792441
14288,212.0,2.0,413.85,206.925,16.0,1.0,0.0588235294117647,2011-05-10 13:22:00,0,0.4350845734634691
14289,9.0,6.0,911.26,151.8766666666667,33.0,280.0,0.0,2011-02-23 12:33:00,0,0.40738344821983874
14290,11.0,6.0,2307.4500000000003,384.5750000000001,90.0,350.0,0.0194174757281553,2010-12-13 10:24:00,0,0.42306947431266884
14291,2.0,12.0,3873.3,322.77500000000003,145.0,273.0,0.0042016806722689,2011-03-09 15:20:00,0,0.43275485673480957
14292,8.0,14.0,4819.33,344.23785714285714,67.0,318.0,0.074074074074074,2011-01-17 16:20:00,0,0.45456695441353595
14293,3.0,4.0,1046.56,261.64,51.0,365.0,0.0,2010-12-06 10:18:00,0,0.43002402815366325
14295,40.0,2.0,154.70000000000002,77.35000000000001,7.0,292.0,0.2857142857142857,2011-01-11 11:53:00,0,0.5802982704063963
14297,18.0,6.0,1284.06,214.01,49.0,257.0,0.03125,2011-03-10 08:31:00,0,0.40329402751187304
14298,3.0,45.0,50862.44,1130.2764444444445,884.0,357.0,0.0018292682926829,2010-12-14 12:59:00,0,0.6132863013477573
14299,8.0,18.0,2855.35,158.63055555555556,94.0,358.0,0.1172839506172839,2010-12-08 13:33:00,0,0.4970648704865742
14300,19.0,1.0,43.2,43.2,3.0,0.0,0.0,2011-11-21 08:57:00,0,0.5204215227213075
14301,108.0,2.0,632.04,316.02,13.0,9.0,0.1875,2011-08-14 15:33:00,0,0.4921014136035306
14304,223.0,2.0,197.1,98.55,25.0,78.0,0.3703703703703703,2011-02-11 14:48:00,0,0.5643849507011063
14305,71.0,5.0,1803.76,360.752,96.0,64.0,0.0454545454545454,2011-07-27 14:14:00,0,0.44202709404662094
14306,51.0,3.0,2083.42,694.4733333333334,33.0,34.0,0.0571428571428571,2011-09-15 10:31:00,0,0.4538506562423934
14307,89.0,6.0,2995.72,499.2866666666666,150.0,284.0,0.0,2010-12-01 11:41:00,0,0.450608715634167
14309,8.0,10.0,2319.68,231.968,75.0,350.0,0.048780487804878,2010-12-16 13:05:00,0,0.4341891684725322
14311,225.0,2.0,229.71,114.855,20.0,17.0,0.2592592592592592,2011-04-11 10:14:00,0,0.5256260232710482
14312,47.0,6.0,1611.59,268.5983333333333,74.0,290.0,0.0,2011-01-06 16:35:00,0,0.39970325154118025
14314,107.0,1.0,120.0,120.0,8.0,0.0,0.0,2011-08-25 10:39:00,0,0.4042731836361761
14315,21.0,7.0,2456.98,350.9971428571429,64.0,245.0,0.0288461538461538,2011-03-18 12:59:00,0,0.40702534994734124
14317,65.0,1.0,508.58,508.58,24.0,0.0,0.0,2011-10-06 10:44:00,0,0.3911026068394131
14320,207.0,3.0,343.11,114.37,29.0,126.0,0.2619047619047619,2011-01-11 09:12:00,0,0.5317083474768655
14321,11.0,5.0,1530.75,306.15,111.0,322.0,0.0,2011-01-10 11:35:00,0,0.4033342585646373
14323,115.0,4.0,574.26,143.565,32.0,123.0,0.1219512195121951,2011-04-15 11:44:00,0,0.44801669928753085
14326,235.0,2.0,166.85,83.425,8.0,7.0,0.1111111111111111,2011-04-11 15:04:00,0,0.4851442732375056
14327,163.0,1.0,311.65,311.65,12.0,0.0,0.0,2011-06-29 13:58:00,0,0.3917009168826781
14329,9.0,14.0,4928.74,352.05285714285714,218.0,320.0,0.037174721189591,2011-01-14 13:42:00,0,0.4515917952442336
14331,124.0,2.0,462.66,231.33,27.0,10.0,0.0,2011-07-27 15:14:00,0,0.3911829345696608
14332,23.0,3.0,866.31,288.77,22.0,125.0,0.0,2011-07-15 10:33:00,0,0.3899641762581953
14333,64.0,2.0,351.45,175.725,15.0,3.0,0.2105263157894736,2011-10-03 10:38:00,0,0.4852452056980334
14334,17.0,9.0,2539.46,282.1622222222222,98.0,341.0,0.0061349693251533,2010-12-16 17:37:00,0,0.41765092908085527
14335,16.0,2.0,468.26,234.13,55.0,80.0,0.0,2011-09-04 13:07:00,0,0.3899537785330316
14336,17.0,4.0,1614.91,403.7275,77.0,259.0,0.0,2011-03-08 16:48:00,0,0.39165382991312353
14338,158.0,4.0,554.22,138.555,30.0,38.0,0.088235294117647,2011-05-27 13:30:00,0,0.45320648241453254
14339,235.0,4.0,289.91,72.47749999999999,15.0,8.0,0.2222222222222222,2011-04-11 11:06:00,0,0.5313237978418783
14340,219.0,1.0,134.7,134.7,6.0,0.0,0.0,2011-05-05 09:44:00,0,0.41766249642216596
14341,45.0,9.0,2166.38,240.7088888888889,109.0,273.0,0.0076923076923076,2011-01-25 13:55:00,0,0.4101310970393749
14342,21.0,6.0,607.71,101.285,19.0,188.0,0.125,2011-05-13 13:50:00,0,0.46107042498830497
14344,127.0,8.0,889.9300000000001,111.24125,56.0,241.0,0.0,2010-12-06 11:58:00,0,0.4516573163155549
14345,39.0,1.0,108.98,108.98,6.0,0.0,0.0,2011-11-01 09:51:00,0,0.4221518593327556
14346,121.0,2.0,1021.58,510.79,55.0,176.0,0.0,2011-02-15 13:52:00,0,0.42041092120996737
14348,260.0,1.0,409.57,409.57,18.0,0.0,0.0,2011-03-24 16:23:00,0,0.4145845009480709
14349,10.0,1.0,133.5,133.5,31.0,0.0,0.0,2011-11-29 15:39:00,0,0.4084094217393514
14350,271.0,2.0,258.7,129.35,19.0,3.0,0.1428571428571428,2011-03-10 14:14:00,0,0.48240996377915213
14351,165.0,1.0,51.0,51.0,1.0,0.0,0.0,2011-06-28 11:56:00,0,0.5244796291211828
14352,157.0,4.0,1078.96,269.74,44.0,116.0,0.0,2011-03-11 14:58:00,0,0.4205846179958348
14353,215.0,1.0,90.6,90.6,6.0,0.0,0.0,2011-05-08 16:06:00,0,0.44478751603693234
14354,6.0,2.0,163.62,81.81,9.0,24.0,0.0,2011-11-09 15:36:00,0,0.4376238097487351
14355,366.0,1.0,174.4,174.4,11.0,0.0,0.0,2010-12-09 12:16:00,0,0.455604358628887
14356,60.0,4.0,666.9399999999999,166.735,36.0,21.0,0.131578947368421,2011-09-19 14:43:00,0,0.4541904316458279
14357,43.0,1.0,225.77,225.77,39.0,0.0,0.0,2011-10-27 16:23:00,0,0.38930865677827237
14359,19.0,6.0,882.58,147.09666666666666,44.0,68.0,0.0517241379310344,2011-09-13 09:03:00,0,0.42803499090728964
14360,32.0,4.0,2128.23,532.0575,104.0,62.0,0.0,2011-09-06 11:58:00,0,0.4268710229733164
14362,22.0,1.0,161.2,161.2,37.0,0.0,0.0,2011-11-17 15:08:00,0,0.39642868041911483
14364,109.0,8.0,3717.35,464.66875,61.0,102.0,0.0,2011-05-12 12:56:00,0,0.46050055935504614
14367,8.0,19.0,9167.82,482.5168421052632,270.0,267.0,0.0168855534709193,2011-03-08 14:12:00,0,0.4899955083324608
14368,320.0,1.0,155.0,155.0,8.0,0.0,0.0,2011-01-24 09:52:00,0,0.4301845266593726
14371,295.0,1.0,100.5,100.5,4.0,0.0,0.0,2011-02-17 16:35:00,0,0.4587292408843787
14373,358.0,1.0,76.55,76.55,4.0,0.0,0.0,2010-12-16 15:40:00,0,0.5121963033371832
14375,185.0,1.0,257.68,257.68,57.0,0.0,0.0,2011-06-07 13:44:00,0,0.4176116803367192
14377,191.0,2.0,617.05,308.525,11.0,70.0,0.0,2011-03-22 13:38:00,0,0.4261609989585017
14379,44.0,2.0,348.1,174.05,39.0,251.0,0.0,2011-02-17 15:03:00,0,0.3995213113726457
14381,52.0,1.0,202.68,202.68,56.0,0.0,0.0,2011-10-18 17:10:00,0,0.4023274267780062
14382,26.0,1.0,626.0699999999999,626.0699999999999,121.0,0.0,0.0,2011-11-13 16:18:00,0,0.4371596203680501
14383,38.0,3.0,1247.69,415.8966666666667,49.0,125.0,0.0,2011-06-29 10:18:00,0,0.393700232681703
14385,9.0,3.0,202.11,67.37,13.0,14.0,0.0,2011-11-16 11:55:00,0,0.44200329006713934
14386,297.0,1.0,142.4,142.4,7.0,0.0,0.0,2011-02-16 09:45:00,0,0.425976889861577
14387,33.0,3.0,1770.56,590.1866666666666,125.0,76.0,0.0,2011-08-22 14:13:00,0,0.4267884816041277
14388,9.0,10.0,3172.04,317.204,124.0,364.0,0.0261780104712041,2010-12-02 11:02:00,0,0.4345624110376653
14389,9.0,5.0,999.72,199.944,34.0,309.0,0.2741935483870967,2011-01-25 12:45:00,0,0.5232088241269747
14390,10.0,13.0,4592.47,353.2669230769231,135.0,362.0,0.0171821305841924,2010-12-02 11:56:00,0,0.4407042092196633
14393,218.0,1.0,67.95,67.95,5.0,0.0,0.0,2011-05-05 18:16:00,0,0.4685866691000933
14395,2.0,12.0,3471.91,289.3258333333333,181.0,369.0,0.0084985835694051,2010-12-02 18:15:00,0,0.4582711340831725
14396,65.0,2.0,487.99,243.995,71.0,306.0,0.0,2010-12-03 15:19:00,0,0.4208370539678151
14397,1.0,23.0,2556.68,111.16,18.0,212.0,0.0842105263157894,2011-05-10 12:25:00,0,0.5271263974063831
14400,141.0,2.0,559.7,279.85,25.0,8.0,0.0384615384615384,2011-07-13 15:50:00,0,0.42227464767717404
14401,4.0,14.0,4039.98,288.57,113.0,355.0,0.0054644808743169,2010-12-15 09:07:00,0,0.4338069679400509
14403,130.0,5.0,1426.31,285.262,17.0,116.0,0.2307692307692307,2011-04-06 14:23:00,0,0.5221557332497535
14404,34.0,7.0,1434.72,204.96,70.0,335.0,0.0096153846153846,2010-12-05 16:00:00,0,0.41313595084692306
14406,119.0,1.0,156.75,156.75,8.0,0.0,0.0,2011-08-12 16:54:00,0,0.39517221362269306
14407,107.0,9.0,2111.08,234.56444444444443,67.0,169.0,0.0394736842105263,2011-03-08 11:59:00,0,0.4485319497591246
14408,11.0,7.0,2606.53,372.3614285714286,60.0,253.0,0.0,2011-03-20 14:41:00,0,0.40089276675583724
14409,71.0,7.0,1908.25,272.60714285714283,40.0,297.0,0.0181818181818181,2010-12-06 15:03:00,0,0.4266290199794808
14410,16.0,15.0,576.3,38.42,197.0,290.0,0.3251748251748251,2011-02-07 09:36:00,0,0.6161647595312615
14411,311.0,1.0,1063.0,1063.0,14.0,0.0,0.0,2011-02-02 10:56:00,0,0.48222186798889055
14412,35.0,3.0,761.3299999999999,253.77666666666664,43.0,37.0,0.0444444444444444,2011-09-28 08:48:00,0,0.4101950962089552
14413,362.0,1.0,122.7,122.7,22.0,0.0,0.0,2010-12-12 13:37:00,0,0.46509214784712405
14414,92.0,8.0,1485.13,185.64125,79.0,267.0,0.010204081632653,2010-12-16 11:11:00,0,0.43093624534284586
14415,1.0,18.0,5811.56,322.8644444444445,284.0,359.0,0.0359477124183006,2010-12-14 13:06:00,0,0.48145360047456126
14416,22.0,2.0,490.22,245.11,13.0,20.0,0.0,2011-10-28 15:10:00,0,0.39646111620355057
14418,4.0,3.0,1937.25,645.75,114.0,104.0,0.0,2011-08-23 17:18:00,0,0.4317932060145229
14419,11.0,6.0,1058.06,176.34333333333333,112.0,354.0,0.0,2010-12-10 10:56:00,0,0.42335534402464003
14420,85.0,2.0,385.87,192.935,29.0,13.0,0.0333333333333333,2011-09-01 18:07:00,0,0.40586841969222975
14421,57.0,2.0,813.11,406.555,25.0,154.0,0.0,2011-05-12 10:49:00,0,0.3933511998104716
14422,1.0,6.0,4263.64,710.6066666666667,189.0,266.0,0.0,2011-03-17 17:26:00,0,0.4563149522160011
14423,218.0,1.0,265.2,265.2,3.0,0.0,0.0,2011-05-05 15:12:00,0,0.43741305768440736
14424,18.0,1.0,322.08,322.08,1.0,0.0,0.0,2011-11-22 11:48:00,0,0.4676727378993493
14426,19.0,16.0,3918.9,244.93125,187.0,340.0,0.1515151515151515,2010-12-15 12:06:00,0,0.5171325710726149
14427,50.0,2.0,363.34,181.67,16.0,13.0,0.0,2011-10-07 09:10:00,0,0.38935730166529764
14428,7.0,7.0,1230.14,175.73428571428573,108.0,317.0,0.027027027027027,2011-01-18 16:39:00,0,0.42025152857218423
14431,299.0,2.0,397.76,198.88,17.0,4.0,0.2272727272727272,2011-02-10 10:40:00,0,0.5223279710076585
14432,10.0,6.0,2255.51,375.91833333333335,256.0,79.0,0.0,2011-09-11 14:09:00,0,0.4561904795119403
14434,22.0,6.0,1372.8,228.8,3.0,50.0,0.0,2011-09-28 15:31:00,0,0.4834691437366047
14436,99.0,1.0,89.06,89.06,9.0,0.0,0.0,2011-09-02 10:13:00,0,0.42540276958181455
14437,143.0,2.0,0.01,0.01,6.0,222.0,0.1666666666666666,2010-12-09 09:27:00,0,0.6698055186195815
14438,306.0,1.0,131.9,131.9,9.0,0.0,0.0,2011-02-06 14:56:00,0,0.4232435406813801
14439,320.0,1.0,2661.24,2661.24,32.0,0.0,0.0,2011-01-24 11:39:00,0,0.5343735844898841
14440,8.0,5.0,2357.6800000000003,471.53600000000006,33.0,357.0,0.0,2010-12-09 12:49:00,0,0.4422313637375359
14441,1.0,10.0,1545.14,154.514,45.0,364.0,0.135593220338983,2010-12-09 14:57:00,0,0.500392482337472
14442,2.0,5.0,1544.62,308.924,59.0,315.0,0.0735294117647058,2011-01-27 09:33:00,0,0.44046289539280514
14443,54.0,7.0,1400.88,200.1257142857143,86.0,318.0,0.0510204081632653,2010-12-02 17:05:00,0,0.43279205364031376
14446,1.0,4.0,1039.58,259.895,233.0,245.0,0.0,2011-04-07 12:10:00,0,0.4316050928177049
14447,19.0,5.0,1163.23,232.646,54.0,261.0,0.0,2011-03-04 10:49:00,0,0.3875244174381735
14448,9.0,2.0,375.35,187.675,20.0,354.0,0.0,2010-12-10 17:26:00,0,0.44584205603098226
14449,19.0,4.0,907.1,226.775,201.0,353.0,0.0,2010-12-02 14:09:00,0,0.4425537407438364
14450,181.0,3.0,483.25,161.08333333333334,32.0,139.0,0.0,2011-01-23 11:53:00,0,0.42212474068800837
14451,60.0,2.0,662.59,331.295,86.0,134.0,0.0,2011-05-29 12:35:00,0,0.397462546036558
14452,11.0,2.0,264.44,132.22,55.0,83.0,0.0,2011-09-07 11:32:00,0,0.4004178600856642
14453,190.0,1.0,119.93,119.93,22.0,0.0,0.0,2011-06-02 14:15:00,0,0.4096370445299133
14456,5.0,14.0,3047.63,217.68785714285715,580.0,137.0,0.007164790174002,2011-07-20 13:06:00,0,0.5107305989883811
14457,311.0,1.0,113.64,113.64,4.0,0.0,0.0,2011-02-02 09:39:00,0,0.45136259332573586
14459,155.0,1.0,1837.92,1837.92,37.0,0.0,0.0,2011-07-07 13:35:00,0,0.4788418562132204
14460,110.0,4.0,383.34,95.835,14.0,200.0,0.0588235294117647,2011-02-02 11:54:00,0,0.46185886085965233
14461,148.0,3.0,2103.06,701.02,173.0,113.0,0.0,2011-03-23 12:15:00,0,0.47877062652601216
14462,64.0,15.0,1965.9,131.06,151.0,275.0,0.024390243902439,2011-01-04 12:45:00,0,0.47026171523245747
14463,98.0,3.0,529.62,176.54,6.0,107.0,0.0,2011-05-18 14:42:00,0,0.43248271928228355
14465,247.0,3.0,1058.62,352.8733333333334,107.0,56.0,0.0,2011-02-10 12:13:00,0,0.4657137881819705
14466,29.0,7.0,2272.4,324.62857142857143,35.0,343.0,0.0,2010-12-02 13:36:00,0,0.4295893711782117
14467,18.0,4.0,598.76,149.69,67.0,295.0,0.0,2011-01-31 12:35:00,0,0.4032114590417514
14470,12.0,2.0,461.19,230.595,43.0,275.0,0.0,2011-02-25 11:56:00,0,0.4064244144073476
14472,104.0,8.0,1936.84,242.105,153.0,251.0,0.0,2010-12-19 14:03:00,0,0.44231716803574006
14473,74.0,2.0,234.34000000000003,117.17000000000002,7.0,208.0,0.0,2011-03-02 13:56:00,0,0.4411732858021723
14474,43.0,2.0,537.71,268.855,29.0,2.0,0.0333333333333333,2011-10-24 13:26:00,0,0.410299374561041
14475,72.0,6.0,799.82,133.30333333333334,36.0,233.0,0.1063829787234042,2011-02-08 10:12:00,0,0.447101562291558
14476,257.0,1.0,215.7,215.7,17.0,0.0,0.0,2011-03-27 15:39:00,0,0.40549242950190606
14477,20.0,5.0,1307.81,261.562,7.0,277.0,0.0909090909090909,2011-02-15 15:44:00,0,0.4744658255459239
14479,254.0,2.0,316.25,158.125,18.0,111.0,0.0,2010-12-09 12:59:00,0,0.4400005572800497
14480,11.0,1.0,279.05,279.05,13.0,0.0,0.0,2011-11-28 16:35:00,0,0.3921321490480033
14481,165.0,2.0,636.51,318.255,25.0,122.0,0.0,2011-02-25 13:53:00,0,0.4102278433545382
14482,18.0,6.0,2068.15,344.69166666666666,110.0,220.0,0.0,2011-04-14 16:41:00,0,0.3963151530788479
14483,150.0,2.0,129.2,64.6,10.0,131.0,0.1,2011-03-03 10:26:00,0,0.4959076397740687
14484,50.0,1.0,321.92,321.92,14.0,0.0,0.0,2011-10-20 14:11:00,0,0.38449666017530554
14485,39.0,1.0,165.75,165.75,44.0,0.0,0.0,2011-11-01 12:25:00,0,0.4002955432548197
14487,27.0,7.0,1183.58,169.08285714285714,112.0,341.0,0.0068965517241379,2010-12-06 12:55:00,0,0.4206405659506359
14488,51.0,2.0,1047.43,523.715,46.0,16.0,0.0612244897959183,2011-10-03 09:30:00,0,0.4435807602587199
14489,207.0,1.0,463.38,463.38,30.0,0.0,0.0,2011-05-16 14:51:00,0,0.41070117145238316
14491,175.0,2.0,340.93,170.465,17.0,197.0,0.0,2010-12-02 12:10:00,0,0.4336385013374976
14493,7.0,7.0,2362.84,337.54857142857145,95.0,147.0,0.024390243902439,2011-07-07 16:59:00,0,0.4228746081880405
14494,26.0,1.0,139.56,139.56,7.0,0.0,0.0,2011-11-14 09:21:00,0,0.4087680451895377
14495,51.0,2.0,123.8,61.9,6.0,70.0,0.0,2011-08-10 14:13:00,0,0.4634992085763671
14496,312.0,2.0,538.8100000000001,269.40500000000003,16.0,61.0,0.0,2010-12-01 15:35:00,0,0.4630252197699956
14497,301.0,2.0,457.47,228.735,29.0,7.0,0.064516129032258,2011-02-03 17:01:00,0,0.47021116237408594
14498,43.0,5.0,1957.32,391.464,162.0,319.0,0.0,2010-12-13 11:29:00,0,0.42118995219436867
14499,26.0,3.0,815.32,271.77333333333337,146.0,252.0,0.0,2011-03-06 11:55:00,0,0.4091155489095313
14500,88.0,3.0,356.85,118.95,6.0,101.0,0.0,2011-06-03 10:08:00,0,0.4388106989353604
14501,64.0,3.0,190.31,63.43666666666667,9.0,255.0,0.1666666666666666,2011-01-24 10:43:00,0,0.5149171879501598
14502,20.0,14.0,2351.02,167.93,369.0,293.0,0.011093502377179,2011-01-30 15:52:00,0,0.4724575040069956
14503,3.0,6.0,3543.26,590.5433333333334,113.0,175.0,0.0,2011-06-14 10:00:00,0,0.4297763186540769
14504,47.0,4.0,673.26,168.315,85.0,231.0,0.0,2011-03-06 14:38:00,0,0.3949896722601587
14505,17.0,11.0,5818.7,528.9727272727273,542.0,344.0,0.0049813200498132,2010-12-12 16:14:00,0,0.4966875123686942
14506,17.0,5.0,2012.17,402.434,204.0,351.0,0.0,2010-12-05 14:25:00,0,0.43927728791839604
14507,24.0,7.0,1368.18,195.45428571428573,79.0,252.0,0.0204081632653061,2011-03-08 17:23:00,0,0.3992713658722496
14508,22.0,2.0,276.42,138.21,52.0,67.0,0.0,2011-09-11 11:29:00,0,0.3979589117619073
14511,11.0,6.0,1267.41,211.235,53.0,122.0,0.0422535211267605,2011-07-29 12:13:00,0,0.4142738064561953
14512,188.0,2.0,275.28,137.64,19.0,44.0,0.0,2011-04-21 19:05:00,0,0.4196542260078122
14513,101.0,4.0,438.49,109.6225,11.0,188.0,0.3333333333333333,2011-02-24 09:36:00,0,0.5512440083444
14514,61.0,3.0,1055.35,351.7833333333333,65.0,270.0,0.0,2011-01-12 15:22:00,0,0.39793160070829076
14515,18.0,6.0,2102.09,350.34833333333336,68.0,200.0,0.0,2011-05-05 12:13:00,0,0.39374846098229854
14517,33.0,2.0,330.45,165.225,17.0,108.0,0.0,2011-07-21 11:42:00,0,0.39334758916757906
14518,64.0,1.0,174.37,174.37,16.0,0.0,0.0,2011-10-06 14:43:00,0,0.38195383835501295
14520,2.0,2.0,270.6,135.3,3.0,289.0,0.0,2011-02-22 09:15:00,0,0.4918726738040268
14522,24.0,4.0,974.54,243.635,15.0,173.0,0.0,2011-05-25 16:01:00,0,0.4000943859615563
14523,108.0,1.0,241.09,241.09,12.0,0.0,0.0,2011-08-23 13:13:00,0,0.38476799517896887
14524,32.0,9.0,1867.68,207.52,161.0,329.0,0.0,2010-12-14 11:01:00,0,0.42591106761687525
14525,9.0,13.0,4221.37,324.72076923076924,218.0,352.0,0.023489932885906,2010-12-13 17:40:00,0,0.4500117527646189
14527,3.0,86.0,7711.38,89.66720930232559,331.0,371.0,0.0385756676557863,2010-12-01 09:41:00,0,0.588368528009654
14528,37.0,1.0,364.22,364.22,18.0,0.0,0.0,2011-11-02 17:09:00,0,0.386497884439297
14529,60.0,3.0,620.04,206.68,177.0,50.0,0.0,2011-08-21 14:10:00,0,0.42479499359473366
14530,26.0,6.0,2925.91,487.6516666666666,140.0,270.0,0.0,2011-02-16 10:47:00,0,0.4132177790315977
14532,236.0,4.0,932.85,233.2125,45.0,115.0,0.0,2010-12-22 13:48:00,0,0.44696339744165703
14533,25.0,9.0,1812.62,201.40222222222224,53.0,328.0,0.0461538461538461,2010-12-22 11:07:00,0,0.4243775559921236
14534,3.0,25.0,4075.35,163.014,334.0,316.0,0.0698924731182795,2011-01-25 11:47:00,0,0.5230289947281755
14535,59.0,4.0,2841.09,710.2725,280.0,189.0,0.009009009009009,2011-04-05 12:50:00,0,0.4652273370864667
14536,260.0,1.0,171.8,171.8,18.0,0.0,0.0,2011-03-25 12:21:00,0,0.4091303069407606
14537,58.0,1.0,355.56,355.56,10.0,0.0,0.0,2011-10-13 10:54:00,0,0.3924703058260538
14538,65.0,2.0,388.25,194.125,19.0,191.0,0.0,2011-03-28 14:57:00,0,0.39529741979213084
14539,16.0,2.0,537.48,268.74,31.0,28.0,0.0,2011-10-26 12:03:00,0,0.3894786428364221
14540,10.0,3.0,996.26,332.08666666666664,64.0,299.0,0.0,2011-02-03 15:02:00,0,0.4027868134389861
14541,59.0,8.0,1461.65,182.70625,71.0,260.0,0.0,2011-01-24 14:16:00,0,0.4044184577455702
14542,186.0,1.0,103.25,103.25,5.0,0.0,0.0,2011-06-07 08:19:00,0,0.4333266425014732
14543,4.0,21.0,2916.17,138.8652380952381,43.0,360.0,0.3271028037383177,2010-12-10 11:51:00,0,0.5875758094202909
14544,24.0,2.0,2024.45,1012.225,97.0,337.0,0.0,2010-12-13 12:50:00,0,0.46121852614991654
14546,4.0,9.0,2487.02,276.3355555555556,255.0,244.0,0.0431654676258992,2011-04-05 10:45:00,0,0.45091479848062777
14547,4.0,9.0,3986.74,442.9711111111112,198.0,50.0,0.0027247956403269,2011-10-16 14:35:00,0,0.4798537419504668
14548,151.0,2.0,652.8,326.4,2.0,167.0,0.0,2011-01-26 08:38:00,0,0.4869747611842812
14549,311.0,1.0,289.24,289.24,56.0,0.0,0.0,2011-02-01 13:47:00,0,0.44450812372001103
14550,11.0,2.0,765.62,382.81,38.0,33.0,0.0,2011-10-26 12:14:00,0,0.39030745989536036
14551,18.0,2.0,186.23,93.115,9.0,185.0,0.0,2011-05-19 18:21:00,0,0.4361952568041385
14552,152.0,1.0,165.07,165.07,57.0,0.0,0.0,2011-07-11 12:49:00,0,0.41907083165180775
14553,19.0,5.0,859.27,171.85399999999998,103.0,319.0,0.0,2011-01-04 15:40:00,0,0.4090544406033521
14554,10.0,4.0,2381.04,595.26,147.0,42.0,0.0,2011-10-18 13:04:00,0,0.4444584800603701
14555,57.0,2.0,324.14,162.07,18.0,244.0,0.0,2011-02-10 17:19:00,0,0.4078384531457483
14557,64.0,2.0,0.01,0.01,16.0,21.0,0.5,2011-09-15 15:48:00,0,0.6963742410095088
14560,7.0,24.0,2174.18,90.59083333333332,39.0,350.0,0.0263157894736842,2010-12-17 09:22:00,0,0.4976556623774254
14561,76.0,3.0,1080.76,360.25333333333333,67.0,108.0,0.0,2011-06-08 13:26:00,0,0.3945700796160961
14562,4.0,22.0,4709.22,214.05545454545452,189.0,300.0,0.0515695067264574,2011-02-08 14:45:00,0,0.4796291491777723
14565,96.0,6.0,3073.77,512.295,111.0,265.0,0.0155038759689922,2010-12-13 13:25:00,0,0.447735411813481
14566,111.0,1.0,1432.0,1432.0,4.0,0.0,0.0,2011-08-21 11:05:00,0,0.491931147197508
14567,35.0,3.0,1524.46,508.15333333333336,33.0,95.0,0.0294117647058823,2011-08-01 13:48:00,0,0.4193468409643027
14569,1.0,1.0,227.39,227.39,10.0,0.0,0.0,2011-12-08 14:58:00,0,0.4056422795967705
14570,281.0,2.0,218.06,109.03,29.0,0.0,0.0,2011-03-04 10:39:00,0,0.4363483790137422
14572,3.0,10.0,2803.69,280.369,191.0,320.0,0.0109890109890109,2011-01-19 17:21:00,0,0.4310382979750773
14573,180.0,13.0,1603.72,123.36307692307692,127.0,192.0,0.0248962655601659,2010-12-02 19:59:00,0,0.5187175706126048
14576,372.0,1.0,35.400000000000006,35.400000000000006,1.0,0.0,0.0,2010-12-02 17:51:00,0,0.5963240572775488
14577,13.0,4.0,859.71,214.9275,86.0,350.0,0.0,2010-12-12 11:26:00,0,0.42151852685758073
14578,3.0,1.0,168.63,168.63,24.0,0.0,0.0,2011-12-06 17:18:00,0,0.40081195686710336
14581,17.0,1.0,138.6,138.6,16.0,0.0,0.0,2011-11-23 12:39:00,0,0.3964012422639474
14582,41.0,1.0,114.11,114.11,6.0,0.0,0.0,2011-10-30 11:56:00,0,0.415513344516236
14583,6.0,5.0,1052.55,210.51,243.0,200.0,0.0,2011-05-18 11:28:00,0,0.43075684988131385
14584,169.0,5.0,1029.26,205.852,68.0,29.0,0.0099009900990099,2011-05-25 17:31:00,0,0.44658284222882727
14585,50.0,1.0,157.05,157.05,29.0,0.0,0.0,2011-10-20 14:33:00,0,0.39014312555694064
14586,227.0,3.0,134.16,44.72,19.0,49.0,0.2962962962962963,2011-03-08 10:04:00,0,0.5707232191724978
14587,19.0,10.0,1598.24,159.824,170.0,312.0,0.0026041666666666,2011-01-12 13:16:00,0,0.43374228101413304
14589,372.0,1.0,39.75,39.75,3.0,0.0,0.0,2010-12-03 11:42:00,0,0.564731837141646
14591,15.0,4.0,1447.14,361.785,138.0,197.0,0.0,2011-05-10 14:09:00,0,0.3988559812592786
14592,35.0,3.0,570.46,190.1533333333333,132.0,28.0,0.0,2011-10-06 18:08:00,0,0.4152646805069641
14593,22.0,3.0,617.99,205.99666666666667,127.0,177.0,0.0,2011-05-25 11:14:00,0,0.40524026680971476
14594,7.0,2.0,379.83,189.915,48.0,365.0,0.0,2010-12-01 13:54:00,0,0.44666077580479624
14595,20.0,6.0,1740.6,290.1,94.0,293.0,0.0,2011-01-30 13:36:00,0,0.39537593866906784
14597,11.0,2.0,883.15,441.575,45.0,180.0,0.0,2011-06-01 12:33:00,0,0.3964829927060122
14598,44.0,1.0,221.97,221.97,49.0,0.0,0.0,2011-10-26 13:19:00,0,0.3961559779546649
14600,306.0,1.0,393.33,393.33,25.0,0.0,0.0,2011-02-07 09:48:00,0,0.4206171693449238
14601,11.0,1.0,213.96,213.96,7.0,0.0,0.0,2011-11-29 09:48:00,0,0.4068265239950101
14603,275.0,1.0,660.0,660.0,2.0,0.0,0.0,2011-03-10 10:27:00,0,0.4911812134007533
14606,1.0,128.0,11713.85,91.514453125,832.0,372.0,0.0294751976994967,2010-12-01 16:57:00,0,0.6249091493862066
14607,16.0,17.0,11341.1,667.1235294117647,38.0,245.0,0.2456140350877192,2011-03-23 15:22:00,0,0.5867876541585977
14608,4.0,4.0,1785.15,446.2875,8.0,358.0,0.0,2010-12-12 14:49:00,0,0.4800917523696784
14609,72.0,4.0,601.56,150.39,2.0,224.0,0.0,2011-02-16 12:10:00,0,0.47096271103537596
14616,243.0,3.0,406.08,135.36,2.0,74.0,0.0,2011-01-26 12:42:00,0,0.4915471522338721
14618,9.0,4.0,538.59,134.6475,11.0,356.0,0.0588235294117647,2010-12-08 14:57:00,0,0.4828556270952658
14619,239.0,2.0,379.51,189.755,20.0,6.0,0.0909090909090909,2011-04-08 07:37:00,0,0.4554188554719002
14620,204.0,3.0,393.28,131.09333333333333,26.0,79.0,0.1333333333333333,2011-03-01 08:30:00,0,0.47022616552093055
14621,1.0,6.0,1765.76,294.2933333333333,80.0,357.0,0.0416666666666666,2010-12-16 13:00:00,0,0.43289992254667836
14622,185.0,1.0,320.58000000000004,320.58000000000004,21.0,0.0,0.0,2011-06-08 12:42:00,0,0.3924486440293397
14623,32.0,6.0,869.35,144.89166666666668,108.0,203.0,0.0074074074074074,2011-04-18 13:54:00,0,0.40517462395811626
14624,57.0,2.0,225.85,112.925,13.0,1.0,0.0,2011-10-11 14:39:00,0,0.3980522863192333
14625,185.0,5.0,848.48,169.696,52.0,186.0,0.0701754385964912,2010-12-02 17:19:00,0,0.4597447673827383
14626,9.0,7.0,2757.07,393.8671428571429,108.0,224.0,0.0317460317460317,2011-04-20 13:18:00,0,0.41853918250175975
14627,312.0,1.0,0.01,0.01,5.0,0.0,1.0,2011-02-01 10:49:00,0,0.7261235720196118
14628,91.0,2.0,671.96,335.98,22.0,151.0,0.0,2011-04-11 14:43:00,0,0.39646789317991876
14629,4.0,3.0,939.21,313.07,133.0,43.0,0.0065359477124183,2011-10-23 16:13:00,0,0.42393092503878915
14631,51.0,3.0,1006.98,335.66,38.0,248.0,0.0,2011-02-14 09:31:00,0,0.3919191858101895
14632,263.0,1.0,114.56,114.56,8.0,0.0,0.0,2011-03-22 08:49:00,0,0.4247613163971125
14633,266.0,1.0,344.90000000000003,344.90000000000003,20.0,0.0,0.0,2011-03-18 17:07:00,0,0.4052796272529932
14636,36.0,2.0,609.85,304.925,27.0,232.0,0.0,2011-03-16 09:52:00,0,0.39563620342881456
14638,51.0,1.0,443.6,443.6,16.0,0.0,0.0,2011-10-20 10:10:00,0,0.3891393355008126
14639,52.0,8.0,2952.34,369.0425,138.0,309.0,0.0171428571428571,2010-12-13 13:50:00,0,0.4248674262497358
14640,16.0,8.0,2042.15,255.26875,87.0,211.0,0.0619469026548672,2011-04-26 12:31:00,0,0.4217482721417322
14641,22.0,1.0,110.46,110.46,7.0,0.0,0.0,2011-11-18 10:42:00,0,0.42118675395120164
14642,59.0,1.0,96.12,96.12,2.0,0.0,0.0,2011-10-12 11:08:00,0,0.4527546069032663
14643,170.0,3.0,668.61,222.87,30.0,187.0,0.088235294117647,2010-12-16 17:53:00,0,0.4562002786277076
14644,9.0,4.0,780.46,195.115,26.0,289.0,0.1034482758620689,2011-02-14 14:14:00,0,0.44797775168615095
14645,157.0,2.0,597.09,298.545,28.0,118.0,0.0,2011-03-09 09:52:00,0,0.4073968647034266
14646,2.0,76.0,279489.02,3677.4871052631584,702.0,353.0,0.0024026910139356,2010-12-20 10:09:00,0,0.6547864704721187
14647,201.0,1.0,243.22,243.22,24.0,0.0,0.0,2011-05-22 13:40:00,0,0.39776015962212613
14649,5.0,4.0,1417.29,354.3225,148.0,207.0,0.0,2011-05-11 14:37:00,0,0.40921492835937157
14651,67.0,2.0,654.6,327.3,95.0,143.0,0.0,2011-05-12 16:29:00,0,0.4010223348221897
14652,77.0,1.0,114.18,114.18,29.0,0.0,0.0,2011-09-23 14:21:00,0,0.40526865534641277
14653,1.0,7.0,1947.55,278.2214285714286,154.0,337.0,0.0,2011-01-05 13:40:00,0,0.42485116712185844
14655,4.0,5.0,1930.15,386.03,35.0,218.0,0.02,2011-05-01 14:59:00,0,0.41572381937565356
14656,169.0,2.0,291.05,145.525,73.0,114.0,0.0,2011-03-01 13:19:00,0,0.43007934202841885
14657,18.0,5.0,838.27,167.654,103.0,308.0,0.0078740157480314,2011-01-17 15:19:00,0,0.4089788825056339
14658,5.0,2.0,247.15,123.575,27.0,111.0,0.0,2011-08-14 15:42:00,0,0.4051957522280059
14659,9.0,12.0,2456.53,204.7108333333333,147.0,306.0,0.0231660231660231,2011-01-28 12:43:00,0,0.4324958112036074
14660,87.0,2.0,285.74,142.87,24.0,14.0,0.0,2011-08-31 10:40:00,0,0.39397409569190583
14661,27.0,1.0,107.95,107.95,4.0,0.0,0.0,2011-11-13 11:51:00,0,0.4374497704192759
14662,29.0,4.0,771.17,192.7925,143.0,287.0,0.0,2011-01-27 17:41:00,0,0.40985304903976594
14664,20.0,2.0,637.89,318.945,78.0,13.0,0.0,2011-11-06 14:56:00,0,0.39862862222761486
14665,61.0,7.0,1258.38,179.76857142857145,63.0,250.0,0.2307692307692307,2011-02-02 09:08:00,0,0.502291545371184
14666,24.0,1.0,195.25,195.25,14.0,0.0,0.0,2011-11-15 12:57:00,0,0.3878016731289269
14667,11.0,27.0,9231.2,341.8962962962963,354.0,357.0,0.0052083333333333,2010-12-06 13:13:00,0,0.508230778094476
14669,242.0,3.0,1269.99,423.33,158.0,90.0,0.0,2011-01-11 12:30:00,0,0.48231447029384444
14670,280.0,2.0,411.53,205.765,107.0,0.0,0.0,2011-03-04 13:58:00,0,0.46268852091797197
14672,235.0,2.0,765.55,382.775,58.0,101.0,0.0,2011-01-07 15:48:00,0,0.4427590533030811
14673,3.0,5.0,1736.4,347.28000000000003,39.0,364.0,0.0,2010-12-07 12:49:00,0,0.43172356279498575
14675,16.0,1.0,604.75,604.75,93.0,0.0,0.0,2011-11-23 12:58:00,0,0.43106287660765513
14676,31.0,8.0,2543.24,317.90500000000003,30.0,269.0,0.0454545454545454,2011-02-11 13:38:00,0,0.426116496083555
14679,372.0,1.0,0.01,0.01,1.0,0.0,1.0,2010-12-03 10:07:00,0,0.7337303045241245
14680,25.0,23.0,26932.34,1170.9713043478262,83.0,346.0,0.19375,2010-12-03 12:05:00,0,0.6063397953108803
14681,71.0,3.0,498.95,166.31666666666666,6.0,140.0,0.0,2011-05-12 10:45:00,0,0.43157072184064954
14682,188.0,2.0,52.0,26.0,1.0,13.0,0.0,2011-05-22 12:51:00,0,0.5727669750001323
14684,26.0,5.0,1236.28,247.256,231.0,336.0,0.0,2010-12-12 12:44:00,0,0.4394683155744683
14687,107.0,1.0,628.38,628.38,15.0,0.0,0.0,2011-08-25 11:59:00,0,0.4099566499770396
14688,8.0,27.0,5107.38,189.16222222222223,148.0,366.0,0.0891364902506963,2010-12-01 09:37:00,0,0.5244394018091622
14689,209.0,1.0,112.8,112.8,13.0,0.0,0.0,2011-05-15 11:22:00,0,0.41408063068924345
14690,44.0,3.0,358.61,119.53666666666668,42.0,107.0,0.074074074074074,2011-07-11 11:44:00,0,0.42271070368447483
14691,31.0,5.0,2114.33,422.866,50.0,182.0,0.0,2011-05-11 09:55:00,0,0.40138547492239307
14692,137.0,5.0,582.05,116.41,53.0,185.0,0.0144927536231884,2011-01-21 13:47:00,0,0.4367001971297167
14693,265.0,1.0,172.9,172.9,8.0,0.0,0.0,2011-03-20 12:50:00,0,0.41061182554667824
14696,4.0,9.0,2070.97,230.10777777777776,117.0,368.0,0.0225563909774436,2010-12-01 15:37:00,0,0.44244615520431363
14697,218.0,2.0,188.61,94.305,22.0,0.0,0.0,2011-05-05 15:29:00,0,0.42676391048670026
14698,2.0,5.0,1250.76,250.152,148.0,49.0,0.0,2011-10-19 12:54:00,0,0.43226116549450166
14699,214.0,1.0,109.13,109.13,8.0,0.0,0.0,2011-05-09 14:54:00,0,0.4206775895730023
14700,32.0,3.0,2235.3,745.1,80.0,206.0,0.0,2011-04-15 13:16:00,0,0.4201094588767724
14701,11.0,12.0,2486.2200000000003,207.18500000000003,273.0,305.0,0.0428571428571428,2011-01-27 12:40:00,0,0.45736888499068357
14702,1.0,18.0,3250.64,180.5911111111111,196.0,364.0,0.0028735632183908,2010-12-09 19:23:00,0,0.47492167110802475
14703,15.0,1.0,318.17,318.17,22.0,0.0,0.0,2011-11-25 09:23:00,0,0.3875390585715986
14704,11.0,9.0,1546.91,171.8788888888889,288.0,168.0,0.0,2011-06-12 13:59:00,0,0.4524045594119802
14705,199.0,1.0,179.0,179.0,1.0,0.0,0.0,2011-05-25 12:39:00,0,0.46147706974589814
14708,3.0,4.0,1096.67,274.1675,25.0,365.0,0.0344827586206896,2010-12-06 12:23:00,0,0.4541432696849592
14709,15.0,14.0,4911.14,350.7957142857143,71.0,343.0,0.0050761421319796,2010-12-16 13:43:00,0,0.44185993505374876
14710,14.0,4.0,606.13,151.5325,124.0,45.0,0.0,2011-10-11 13:49:00,0,0.4199880410212512
14711,10.0,12.0,2838.2,236.51666666666665,221.0,252.0,0.0055710306406685,2011-03-22 13:32:00,0,0.44014543254649097
14712,29.0,3.0,917.07,305.69,21.0,82.0,0.0,2011-08-19 13:33:00,0,0.3905029994488176
14713,9.0,12.0,2664.26,222.02166666666665,146.0,355.0,0.0058651026392961,2010-12-09 18:58:00,0,0.4359012245182112
14714,24.0,1.0,160.19,160.19,10.0,0.0,0.0,2011-11-15 13:07:00,0,0.39745986967234614
14715,25.0,4.0,867.38,216.845,60.0,306.0,0.0,2011-01-12 13:27:00,0,0.39599017213615695
14716,43.0,2.0,329.68,164.84,46.0,105.0,0.0,2011-07-14 12:42:00,0,0.389929539092479
14719,2.0,6.0,1592.18,265.36333333333334,177.0,247.0,0.0042016806722689,2011-04-04 14:17:00,0,0.42190599393336947
14720,6.0,3.0,663.81,221.27,34.0,120.0,0.0,2011-08-05 12:06:00,0,0.3928290142843248
14722,147.0,1.0,187.92,187.92,28.0,0.0,0.0,2011-07-15 14:58:00,0,0.39418595939864065
14723,10.0,6.0,1158.3,193.05,193.0,361.0,0.0,2010-12-03 14:18:00,0,0.4429840555194103
14725,25.0,1.0,718.08,718.08,45.0,0.0,0.0,2011-11-15 12:42:00,0,0.42017892645758254
14727,274.0,1.0,268.58,268.58,10.0,0.0,0.0,2011-03-10 14:45:00,0,0.4083873857938089
14729,374.0,1.0,313.49,313.49,69.0,0.0,0.0,2010-12-01 12:43:00,0,0.4903921336335226
14730,1.0,8.0,2005.06,250.6325,317.0,275.0,0.0,2011-03-08 12:49:00,0,0.44930844179889495
14731,47.0,3.0,380.02,126.67333333333332,38.0,165.0,0.0,2011-05-11 13:06:00,0,0.39524074571375645
14732,8.0,10.0,2686.34,268.634,105.0,330.0,0.0134228187919463,2011-01-04 14:40:00,0,0.4141924119523503
14733,9.0,15.0,9451.54,630.1026666666668,102.0,358.0,0.0648148148148148,2010-12-07 11:30:00,0,0.4859642902871736
14735,4.0,34.0,5807.6900000000005,170.8144117647059,99.0,354.0,0.0536585365853658,2010-12-16 16:05:00,0,0.5039769503023778
14737,4.0,3.0,1164.55,388.1833333333333,15.0,349.0,0.0,2010-12-21 13:49:00,0,0.44911493143416353
14738,39.0,9.0,1289.94,143.32666666666668,39.0,276.0,0.0357142857142857,2011-01-27 14:10:00,0,0.4287359927986672
14739,2.0,8.0,3899.1,487.3875,47.0,364.0,0.0163934426229508,2010-12-07 14:58:00,0,0.45116730011629835
14740,191.0,4.0,1423.21,355.8025,85.0,92.0,0.043010752688172,2011-03-01 08:35:00,0,0.4697010938619541
14741,12.0,6.0,1400.34,233.39,35.0,361.0,0.0,2010-12-02 08:43:00,0,0.4270254706406506
14744,16.0,9.0,1088.53,120.94777777777776,21.0,350.0,0.0714285714285714,2010-12-08 10:21:00,0,0.47695602390860214
14745,113.0,6.0,1167.16,194.52666666666667,46.0,172.0,0.0142857142857142,2011-02-27 15:25:00,0,0.42296794097379214
14747,248.0,2.0,294.3,147.15,18.0,1.0,0.0526315789473684,2011-04-04 14:09:00,0,0.4379350325843686
14748,29.0,6.0,1311.79,218.63166666666663,90.0,339.0,0.0326086956521739,2010-12-06 10:19:00,0,0.4215591674879122
14752,44.0,1.0,389.64,389.64,5.0,0.0,0.0,2011-10-27 11:55:00,0,0.41676537384436546
14753,87.0,1.0,563.15,563.15,30.0,0.0,0.0,2011-09-13 14:50:00,0,0.39692472209693264
14754,45.0,2.0,638.05,319.025,38.0,250.0,0.0,2011-02-17 12:21:00,0,0.39343647155828665
14755,10.0,12.0,4965.38,413.7816666666667,128.0,324.0,0.0084388185654008,2011-01-09 14:02:00,0,0.4339133930016022
14756,15.0,1.0,738.96,738.96,38.0,0.0,0.0,2011-11-24 18:13:00,0,0.42131562813762286
14757,75.0,1.0,420.5,420.5,19.0,0.0,0.0,2011-09-25 14:36:00,0,0.3864267460301975
14758,145.0,4.0,1484.06,371.015,54.0,114.0,0.0,2011-03-25 12:10:00,0,0.421627688473522
14759,5.0,3.0,1625.97,541.99,92.0,228.0,0.0,2011-04-21 10:55:00,0,0.4159766590702012
14760,294.0,2.0,53.8,26.9,5.0,2.0,0.2857142857142857,2011-02-15 16:27:00,0,0.6171214759412046
14761,59.0,2.0,255.9,127.95,11.0,276.0,0.0,2011-01-09 12:03:00,0,0.4329241500511725
14762,264.0,1.0,300.52,300.52,21.0,0.0,0.0,2011-03-21 08:20:00,0,0.40340161942947456
14764,44.0,2.0,250.55,125.275,6.0,2.0,0.1428571428571428,2011-10-24 11:54:00,0,0.4756525431746653
14765,29.0,3.0,254.11,84.70333333333333,38.0,147.0,0.0,2011-06-16 19:49:00,0,0.4197669840568699
14766,8.0,8.0,2423.07,302.88375,111.0,364.0,0.0145985401459854,2010-12-02 10:46:00,0,0.4268972896914727
14768,17.0,3.0,139.5,46.5,4.0,109.0,0.1666666666666666,2011-08-04 13:25:00,0,0.5400914446112497
14769,3.0,10.0,10641.6,1064.16,718.0,354.0,0.0036563071297989,2010-12-17 11:40:00,0,0.5447166024650649
14770,232.0,2.0,876.42,438.21,49.0,90.0,0.0,2011-01-20 15:00:00,0,0.44320571244181706
14772,112.0,1.0,139.26,139.26,9.0,0.0,0.0,2011-08-19 15:04:00,0,0.3978015629302159
14775,58.0,3.0,1011.9,337.3,57.0,313.0,0.0,2010-12-02 16:38:00,0,0.40840440545010426
14776,51.0,13.0,2195.58,168.89076923076922,44.0,261.0,0.126865671641791,2011-01-31 13:17:00,0,0.4874946783735474
14777,4.0,2.0,0.01,0.01,2.0,353.0,1.0,2010-12-16 15:27:00,0,0.7407053003134974
14778,127.0,2.0,730.86,365.43,34.0,181.0,0.0,2011-02-04 11:43:00,0,0.41171118498404935
14779,281.0,3.0,386.15,128.71666666666667,40.0,43.0,0.0,2011-01-20 12:04:00,0,0.45477601339622026
14780,55.0,2.0,447.68,223.84,26.0,24.0,0.0,2011-09-21 15:15:00,0,0.3861119739936284
14782,320.0,1.0,200.1,200.1,6.0,0.0,0.0,2011-01-24 11:12:00,0,0.43992492089112273
14784,26.0,2.0,289.99,144.995,15.0,297.0,0.0,2011-01-20 09:25:00,0,0.42416349280073307
14785,10.0,2.0,77.4,38.7,2.0,4.0,0.0,2011-11-24 13:40:00,0,0.5200004245698345
14788,7.0,2.0,679.4399999999999,339.72,26.0,19.0,0.0,2011-11-13 15:52:00,0,0.39068364628630514
14789,29.0,1.0,197.64,197.64,6.0,0.0,0.0,2011-11-11 08:59:00,0,0.4076367351879174
14790,17.0,4.0,745.06,186.265,30.0,236.0,0.0,2011-03-31 11:49:00,0,0.3933339713535917
14792,64.0,2.0,0.01,0.01,2.0,0.0,0.5,2011-10-06 18:34:00,0,0.7022219666211063
14793,4.0,2.0,214.14,107.07,14.0,17.0,0.0666666666666666,2011-11-18 14:50:00,0,0.4452651136356394
14794,3.0,9.0,1272.11,141.3455555555555,68.0,331.0,0.024390243902439,2011-01-09 16:11:00,0,0.43179771288761076
14795,166.0,1.0,131.45000000000002,131.45000000000002,6.0,0.0,0.0,2011-06-26 13:04:00,0,0.41400492038065007
14796,1.0,27.0,7839.51,290.3522222222222,403.0,365.0,0.0206008583690987,2010-12-08 09:55:00,0,0.5207376172315591
14798,53.0,3.0,173.74,57.91333333333333,11.0,257.0,0.0,2011-02-02 15:26:00,0,0.46528943644069753
14799,51.0,1.0,157.7,157.7,13.0,0.0,0.0,2011-10-19 16:16:00,0,0.38714847529280866
14800,48.0,16.0,4236.34,264.77125,248.0,322.0,0.0178571428571428,2010-12-05 11:10:00,0,0.4701281749313884
14801,61.0,1.0,193.14,193.14,56.0,0.0,0.0,2011-10-09 15:24:00,0,0.402679758963212
14803,162.0,3.0,845.55,281.85,35.0,130.0,0.0,2011-02-20 13:21:00,0,0.4178300024376529
14804,9.0,1.0,353.27,353.27,12.0,0.0,0.0,2011-12-01 11:20:00,0,0.4003229068250522
14805,15.0,4.0,554.65,138.6625,30.0,298.0,0.0,2011-01-30 10:43:00,0,0.41303606445982916
14806,75.0,1.0,193.39,193.39,11.0,0.0,0.0,2011-09-25 15:32:00,0,0.3866046383535609
14808,40.0,15.0,2175.37,145.02466666666666,179.0,132.0,0.08203125,2011-06-20 12:53:00,0,0.5028931730103656
14810,41.0,11.0,2087.88,189.80727272727276,106.0,328.0,0.0,2010-12-05 12:08:00,0,0.4295908605957494
14813,370.0,2.0,155.43,77.715,25.0,0.0,0.0,2010-12-05 11:54:00,0,0.500390091979548
14815,37.0,2.0,778.5,389.25,53.0,31.0,0.0,2011-10-03 11:36:00,0,0.39432183657535985
14816,197.0,1.0,271.85,271.85,4.0,0.0,0.0,2011-05-26 13:16:00,0,0.42776666389278606
14817,200.0,2.0,1110.34,555.17,52.0,76.0,0.0,2011-03-07 13:51:00,0,0.4430342698757633
14818,74.0,3.0,657.8,219.26666666666665,41.0,179.0,0.0,2011-03-31 12:28:00,0,0.3882185177547411
14819,64.0,2.0,272.07,136.035,13.0,127.0,0.0,2011-05-31 13:50:00,0,0.40158069589850715
14820,21.0,4.0,507.29,126.8225,24.0,152.0,0.0,2011-06-19 14:56:00,0,0.40130137028850127
14821,367.0,1.0,48.8,48.8,2.0,0.0,0.0,2010-12-08 08:43:00,0,0.564707860686422
14823,180.0,3.0,321.43,107.14333333333332,56.0,14.0,0.0,2011-05-29 12:48:00,0,0.4349549521830597
14824,10.0,4.0,1127.71,281.9275,19.0,81.0,0.0,2011-09-09 14:12:00,0,0.40666072797148967
14825,4.0,12.0,2226.91,185.5758333333333,82.0,364.0,0.0,2010-12-06 12:30:00,0,0.4402554626379651
14828,197.0,3.0,2139.76,713.2533333333334,17.0,140.0,0.0,2011-01-07 09:50:00,0,0.4662730887211515
14829,29.0,6.0,644.65,107.44166666666666,40.0,343.0,0.0666666666666666,2010-12-02 16:12:00,0,0.4624966357702299
14830,53.0,1.0,197.13,197.13,39.0,0.0,0.0,2011-10-17 14:29:00,0,0.38936296974871387
14834,18.0,8.0,1698.35,212.29375,43.0,222.0,0.0428571428571428,2011-04-13 15:00:00,0,0.4098045721939604
14836,10.0,3.0,102.45,34.15,5.0,20.0,0.0,2011-11-09 13:26:00,0,0.5111002682241532
14837,90.0,5.0,1641.2,328.24,96.0,111.0,0.0181818181818181,2011-05-22 12:49:00,0,0.43113902092894174
14840,268.0,1.0,62.85,62.85,4.0,0.0,0.0,2011-03-17 12:00:00,0,0.4847671249185729
14841,53.0,6.0,3295.76,549.2933333333334,103.0,305.0,0.0,2010-12-16 10:28:00,0,0.4306208441545704
14842,35.0,8.0,2456.8,307.1,128.0,272.0,0.0822784810126582,2011-02-04 15:32:00,0,0.4417660049294284
14844,64.0,4.0,3189.81,797.4525,87.0,177.0,0.0,2011-04-12 13:10:00,0,0.4319683479363853
14847,149.0,1.0,309.4,309.4,13.0,0.0,0.0,2011-07-14 10:52:00,0,0.3898550072543926
14849,22.0,28.0,7904.28,282.29571428571427,159.0,351.0,0.010204081632653,2010-12-01 12:22:00,0,0.48631314904841744
14850,312.0,2.0,278.15,139.075,22.0,56.0,0.0454545454545454,2010-12-07 08:42:00,0,0.47922885251057595
14851,23.0,2.0,511.35,255.675,28.0,232.0,0.0,2011-03-28 14:59:00,0,0.3941470466255617
14852,58.0,6.0,2836.69,472.7816666666667,96.0,193.0,0.0,2011-04-01 13:22:00,0,0.4105757730390596
14853,9.0,3.0,463.05,154.35,8.0,202.0,0.1,2011-05-12 15:17:00,0,0.4630391021833315
14854,78.0,8.0,2749.89,343.73625,110.0,196.0,0.0305343511450381,2011-03-10 12:22:00,0,0.43488889805498915
14855,119.0,2.0,645.65,322.825,13.0,15.0,0.0,2011-07-28 12:06:00,0,0.40184884803266857
14856,36.0,3.0,1311.38,437.1266666666666,65.0,20.0,0.0,2011-10-14 09:35:00,0,0.40668774664451873
14857,60.0,3.0,1165.65,388.55,58.0,88.0,0.0163934426229508,2011-07-14 15:03:00,0,0.4080065283257218
14859,13.0,5.0,1352.04,270.408,47.0,191.0,0.0169491525423728,2011-05-19 14:42:00,0,0.3992693881610581
14860,9.0,2.0,168.62,84.31,11.0,10.0,0.0833333333333333,2011-11-20 14:17:00,0,0.45586241071012834
14861,52.0,1.0,125.79,125.79,6.0,0.0,0.0,2011-10-18 12:54:00,0,0.40991600133411593
14862,26.0,2.0,841.1999999999999,420.6,47.0,122.0,0.0,2011-07-14 11:20:00,0,0.3939449148519826
14863,29.0,1.0,266.76,266.76,11.0,0.0,0.0,2011-11-10 15:04:00,0,0.39308658883099373
14865,7.0,2.0,52.2,26.1,4.0,364.0,0.0,2010-12-02 18:23:00,0,0.5896126268685317
14866,11.0,13.0,14197.45,1092.1115384615384,30.0,355.0,0.0388349514563106,2010-12-08 14:58:00,0,0.5245503995241592
14867,186.0,4.0,701.33,175.3325,32.0,182.0,0.027027027027027,2010-12-06 11:47:00,0,0.4451317492902987
14868,3.0,9.0,2939.64,326.62666666666667,96.0,230.0,0.0204081632653061,2011-04-20 13:36:00,0,0.4171896774276266
14869,4.0,3.0,721.95,240.65,66.0,99.0,0.0138888888888888,2011-08-28 16:09:00,0,0.4052585394159176
14870,262.0,1.0,327.25,327.25,13.0,0.0,0.0,2011-03-23 10:51:00,0,0.40697981614474665
14871,3.0,4.0,522.38,130.595,68.0,357.0,0.0,2010-12-14 12:18:00,0,0.44453860139551044
14873,210.0,1.0,519.68,519.68,28.0,0.0,0.0,2011-05-13 13:52:00,0,0.41528698286051285
14875,9.0,5.0,1448.72,289.744,47.0,253.0,0.06,2011-03-22 11:53:00,0,0.4183200670685247
14878,13.0,9.0,1485.54,165.06,62.0,345.0,0.0,2010-12-16 12:11:00,0,0.42580553225881906
14880,77.0,3.0,706.19,235.39666666666668,45.0,211.0,0.0,2011-02-24 12:27:00,0,0.39349235196483795
14881,20.0,1.0,255.4,255.4,17.0,0.0,0.0,2011-11-20 11:06:00,0,0.38422148180278703
14882,27.0,2.0,589.7,294.85,6.0,7.0,0.0,2011-11-06 10:15:00,0,0.421379886299131
14883,19.0,7.0,756.64,108.09142857142857,39.0,193.0,0.0185185185185185,2011-05-12 09:49:00,0,0.4201407725354472
14885,132.0,1.0,765.3199999999999,765.3199999999999,15.0,0.0,0.0,2011-07-31 12:05:00,0,0.42427937304066227
14886,253.0,1.0,364.8,364.8,18.0,0.0,0.0,2011-04-01 08:56:00,0,0.40722206431971997
14887,79.0,1.0,1862.0,1862.0,6.0,0.0,0.0,2011-09-21 15:32:00,0,0.48891225164772983
14888,207.0,1.0,369.2,369.2,20.0,0.0,0.0,2011-05-16 14:58:00,0,0.4010310005879313
14889,336.0,1.0,135.9,135.9,10.0,0.0,0.0,2011-01-07 15:19:00,0,0.44284128173963394
14890,254.0,1.0,125.65,125.65,7.0,0.0,0.0,2011-03-31 11:57:00,0,0.42326987028293894
14891,148.0,2.0,554.38,277.19,30.0,39.0,0.0,2011-06-05 10:58:00,0,0.40187917945121704
14893,10.0,2.0,1237.85,618.9250000000001,72.0,2.0,0.0,2011-11-28 10:49:00,0,0.4314624040062948
14894,85.0,1.0,655.75,655.75,23.0,0.0,0.0,2011-09-15 13:51:00,0,0.4050248250352071
14895,8.0,24.0,11020.26,459.1775,275.0,314.0,0.0158102766798418,2011-01-21 09:26:00,0,0.5128967447332983
14896,205.0,2.0,468.77,234.385,43.0,160.0,0.0,2010-12-09 12:24:00,0,0.43268550753712354
14897,8.0,4.0,1366.38,341.595,43.0,289.0,0.0,2011-02-16 08:37:00,0,0.4005059470942198
14898,23.0,8.0,1228.32,153.54,87.0,347.0,0.0252100840336134,2010-12-03 15:25:00,0,0.42894582701111894
14901,11.0,10.0,1414.99,141.499,73.0,361.0,0.0204081632653061,2010-12-02 11:20:00,0,0.4386857188603524
14902,21.0,2.0,314.11,157.055,20.0,4.0,0.1666666666666666,2011-11-14 10:34:00,0,0.46562688882436204
14903,21.0,10.0,2744.48,274.448,227.0,257.0,0.0247252747252747,2011-03-06 11:50:00,0,0.4342123629831782
14904,2.0,2.0,1025.44,512.72,66.0,23.0,0.0,2011-11-14 09:13:00,0,0.4193454220745009
14905,154.0,3.0,599.9,199.96666666666667,14.0,79.0,0.0555555555555555,2011-04-20 10:48:00,0,0.4382634667415751
14907,3.0,10.0,3478.85,347.885,125.0,364.0,0.0178571428571428,2010-12-07 10:14:00,0,0.43697026298746056
14908,74.0,1.0,277.8,277.8,9.0,0.0,0.0,2011-09-26 12:56:00,0,0.3895146323355987
14910,3.0,7.0,389.86,55.69428571428572,25.0,51.0,0.1428571428571428,2011-10-16 11:06:00,0,0.5137945479028121
14911,1.0,248.0,132572.62,534.5670161290323,1794.0,372.0,0.0382985934587358,2010-12-01 14:05:00,0,0.6653925666759645
14912,17.0,3.0,841.52,280.50666666666666,22.0,230.0,0.0357142857142857,2011-04-07 11:06:00,0,0.40781840125660573
14913,36.0,4.0,1227.43,306.8575,76.0,323.0,0.0,2010-12-15 14:35:00,0,0.4015927123105947
14915,86.0,3.0,258.83,86.27666666666666,12.0,192.0,0.0769230769230769,2011-03-07 09:39:00,0,0.4631209970039751
14916,71.0,5.0,1264.84,252.968,72.0,253.0,0.0253164556962025,2011-01-19 15:30:00,0,0.40580463557432894
14918,116.0,2.0,1610.15,805.075,39.0,38.0,0.0,2011-07-08 12:50:00,0,0.4369494539088411
14920,213.0,2.0,977.77,488.885,57.0,0.0,0.0,2011-05-11 10:31:00,0,0.4383252789851221
14921,30.0,2.0,1316.07,658.035,78.0,171.0,0.0,2011-05-22 12:51:00,0,0.41318637994375507
14923,51.0,1.0,749.1,749.1,44.0,0.0,0.0,2011-10-20 11:51:00,0,0.41680409126111767
14924,246.0,1.0,310.05,310.05,10.0,0.0,0.0,2011-04-08 09:25:00,0,0.4067747022445294
14929,32.0,1.0,223.88,223.88,11.0,0.0,0.0,2011-11-07 17:21:00,0,0.39239057747038597
14930,109.0,3.0,2372.86,790.9533333333334,116.0,165.0,0.0,2011-03-10 14:42:00,0,0.45153584028224614
14931,5.0,6.0,964.68,160.78,30.0,236.0,0.0238095238095238,2011-04-13 09:32:00,0,0.4175157541230265
14932,366.0,1.0,363.53,363.53,17.0,0.0,0.0,2010-12-09 11:48:00,0,0.45689028991436986
14934,73.0,3.0,1888.84,629.6133333333333,68.0,209.0,0.0113636363636363,2011-03-02 11:48:00,0,0.41982031321609053
14935,297.0,1.0,1784.71,1784.71,10.0,0.0,0.0,2011-02-15 14:44:00,0,0.5061729411048708
14936,9.0,9.0,8117.42,901.9355555555557,210.0,266.0,0.0054644808743169,2011-03-09 11:53:00,0,0.47211516068446335
14937,57.0,4.0,1617.63,404.4075,33.0,73.0,0.0285714285714285,2011-08-01 14:16:00,0,0.4219131446872998
14944,30.0,14.0,5842.95,417.3535714285714,101.0,322.0,0.0116279069767441,2010-12-22 13:13:00,0,0.44581569408498817
14946,14.0,1.0,100.9,100.9,3.0,0.0,0.0,2011-11-25 13:33:00,0,0.45514779232877545
14947,72.0,2.0,290.82,145.41,14.0,58.0,0.0,2011-08-01 09:31:00,0,0.39911032784657946
14948,23.0,7.0,1066.57,152.36714285714285,56.0,196.0,0.015625,2011-05-04 14:52:00,0,0.4020136335196838
14950,9.0,2.0,361.25,180.625,19.0,10.0,0.05,2011-11-20 13:48:00,0,0.41725804730455895
14951,79.0,1.0,311.69,311.69,20.0,0.0,0.0,2011-09-21 15:15:00,0,0.378931906587232
14952,46.0,15.0,7912.79,527.5193333333333,119.0,320.0,0.0738255033557047,2010-12-08 11:33:00,0,0.4983100752266546
14953,25.0,1.0,289.82,289.82,54.0,0.0,0.0,2011-11-14 14:59:00,0,0.3990014315654408
14954,12.0,1.0,336.17,336.17,75.0,0.0,0.0,2011-11-27 14:30:00,0,0.4091494880700795
14957,253.0,1.0,58.49,58.49,12.0,0.0,0.0,2011-03-31 17:59:00,0,0.4740215475685412
14958,147.0,3.0,499.68,166.56,33.0,98.0,0.0,2011-04-08 11:28:00,0,0.4112371259366089
14959,59.0,5.0,684.97,136.994,37.0,237.0,0.0327868852459016,2011-02-16 13:00:00,0,0.4159331641507224
14960,8.0,2.0,221.27,110.635,23.0,162.0,0.0,2011-06-21 13:38:00,0,0.41486876638671916
14961,11.0,12.0,7006.58,583.8816666666667,193.0,349.0,0.0157728706624605,2010-12-14 11:38:00,0,0.4624540353045805
14962,271.0,1.0,126.7,126.7,5.0,0.0,0.0,2011-03-14 09:42:00,0,0.43416394873832576
14963,10.0,5.0,1487.8,297.56,149.0,173.0,0.0,2011-06-09 12:30:00,0,0.40769005388762064
14964,247.0,1.0,206.21,206.21,13.0,0.0,0.0,2011-04-06 14:13:00,0,0.40236546552572106
14965,96.0,2.0,599.0,299.5,80.0,0.0,0.0,2011-09-04 13:15:00,0,0.40688078601751804
14966,15.0,1.0,191.32,191.32,35.0,0.0,0.0,2011-11-25 12:20:00,0,0.39369865872377463
14967,50.0,1.0,463.8,463.8,6.0,0.0,0.0,2011-10-21 11:06:00,0,0.4171986208818514
14968,30.0,1.0,147.59,147.59,37.0,0.0,0.0,2011-11-09 13:58:00,0,0.3983367925525272
14970,68.0,4.0,1592.06,398.015,24.0,248.0,0.0,2011-01-27 12:23:00,0,0.40558925795657286
14971,35.0,3.0,1116.57,372.19,144.0,8.0,0.0,2011-10-27 13:33:00,0,0.422833487077586
14972,128.0,1.0,114.77,114.77,18.0,0.0,0.0,2011-08-03 14:54:00,0,0.40222269474718503
14973,107.0,3.0,1314.45,438.15,29.0,118.0,0.0,2011-04-28 12:22:00,0,0.4068314750560763
14974,37.0,1.0,114.39,114.39,17.0,0.0,0.0,2011-11-02 13:01:00,0,0.40271326344622493
14975,57.0,1.0,279.94,279.94,11.0,0.0,0.0,2011-10-13 14:08:00,0,0.3862378183848917
14976,57.0,8.0,765.86,95.7325,47.0,269.0,0.0136986301369863,2011-01-17 11:09:00,0,0.43571757949596457
14978,72.0,5.0,1931.42,386.284,136.0,258.0,0.0,2011-01-13 12:03:00,0,0.41266750852090495
14981,246.0,1.0,102.12,102.12,8.0,0.0,0.0,2011-04-07 13:45:00,0,0.42880075668394974
14984,19.0,2.0,213.27,106.635,37.0,161.0,0.0,2011-06-12 11:04:00,0,0.41364119771473384
14985,198.0,2.0,296.75,148.375,78.0,159.0,0.0,2010-12-16 19:51:00,0,0.4450138204608623
14987,16.0,2.0,326.4,163.2,2.0,349.0,0.0,2010-12-09 12:13:00,0,0.5095843307761002
14988,212.0,1.0,334.54,334.54,40.0,0.0,0.0,2011-05-12 12:05:00,0,0.4063529859979607
14995,39.0,2.0,233.23,116.615,53.0,241.0,0.0,2011-03-04 13:14:00,0,0.4192798611839624
14997,46.0,4.0,540.98,135.245,25.0,131.0,0.037037037037037,2011-06-14 16:52:00,0,0.4093836168458905
14998,170.0,2.0,429.87,214.935,70.0,71.0,0.0,2011-04-12 16:28:00,0,0.41993409459236114
15000,48.0,1.0,490.52,490.52,76.0,0.0,0.0,2011-10-23 11:42:00,0,0.41393108568685155
15002,116.0,4.0,1641.76,410.44,93.0,251.0,0.0,2010-12-07 13:16:00,0,0.42840834664560307
15004,147.0,1.0,1246.32,1246.32,154.0,0.0,0.0,2011-07-15 14:05:00,0,0.4885875384232999
15005,16.0,35.0,6180.49,176.58542857142857,368.0,350.0,0.0353448275862069,2010-12-08 14:36:00,0,0.5305579669955107
15006,51.0,1.0,502.09,502.09,121.0,0.0,0.0,2011-10-19 15:08:00,0,0.42845263581320037
15007,159.0,1.0,156.91,156.91,12.0,0.0,0.0,2011-07-03 16:00:00,0,0.3934360882245017
15009,12.0,3.0,1261.78,420.5933333333333,148.0,12.0,0.0,2011-11-14 17:40:00,0,0.4297537949181688
15010,36.0,1.0,308.94,308.94,20.0,0.0,0.0,2011-11-04 12:42:00,0,0.3833464026417329
15012,54.0,2.0,423.04,211.52,110.0,319.0,0.0,2010-12-01 12:49:00,0,0.436428645995883
15014,43.0,2.0,260.17,130.085,29.0,133.0,0.0,2011-06-16 19:40:00,0,0.3952406388243315
15016,173.0,1.0,170.04,170.04,20.0,0.0,0.0,2011-06-20 12:06:00,0,0.39445604505301934
15017,34.0,1.0,125.58,125.58,20.0,0.0,0.0,2011-11-06 10:33:00,0,0.3989011441341638
15018,39.0,4.0,456.26,114.065,30.0,329.0,0.03125,2010-12-07 10:47:00,0,0.44849081953804626
15019,267.0,1.0,266.0,266.0,64.0,0.0,0.0,2011-03-18 12:35:00,0,0.43564825007638014
15021,9.0,13.0,1872.28,144.02153846153846,287.0,359.0,0.0146137787056367,2010-12-07 08:57:00,0,0.4751928744506903
15022,12.0,4.0,905.04,226.26,96.0,35.0,0.0,2011-10-23 15:47:00,0,0.4080593451777067
15023,3.0,12.0,6763.16,563.5966666666667,347.0,366.0,0.0017761989342806,2010-12-05 13:49:00,0,0.49792735727563164
15024,10.0,10.0,1661.33,166.13299999999998,105.0,357.0,0.0,2010-12-07 13:20:00,0,0.4315165064599708
15025,33.0,1.0,377.01,377.01,66.0,0.0,0.0,2011-11-06 15:20:00,0,0.4020226264179132
15026,80.0,3.0,469.0,156.33333333333334,57.0,197.0,0.0,2011-03-07 13:45:00,0,0.40077441509752326
15027,31.0,6.0,1051.95,175.32500000000002,30.0,207.0,0.054054054054054,2011-04-15 14:14:00,0,0.4159342865386414
15028,8.0,4.0,627.13,156.7825,35.0,360.0,0.0,2010-12-06 12:47:00,0,0.43749120551708165
15030,72.0,2.0,518.28,259.14,7.0,196.0,0.0,2011-03-16 15:34:00,0,0.42718190293920766
15031,4.0,4.0,668.14,167.035,74.0,277.0,0.0,2011-03-02 14:46:00,0,0.40375263534039546
15032,256.0,5.0,4464.1,892.82,29.0,110.0,0.0545454545454545,2010-12-08 12:57:00,0,0.5446899285443599
15033,5.0,11.0,2571.02,233.7290909090909,315.0,324.0,0.0058479532163742,2011-01-14 13:28:00,0,0.4542115343248239
15034,16.0,11.0,4277.66,388.8781818181818,299.0,338.0,0.015,2010-12-21 09:47:00,0,0.4523840564740762
15035,90.0,1.0,252.73,252.73,26.0,0.0,0.0,2011-09-11 11:08:00,0,0.3811967561105416
15036,72.0,3.0,465.55,155.18333333333334,107.0,107.0,0.0,2011-06-13 12:19:00,0,0.4111269572748496
15038,43.0,7.0,665.59,95.08428571428573,105.0,326.0,0.0225563909774436,2010-12-05 10:54:00,0,0.45654290342653814
15039,10.0,52.0,19786.44,380.5084615384615,408.0,359.0,0.0039787798408488,2010-12-06 11:26:00,0,0.5652236392518071
15041,170.0,1.0,180.35,180.35,66.0,0.0,0.0,2011-06-22 16:16:00,0,0.42325601163521803
15042,199.0,1.0,135.93,135.93,5.0,0.0,0.0,2011-05-24 16:25:00,0,0.42170697335423374
15043,31.0,1.0,537.0,537.0,3.0,0.0,0.0,2011-11-08 14:26:00,0,0.45609079300466837
15044,19.0,22.0,7629.38,346.79,233.0,342.0,0.0173535791757049,2010-12-12 14:27:00,0,0.481518167183666
15045,152.0,3.0,633.66,211.22,11.0,105.0,0.0769230769230769,2011-03-27 11:44:00,0,0.4584201601476615
15046,9.0,16.0,5064.01,316.500625,147.0,329.0,0.0048309178743961,2011-01-05 15:30:00,0,0.4425227101424732
15047,270.0,1.0,343.62,343.62,22.0,0.0,0.0,2011-03-15 10:49:00,0,0.4040776777764913
15048,65.0,5.0,380.57,76.114,86.0,303.0,0.010204081632653,2010-12-06 12:15:00,0,0.46664721106811474
15049,274.0,1.0,121.17000000000002,121.17000000000002,3.0,0.0,0.0,2011-03-11 12:13:00,0,0.4483261801003408
15050,25.0,5.0,1727.17,345.434,68.0,46.0,0.025,2011-09-29 13:22:00,0,0.42197371008067697
15051,23.0,3.0,1391.61,463.87,130.0,127.0,0.0,2011-07-12 15:29:00,0,0.4118439829271652
15052,319.0,1.0,215.78,215.78,27.0,0.0,0.0,2011-01-24 15:52:00,0,0.42934500526029334
15053,5.0,3.0,697.79,232.59666666666664,49.0,277.0,0.0,2011-03-03 12:06:00,0,0.40452278385731033
15054,12.0,2.0,302.1,151.05,105.0,28.0,0.0,2011-10-30 14:33:00,0,0.41829499881133886
15057,275.0,2.0,1489.5,744.75,25.0,40.0,0.0,2011-01-28 09:09:00,0,0.47328116062481707
15058,25.0,11.0,2124.99,193.18090909090915,199.0,286.0,0.0,2011-01-31 15:35:00,0,0.43391268880320427
15059,41.0,11.0,1325.82,120.5290909090909,161.0,293.0,0.00836820083682,2011-01-09 11:54:00,0,0.45299201120352933
15060,8.0,4.0,303.09,75.7725,81.0,0.0,0.0,2011-11-30 14:03:00,0,0.4575374683315411
15061,4.0,55.0,54228.74,985.9770909090907,71.0,368.0,0.0170731707317073,2010-12-02 15:19:00,0,0.5870719034235123
15062,71.0,4.0,987.86,246.965,47.0,288.0,0.0,2010-12-15 15:37:00,0,0.40232916620285114
15063,213.0,1.0,370.8,370.8,5.0,0.0,0.0,2011-05-10 13:25:00,0,0.4266746658169611
15065,38.0,6.0,3135.98,522.6633333333333,148.0,253.0,0.0189873417721519,2011-02-21 12:54:00,0,0.4279716253331961
15066,32.0,2.0,760.59,380.295,42.0,21.0,0.2075471698113207,2011-10-17 13:25:00,0,0.4919899075617699
15067,78.0,3.0,1744.76,581.5866666666667,82.0,204.0,0.0,2011-03-02 12:10:00,0,0.41164835499056734
15068,46.0,2.0,553.36,276.68,96.0,210.0,0.0,2011-03-28 14:27:00,0,0.4050620751607849
15069,179.0,1.0,1109.53,1109.53,70.0,0.0,0.0,2011-06-13 14:16:00,0,0.4687048260729312
15070,373.0,1.0,106.2,106.2,1.0,0.0,0.0,2010-12-02 11:23:00,0,0.5319694922491387
15071,94.0,2.0,982.07,491.035,25.0,182.0,0.0,2011-03-09 10:19:00,0,0.4068027414767564
15073,10.0,4.0,612.43,153.1075,31.0,177.0,0.2894736842105263,2011-06-06 09:59:00,0,0.5069516360025108
15074,105.0,1.0,748.87,748.87,41.0,0.0,0.0,2011-08-26 14:45:00,0,0.4188403504009095
15075,78.0,1.0,773.03,773.03,27.0,0.0,0.0,2011-09-23 12:27:00,0,0.4157156924496301
15076,173.0,1.0,880.85,880.85,49.0,0.0,0.0,2011-06-20 08:23:00,0,0.4453875598663238
15078,7.0,38.0,9623.35,253.24605263157892,98.0,361.0,0.024390243902439,2010-12-06 12:38:00,0,0.5061307745199871
15079,213.0,5.0,893.66,178.732,47.0,153.0,0.0208333333333333,2010-12-09 09:25:00,0,0.45624495879354593
15081,22.0,6.0,487.35,81.22500000000001,26.0,345.0,0.0571428571428571,2010-12-07 16:20:00,0,0.48066850975386327
15083,257.0,1.0,88.2,88.2,5.0,0.0,0.0,2011-03-28 12:18:00,0,0.45720820015906904
15087,282.0,1.0,306.94,306.94,15.0,0.0,0.0,2011-03-03 10:34:00,0,0.40773859607543506
15088,21.0,3.0,1140.27,380.09,53.0,45.0,0.05,2011-10-03 14:05:00,0,0.4247151928506012
15089,10.0,6.0,2420.84,403.47333333333336,139.0,118.0,0.0,2011-08-03 14:14:00,0,0.4241674349216027
15090,308.0,1.0,381.32,381.32,23.0,0.0,0.0,2011-02-04 14:03:00,0,0.4194993150791598
15091,54.0,2.0,476.96,238.48,30.0,13.0,0.032258064516129,2011-10-03 12:47:00,0,0.4040327619666162
15092,215.0,2.0,457.81,228.905,23.0,68.0,0.0,2011-03-01 12:24:00,0,0.41996587405035296
15093,18.0,9.0,4410.14,490.0155555555556,52.0,353.0,0.0357142857142857,2010-12-02 18:25:00,0,0.4482002684647182
15095,104.0,5.0,1364.7,272.94,30.0,99.0,0.0408163265306122,2011-05-20 14:27:00,0,0.4386676380299723
15096,43.0,1.0,219.39,219.39,11.0,0.0,0.0,2011-10-28 10:27:00,0,0.38897149097645756
15097,4.0,1.0,248.08,248.08,25.0,0.0,0.0,2011-12-05 14:03:00,0,0.3919487912469621
15098,182.0,5.0,649.5,129.9,2.0,0.0,0.4,2011-06-10 15:22:00,0,0.5986395392085581
15099,84.0,1.0,410.48,410.48,23.0,0.0,0.0,2011-09-16 13:13:00,0,0.38601738684429154
15100,330.0,6.0,635.1,105.85,1.0,43.0,0.5,2010-12-01 09:09:00,0,0.6602815729244701
15101,9.0,3.0,310.03,103.34333333333332,8.0,350.0,0.1111111111111111,2010-12-15 12:54:00,0,0.5214211705940631
15103,31.0,2.0,703.36,351.68,35.0,55.0,0.0,2011-09-14 13:54:00,0,0.38826611485551066
15104,167.0,3.0,1002.54,334.18,66.0,115.0,0.028169014084507,2011-03-02 14:16:00,0,0.43896859895215995
15105,18.0,7.0,2298.93,328.4185714285714,90.0,116.0,0.0,2011-07-28 10:09:00,0,0.4156603269473652
15106,18.0,7.0,1407.73,201.1042857142857,90.0,251.0,0.0196078431372549,2011-03-15 12:52:00,0,0.4011724581290506
15107,311.0,8.0,247.66,30.9575,13.0,61.0,0.1578947368421052,2010-12-02 13:45:00,0,0.5967674905352601
15108,142.0,5.0,1291.75,258.35,50.0,85.0,0.0163934426229508,2011-04-26 10:54:00,0,0.4403748955919995
15109,241.0,2.0,463.75,231.875,28.0,4.0,0.0967741935483871,2011-04-08 09:58:00,0,0.45912383520574634
15110,24.0,7.0,970.25,138.60714285714286,17.0,294.0,0.125,2011-01-25 11:41:00,0,0.4721625844194043
15111,29.0,3.0,1567.48,522.4933333333333,70.0,343.0,0.0,2010-12-02 11:45:00,0,0.43835425039761283
15113,10.0,4.0,3439.41,859.8525,77.0,44.0,0.0099009900990099,2011-10-16 15:27:00,0,0.4621227104269139
15114,30.0,10.0,2760.56,276.056,136.0,271.0,0.0,2011-02-11 08:45:00,0,0.41503495643555927
15115,18.0,1.0,340.11,340.11,21.0,0.0,0.0,2011-11-21 14:59:00,0,0.3859192504902976
15116,18.0,4.0,1352.75,338.1875,37.0,187.0,0.0,2011-05-19 08:50:00,0,0.38905639245421186
15117,15.0,6.0,1550.13,258.355,63.0,200.0,0.0125,2011-05-08 12:38:00,0,0.39380829418946006
15118,134.0,1.0,244.8,244.8,1.0,0.0,0.0,2011-07-28 14:54:00,0,0.45882279708669393
15119,246.0,1.0,266.4,266.4,14.0,0.0,0.0,2011-04-08 09:08:00,0,0.4008133982875794
15120,130.0,2.0,343.82,171.91,21.0,4.0,0.0454545454545454,2011-07-29 09:48:00,0,0.41636092533793506
15121,50.0,2.0,457.72,228.86,28.0,238.0,0.0,2011-02-24 12:41:00,0,0.3991839367137563
15122,85.0,6.0,1612.13,268.68833333333333,65.0,212.0,0.057471264367816,2011-02-15 09:59:00,0,0.43114877579801086
15123,7.0,2.0,2199.31,1099.655,93.0,198.0,0.0,2011-05-17 14:57:00,0,0.4475741260617219
15124,23.0,2.0,184.19,92.095,14.0,169.0,0.0,2011-06-01 09:06:00,0,0.42551013863151704
15125,25.0,23.0,11117.05,483.35,102.0,245.0,0.0928571428571428,2011-03-14 09:59:00,0,0.5309217819554066
15127,66.0,1.0,406.53,406.53,16.0,0.0,0.0,2011-10-05 10:30:00,0,0.38520617457042555
15128,60.0,8.0,1419.54,177.4425,76.0,159.0,0.081081081081081,2011-05-04 12:32:00,0,0.44080398131504944
15129,50.0,11.0,3447.4,313.40000000000003,54.0,241.0,0.0,2011-02-21 09:09:00,0,0.4316414598388524
15130,170.0,1.0,330.11,330.11,22.0,0.0,0.0,2011-06-23 10:15:00,0,0.38909252735228994
15132,18.0,5.0,977.93,195.586,49.0,244.0,0.0,2011-03-22 12:02:00,0,0.3888211156009029
15133,128.0,3.0,982.42,327.4733333333333,27.0,174.0,0.0,2011-02-11 10:38:00,0,0.4127427241604965
15134,15.0,8.0,1387.99,173.49875,44.0,225.0,0.0,2011-04-13 11:05:00,0,0.4006528295907093
15135,233.0,2.0,127.15,63.575,9.0,5.0,0.1,2011-04-14 19:16:00,0,0.49566167472225453
15136,3.0,5.0,1282.45,256.49,61.0,93.0,0.0144927536231884,2011-09-04 16:05:00,0,0.4146110946394855
15139,240.0,2.0,178.96,89.48,13.0,96.0,0.0,2011-01-07 12:44:00,0,0.45848881105917605
15140,52.0,8.0,2350.0,293.75,74.0,211.0,0.0123456790123456,2011-03-20 14:37:00,0,0.4052970388428297
15142,46.0,1.0,498.74,498.74,26.0,0.0,0.0,2011-10-24 12:51:00,0,0.3934023330907673
15143,226.0,1.0,259.45,259.45,14.0,0.0,0.0,2011-04-28 12:03:00,0,0.3978532072632323
15144,8.0,18.0,6530.04,362.78,132.0,304.0,0.0045871559633027,2011-01-31 13:17:00,0,0.45154333921117307
15145,4.0,4.0,1194.73,298.6825,54.0,244.0,0.0,2011-04-05 15:20:00,0,0.3948694541296543
15146,165.0,3.0,1313.66,437.8866666666667,90.0,126.0,0.0421052631578947,2011-02-21 13:07:00,0,0.46440639534677997
15147,219.0,2.0,608.65,304.325,28.0,21.0,0.0344827586206896,2011-04-13 15:57:00,0,0.44167108254369447
15148,11.0,1.0,301.29,301.29,20.0,0.0,0.0,2011-11-29 08:21:00,0,0.38821777262575735
15149,134.0,1.0,520.8000000000001,520.8000000000001,23.0,0.0,0.0,2011-07-29 10:58:00,0,0.4003427779384287
15150,17.0,11.0,5303.97,482.1790909090909,282.0,251.0,0.002906976744186,2011-03-15 14:21:00,0,0.4612949866735824
15152,10.0,16.0,4684.24,292.765,196.0,177.0,0.0251798561151079,2011-06-05 15:36:00,0,0.46853562174926955
15153,31.0,1.0,329.25,329.25,22.0,0.0,0.0,2011-11-08 17:09:00,0,0.3847574906531587
15154,74.0,2.0,240.27,120.135,66.0,1.0,0.0760869565217391,2011-09-25 16:05:00,0,0.45205903142078097
15156,1.0,3.0,961.49,320.49666666666667,51.0,32.0,0.0,2011-11-06 12:41:00,0,0.4004674807246142
15157,4.0,5.0,1869.5,373.9,126.0,354.0,0.0601503759398496,2010-12-16 13:44:00,0,0.4503316717595421
15158,45.0,1.0,401.4,401.4,7.0,0.0,0.0,2011-10-25 13:53:00,0,0.40792728981766774
15159,2.0,34.0,18573.68,546.2847058823529,363.0,359.0,0.0138888888888888,2010-12-13 15:44:00,0,0.5574974918815151
15160,357.0,1.0,158.16,158.16,4.0,0.0,0.0,2010-12-17 14:15:00,0,0.4757646892644086
15163,18.0,2.0,304.47,152.235,29.0,173.0,0.0,2011-05-31 15:22:00,0,0.3959229841906713
15164,69.0,3.0,843.05,281.01666666666665,79.0,270.0,0.0,2011-01-04 14:21:00,0,0.3988552791123057
15165,373.0,1.0,487.75,487.75,27.0,0.0,0.0,2010-12-01 14:03:00,0,0.4788241533837615
15167,321.0,1.0,163.0,163.0,39.0,0.0,0.0,2011-01-23 12:41:00,0,0.44331197413153195
15168,26.0,1.0,106.56,106.56,5.0,0.0,0.0,2011-11-14 11:26:00,0,0.4327224667290702
15171,325.0,2.0,1034.5,517.25,5.0,6.0,0.2857142857142857,2011-01-12 15:36:00,0,0.5964471923599547
15172,9.0,5.0,1624.05,324.81,106.0,227.0,0.0,2011-04-17 11:56:00,0,0.39500303367700534
15174,323.0,1.0,135.75,135.75,11.0,0.0,0.0,2011-01-21 09:06:00,0,0.4333330469404936
15175,72.0,1.0,224.14,224.14,23.0,0.0,0.0,2011-09-29 11:31:00,0,0.38117985972253104
15178,260.0,1.0,40.5,40.5,3.0,0.0,0.0,2011-03-24 15:12:00,0,0.524880025833143
15179,18.0,7.0,2186.2,312.3142857142857,91.0,345.0,0.0210526315789473,2010-12-10 17:05:00,0,0.4185650041238
15180,367.0,1.0,87.5,87.5,6.0,0.0,0.0,2010-12-07 14:57:00,0,0.50024758950769
15181,66.0,5.0,680.28,136.05599999999998,13.0,299.0,0.1111111111111111,2010-12-09 13:28:00,0,0.47563999931020395
15182,154.0,2.0,622.85,311.425,24.0,114.0,0.0,2011-03-16 12:42:00,0,0.4081066633028742
15184,29.0,2.0,406.76,203.38,59.0,161.0,0.0,2011-06-02 12:06:00,0,0.3922032645533201
15185,70.0,1.0,310.62,310.62,21.0,0.0,0.0,2011-09-30 14:06:00,0,0.37863233838633464
15186,14.0,2.0,411.41,205.705,17.0,154.0,0.0,2011-06-24 14:54:00,0,0.3976338714218542
15187,2.0,18.0,4670.08,259.44888888888886,61.0,210.0,0.021505376344086,2011-05-11 13:49:00,0,0.46144012897140585
15189,1.0,53.0,15802.14,298.15358490566035,80.0,331.0,0.0862068965517241,2011-01-11 12:29:00,0,0.5636601882531838
15192,120.0,3.0,1044.32,348.1066666666666,36.0,245.0,0.0,2010-12-09 14:56:00,0,0.4207795354140424
15193,61.0,1.0,499.32,499.32,19.0,0.0,0.0,2011-10-10 08:23:00,0,0.3919001567280965
15194,3.0,22.0,7521.17,341.87136363636364,209.0,365.0,0.0490797546012269,2010-12-06 15:00:00,0,0.4895039436471192
15195,3.0,1.0,3861.0,3861.0,1.0,0.0,0.0,2011-12-07 12:20:00,0,0.577817623942824
15197,9.0,5.0,656.44,131.288,30.0,349.0,0.1111111111111111,2010-12-16 18:01:00,0,0.4777627503407936
15198,92.0,2.0,193.64,96.82,10.0,31.0,0.0,2011-08-07 15:16:00,0,0.42057843516224913
15199,59.0,4.0,1268.7,317.175,5.0,249.0,0.0,2011-02-04 14:04:00,0,0.4479453177017198
15201,79.0,11.0,927.84,84.34909090909092,38.0,168.0,0.2886597938144329,2011-04-06 14:02:00,0,0.5558700505486782
15203,26.0,6.0,1827.8,304.6333333333333,82.0,285.0,0.0,2011-02-01 12:29:00,0,0.3925524400742023
15204,357.0,1.0,316.58,316.58,9.0,0.0,0.0,2010-12-17 13:49:00,0,0.45396336520366015
15205,85.0,3.0,648.8299999999999,216.27666666666664,38.0,42.0,0.0263157894736842,2011-08-04 16:07:00,0,0.40830197340020086
15206,10.0,4.0,420.3,105.075,3.0,265.0,0.0,2011-03-09 08:59:00,0,0.48517840788454625
15208,1.0,6.0,867.62,144.60333333333332,25.0,352.0,0.0232558139534883,2010-12-21 13:03:00,0,0.45045692159765177
15210,225.0,1.0,331.18,331.18,20.0,0.0,0.0,2011-04-28 16:11:00,0,0.4012514021261291
15211,60.0,2.0,894.4100000000001,447.205,52.0,304.0,0.0,2010-12-09 16:08:00,0,0.4196899078910243
15212,239.0,2.0,88.94999999999999,44.475,5.0,1.0,0.2857142857142857,2011-04-12 13:45:00,0,0.5779655367671815
15213,319.0,3.0,325.05,108.35,22.0,11.0,0.04,2011-01-14 11:05:00,0,0.48474775200486914
15214,2.0,8.0,1661.44,207.68,109.0,241.0,0.0,2011-04-11 09:46:00,0,0.4105290487138103
15215,45.0,6.0,615.99,102.665,35.0,272.0,0.1860465116279069,2011-01-26 17:25:00,0,0.4952398360333213
15216,88.0,1.0,96.6,96.6,2.0,0.0,0.0,2011-09-13 11:41:00,0,0.45259906553712453
15218,11.0,11.0,5756.89,523.3536363636364,77.0,308.0,0.0,2011-01-25 11:20:00,0,0.4391243516188536
15219,176.0,1.0,305.75,305.75,9.0,0.0,0.0,2011-06-16 16:57:00,0,0.3989988318547918
15220,52.0,7.0,1758.92,251.27428571428567,110.0,229.0,0.0168067226890756,2011-03-04 10:24:00,0,0.4063926942117065
15221,366.0,2.0,114.1,57.05,9.0,3.0,0.5454545454545454,2010-12-05 12:29:00,0,0.6365861702087168
15222,319.0,1.0,585.0,585.0,5.0,0.0,0.0,2011-01-25 08:03:00,0,0.4824913644035444
15223,226.0,3.0,454.9,151.63333333333335,14.0,23.0,0.375,2011-04-04 12:17:00,0,0.5617243315960725
15224,358.0,3.0,310.48,103.49333333333334,13.0,4.0,0.125,2010-12-12 11:23:00,0,0.5294405378239755
15225,234.0,1.0,409.4,409.4,23.0,0.0,0.0,2011-04-19 14:51:00,0,0.41114235885278744
15226,311.0,1.0,154.41,154.41,8.0,0.0,0.0,2011-02-02 11:41:00,0,0.42278437063804575
15227,37.0,5.0,1219.4,243.88,43.0,280.0,0.0,2011-01-26 15:31:00,0,0.3934617121539285
15228,66.0,5.0,3376.96,675.392,110.0,228.0,0.0079365079365079,2011-02-18 09:04:00,0,0.4312392516865511
15230,239.0,2.0,429.6,214.8,23.0,1.0,0.0,2011-04-13 11:04:00,0,0.4150284925886347
15232,113.0,2.0,612.06,306.03,26.0,27.0,0.0,2011-07-22 12:21:00,0,0.3937791795632053
15234,277.0,1.0,197.0,197.0,14.0,0.0,0.0,2011-03-08 08:53:00,0,0.4063654676551889
15235,218.0,12.0,2247.51,187.2925,132.0,155.0,0.0,2010-12-01 17:22:00,0,0.5124106598065774
15236,299.0,1.0,321.05,321.05,15.0,0.0,0.0,2011-02-14 10:52:00,0,0.4155173423664612
15237,2.0,4.0,1412.32,353.08,94.0,225.0,0.0,2011-04-26 15:04:00,0,0.39840928035313045
15238,29.0,5.0,1056.54,211.308,49.0,154.0,0.0384615384615384,2011-06-08 16:00:00,0,0.4047669497231861
15239,10.0,3.0,764.34,254.78,48.0,68.0,0.0576923076923076,2011-09-22 09:53:00,0,0.4198792140247839
15240,45.0,7.0,1685.57,240.79571428571427,61.0,326.0,0.0602409638554216,2010-12-03 10:09:00,0,0.43524546233263334
15241,67.0,9.0,1738.59,193.17666666666665,82.0,216.0,0.009009009009009,2011-03-01 11:02:00,0,0.4180530397361888
15243,74.0,1.0,316.68,316.68,22.0,0.0,0.0,2011-09-26 14:12:00,0,0.3794493007017041
15244,65.0,2.0,631.57,315.785,31.0,182.0,0.0,2011-04-05 15:12:00,0,0.3877409124448821
15245,134.0,3.0,2515.84,838.6133333333333,55.0,127.0,0.0,2011-03-23 13:42:00,0,0.4469458941986917
15246,238.0,2.0,514.15,257.075,32.0,120.0,0.0,2010-12-16 09:46:00,0,0.43262207774802197
15247,122.0,1.0,356.0,356.0,6.0,0.0,0.0,2011-08-09 12:52:00,0,0.41293251055575114
15249,32.0,15.0,6657.36,443.824,211.0,224.0,0.0223463687150838,2011-03-28 12:49:00,0,0.4727485354820503
15251,9.0,15.0,10327.11,688.474,97.0,232.0,0.0826446280991735,2011-04-12 10:38:00,0,0.5124830778840694
15252,36.0,2.0,740.78,370.39,44.0,146.0,0.0,2011-06-09 14:15:00,0,0.3855152837279249
15253,16.0,6.0,915.3,152.54999999999998,52.0,153.0,0.0363636363636363,2011-06-23 12:19:00,0,0.4070277442651276
15254,127.0,1.0,300.36,300.36,18.0,0.0,0.0,2011-08-04 15:04:00,0,0.38424983443330096
15255,67.0,1.0,890.85,890.85,47.0,0.0,0.0,2011-10-04 12:43:00,0,0.42347974039035025
15256,149.0,1.0,98.45,98.45,6.0,0.0,0.0,2011-07-14 11:47:00,0,0.43376402364938405
15257,281.0,2.0,232.15,116.075,7.0,2.0,0.125,2011-03-01 12:58:00,0,0.4904300517607747
15258,169.0,2.0,623.16,311.58,32.0,48.0,0.0,2011-05-06 14:16:00,0,0.4071361930708041
15260,100.0,8.0,1780.77,222.59625,62.0,272.0,0.0128205128205128,2010-12-02 12:09:00,0,0.4369535548026522
15261,135.0,1.0,254.82,254.82,19.0,0.0,0.0,2011-07-27 15:20:00,0,0.383950462053263
15262,324.0,1.0,178.95000000000002,178.95000000000002,10.0,0.0,0.0,2011-01-20 12:16:00,0,0.4291391588423038
15263,107.0,1.0,156.51,156.51,12.0,0.0,0.0,2011-08-25 10:26:00,0,0.3898582140684512
15264,64.0,1.0,393.74,393.74,23.0,0.0,0.0,2011-10-06 13:49:00,0,0.3830957696568309
15265,151.0,2.0,1506.12,753.0600000000001,76.0,84.0,0.0,2011-04-18 12:16:00,0,0.45126593106654755
15266,338.0,1.0,119.3,119.3,6.0,0.0,0.0,2011-01-05 13:40:00,0,0.45905210283785974
15267,22.0,5.0,1717.36,343.472,8.0,160.0,0.0,2011-06-10 10:24:00,0,0.43555337953721246
15269,24.0,1.0,408.8,408.8,2.0,0.0,0.0,2011-11-16 09:32:00,0,0.45302257961073455
15270,16.0,9.0,2298.2,255.35555555555555,22.0,294.0,0.1458333333333333,2011-02-02 13:25:00,0,0.4897330195766117
15271,7.0,16.0,2485.82,155.36375,184.0,358.0,0.0036363636363636,2010-12-09 13:47:00,0,0.4622410870868593
15272,57.0,2.0,721.94,360.97,63.0,28.0,0.0,2011-09-14 16:36:00,0,0.39532255332202443
15274,4.0,2.0,716.57,358.285,44.0,14.0,0.0,2011-11-21 14:17:00,0,0.3962412188827377
15275,31.0,2.0,609.19,304.595,41.0,6.0,0.0238095238095238,2011-11-02 11:20:00,0,0.40556904517462783
15276,66.0,1.0,135.31,135.31,49.0,0.0,0.0,2011-10-04 16:39:00,0,0.4127793081052369
15277,47.0,1.0,255.9,255.9,12.0,0.0,0.0,2011-10-24 10:08:00,0,0.38302375603817695
15279,355.0,2.0,277.41,138.70499999999998,21.0,10.0,0.0952380952380952,2010-12-09 14:58:00,0,0.5137384793391117
15280,172.0,1.0,113.12,113.12,16.0,0.0,0.0,2011-06-20 17:14:00,0,0.4081773522535797
15281,59.0,12.0,2239.9500000000003,186.6625,122.0,274.0,0.0733333333333333,2011-01-10 15:51:00,0,0.460792814081111
15286,50.0,1.0,240.55,240.55,3.0,0.0,0.0,2011-10-21 11:08:00,0,0.42663943821636746
15287,22.0,3.0,485.24,161.74666666666667,17.0,48.0,0.0476190476190476,2011-09-30 12:30:00,0,0.4166303592938075
15288,43.0,5.0,2306.52,461.304,80.0,322.0,0.0,2010-12-09 13:59:00,0,0.41808394416229083
15289,29.0,4.0,935.1,233.775,43.0,220.0,0.0169491525423728,2011-04-04 12:44:00,0,0.39413484673314725
15290,5.0,21.0,7803.769999999999,371.6080952380952,93.0,354.0,0.0377358490566037,2010-12-15 16:03:00,0,0.46367540169019855
15291,26.0,20.0,4596.51,229.8255,63.0,348.0,0.055045871559633,2010-12-01 09:32:00,0,0.4678484365511963
15292,201.0,1.0,180.94,180.94,24.0,0.0,0.0,2011-05-22 15:00:00,0,0.40038056358207613
15296,44.0,10.0,3610.31,361.031,137.0,282.0,0.03,2011-01-17 11:57:00,0,0.43372491998177126
15297,10.0,4.0,635.04,158.76,30.0,53.0,0.048780487804878,2011-10-07 09:42:00,0,0.4197814185118039
15298,2.0,14.0,3774.1,269.5785714285714,115.0,364.0,0.0103092783505154,2010-12-08 13:55:00,0,0.44228825184900644
15299,67.0,11.0,3787.09,344.2809090909091,9.0,304.0,0.4166666666666667,2010-12-02 16:48:00,0,0.6101249140351975
15300,64.0,1.0,496.44,496.44,28.0,0.0,0.0,2011-10-06 17:08:00,0,0.3900729637485806
15301,51.0,14.0,5028.12,359.15142857142854,167.0,317.0,0.0161943319838056,2010-12-06 12:21:00,0,0.4556359446242499
15303,290.0,1.0,574.02,574.02,31.0,0.0,0.0,2011-02-22 13:59:00,0,0.43799694541493633
15304,61.0,10.0,680.3,68.03,8.0,307.0,0.1153846153846153,2010-12-06 11:42:00,0,0.5357060295665158
15306,64.0,3.0,1174.35,391.45,57.0,83.0,0.0,2011-07-14 15:22:00,0,0.3948952306575159
15307,96.0,1.0,205.3,205.3,12.0,0.0,0.0,2011-09-05 11:38:00,0,0.3863378578411931
15308,271.0,2.0,302.27,151.135,19.0,3.0,0.0952380952380952,2011-03-10 13:08:00,0,0.45992125926144867
15311,1.0,118.0,59419.34,503.55372881355936,571.0,373.0,0.0449618627057406,2010-12-01 09:41:00,0,0.6279920818697483
15312,75.0,5.0,921.1,184.22,42.0,279.0,0.0208333333333333,2010-12-20 11:01:00,0,0.4149983194530046
15313,110.0,1.0,52.0,52.0,1.0,0.0,0.0,2011-08-21 16:02:00,0,0.5239278466651035
15314,199.0,1.0,327.97,327.97,24.0,0.0,0.0,2011-05-24 14:39:00,0,0.39669876007658617
15315,64.0,3.0,551.54,183.84666666666664,35.0,51.0,0.0263157894736842,2011-08-15 15:17:00,0,0.40323851988606124
15316,327.0,1.0,165.0,165.0,1.0,0.0,0.0,2011-01-17 11:34:00,0,0.49413676894875525
15318,4.0,1.0,312.62,312.62,33.0,0.0,0.0,2011-12-06 11:30:00,0,0.3938123157225491
15319,284.0,1.0,204.5,204.5,16.0,0.0,0.0,2011-03-01 12:48:00,0,0.4097930182563207
15320,44.0,1.0,267.13,267.13,36.0,0.0,0.0,2011-10-26 13:27:00,0,0.386092045354679
15321,49.0,4.0,2650.73,662.6825,83.0,242.0,0.1037735849056603,2011-02-21 11:10:00,0,0.4737356103968928
15322,64.0,2.0,602.97,301.485,42.0,21.0,0.1428571428571428,2011-09-15 09:34:00,0,0.46465699382969367
15325,104.0,1.0,162.29,162.29,47.0,0.0,0.0,2011-08-28 11:55:00,0,0.40304044076489864
15326,334.0,1.0,311.71,311.71,29.0,0.0,0.0,2011-01-10 11:38:00,0,0.44022193213531086
15327,53.0,1.0,208.75,208.75,10.0,0.0,0.0,2011-10-18 11:55:00,0,0.38765626691949656
15329,35.0,5.0,1005.5,201.1,52.0,329.0,0.0806451612903225,2010-12-09 15:43:00,0,0.4425780920860728
15330,32.0,2.0,714.96,357.48,10.0,28.0,0.0,2011-10-10 12:30:00,0,0.40971531923098853
15332,366.0,4.0,1661.06,415.265,29.0,3.0,0.0,2010-12-05 12:00:00,0,0.5275927147859109
15333,208.0,1.0,1028.56,1028.56,16.0,0.0,0.0,2011-05-15 13:27:00,0,0.4565991328586202
15334,157.0,3.0,351.67,117.22333333333334,67.0,16.0,0.0,2011-06-19 13:51:00,0,0.42904782608911224
15335,54.0,1.0,173.97,173.97,34.0,0.0,0.0,2011-10-17 12:50:00,0,0.3874693988261994
15339,66.0,3.0,557.57,185.85666666666668,79.0,251.0,0.0227272727272727,2011-01-25 13:15:00,0,0.4108602388347475
15341,81.0,1.0,2020.52,2020.52,17.0,0.0,0.0,2011-09-20 09:40:00,0,0.4690993350750434
15342,116.0,2.0,391.76,195.88,24.0,13.0,0.0769230769230769,2011-08-02 10:19:00,0,0.4285929725830797
15343,87.0,1.0,364.5,364.5,21.0,0.0,0.0,2011-09-13 13:55:00,0,0.3821050485155306
15344,1.0,5.0,476.58,95.316,21.0,73.0,0.1875,2011-09-26 14:48:00,0,0.495015640491016
15345,35.0,2.0,367.69,183.845,20.0,10.0,0.1304347826086956,2011-10-25 11:28:00,0,0.44553801642983415
15346,333.0,1.0,252.42,252.42,17.0,0.0,0.0,2011-01-11 11:18:00,0,0.43447462670910386
15347,366.0,1.0,201.6,201.6,5.0,0.0,0.0,2010-12-08 15:25:00,0,0.4741421351032863
15348,72.0,1.0,158.04,158.04,9.0,0.0,0.0,2011-09-28 13:17:00,0,0.3908057697368095
15349,158.0,2.0,473.81,236.905,65.0,29.0,0.0,2011-06-05 15:46:00,0,0.4154171914543714
15350,373.0,1.0,115.65,115.65,5.0,0.0,0.0,2010-12-01 13:33:00,0,0.48753073582375384
15351,12.0,10.0,1862.14,186.214,160.0,357.0,0.0343347639484978,2010-12-05 10:48:00,0,0.4453360239358618
15353,255.0,2.0,777.02,388.51,59.0,113.0,0.0,2010-12-07 11:49:00,0,0.4532262552215786
15355,29.0,2.0,277.05,138.525,9.0,23.0,0.0,2011-10-17 15:22:00,0,0.4125203948967663
15356,31.0,10.0,2766.5,276.65,215.0,336.0,0.0,2010-12-06 14:05:00,0,0.43890221913755695
15358,5.0,29.0,8234.8,283.9586206896552,292.0,360.0,0.017825311942959,2010-12-09 10:04:00,0,0.5067561517678353
15360,40.0,1.0,427.93,427.93,13.0,0.0,0.0,2011-10-31 09:35:00,0,0.3956992185487031
15361,362.0,1.0,418.92,418.92,7.0,0.0,0.0,2010-12-13 09:52:00,0,0.47934100864325313
15363,241.0,2.0,318.05,159.025,16.0,131.0,0.0588235294117647,2010-12-02 12:28:00,0,0.4577581157072481
15364,96.0,2.0,913.19,456.595,29.0,158.0,0.0,2011-03-30 13:39:00,0,0.40183567491407884
15365,26.0,9.0,1330.45,147.82777777777778,66.0,289.0,0.2450331125827814,2011-01-28 13:08:00,0,0.5222980181219748
15366,75.0,2.0,602.51,301.255,37.0,282.0,0.0,2010-12-16 15:59:00,0,0.41219691820994697
15367,57.0,5.0,1867.69,373.538,92.0,218.0,0.0104166666666666,2011-03-09 13:53:00,0,0.40144117067552465
15368,21.0,1.0,446.94000000000005,446.94000000000005,4.0,0.0,0.0,2011-11-18 14:42:00,0,0.4410537811845592
15369,144.0,1.0,0.01,0.01,1.0,0.0,1.0,2011-07-18 15:11:00,0,0.7278646085781666
15370,41.0,8.0,2360.55,295.06875,65.0,291.0,0.0105263157894736,2011-01-11 11:32:00,0,0.4049612093335278
15372,137.0,1.0,2007.4,2007.4,27.0,0.0,0.0,2011-07-25 16:39:00,0,0.48001226765576377
15373,8.0,13.0,2213.11,170.23923076923077,74.0,363.0,0.0364963503649635,2010-12-03 14:40:00,0,0.44771152363172
15374,129.0,1.0,168.0,168.0,3.0,0.0,0.0,2011-08-03 09:59:00,0,0.42846084583887006
15376,40.0,3.0,1233.36,411.12000000000006,100.0,182.0,0.0,2011-05-01 13:45:00,0,0.39969611073864914
15379,169.0,8.0,3631.89,453.98625,145.0,189.0,0.010204081632653,2010-12-16 13:02:00,0,0.4860810907162626
15380,9.0,6.0,1682.36,280.3933333333334,22.0,356.0,0.027027027027027,2010-12-09 15:01:00,0,0.44559465345795224
15381,214.0,2.0,596.85,298.425,8.0,54.0,0.0,2011-03-16 13:44:00,0,0.44440240219966554
15382,15.0,8.0,5927.86,740.9825,193.0,280.0,0.0130718954248366,2011-02-17 12:01:00,0,0.4601099483582859
15384,170.0,3.0,635.76,211.92,35.0,202.0,0.0465116279069767,2010-12-02 17:27:00,0,0.45002656657841206
15385,40.0,1.0,316.88,316.88,12.0,0.0,0.0,2011-10-30 15:11:00,0,0.38880714307010045
15386,186.0,1.0,394.14,394.14,31.0,0.0,0.0,2011-06-06 13:47:00,0,0.40194372957368213
15388,270.0,1.0,140.54,140.54,10.0,0.0,0.0,2011-03-14 13:53:00,0,0.4131638087994451
15389,172.0,1.0,500.0,500.0,1.0,0.0,0.0,2011-06-20 16:18:00,0,0.48253227713745134
15392,5.0,5.0,1515.73,303.146,74.0,355.0,0.0117647058823529,2010-12-14 15:50:00,0,0.4211859889599548
15393,16.0,2.0,231.86,115.93,10.0,264.0,0.0,2011-03-03 16:58:00,0,0.4384708942594978
15394,10.0,4.0,2183.54,545.885,54.0,348.0,0.0,2010-12-16 12:46:00,0,0.4337677340680074
15395,326.0,1.0,107.45,107.45,7.0,0.0,0.0,2011-01-18 12:40:00,0,0.4527516179217627
15396,113.0,1.0,288.18,288.18,14.0,0.0,0.0,2011-08-19 10:56:00,0,0.38421667068721577
15397,290.0,1.0,94.0,94.0,6.0,0.0,0.0,2011-02-23 09:25:00,0,0.4512334353491312
15398,16.0,3.0,1339.63,446.54333333333335,60.0,62.0,0.0135135135135135,2011-09-22 14:56:00,0,0.4119393337153356
15399,1.0,3.0,815.77,271.92333333333335,45.0,77.0,0.0,2011-09-21 15:57:00,0,0.39440554520227533
15400,92.0,6.0,666.7,111.11666666666667,10.0,186.0,0.0769230769230769,2011-03-06 11:27:00,0,0.4717744902028699
15402,149.0,2.0,626.77,313.385,35.0,47.0,0.0,2011-05-27 13:32:00,0,0.4050988403096181
15405,189.0,1.0,349.1,349.1,8.0,0.0,0.0,2011-06-03 14:44:00,0,0.40768929153670824
15406,18.0,4.0,426.61,106.6525,51.0,282.0,0.0862068965517241,2011-02-11 16:19:00,0,0.4503047211577608
15407,34.0,4.0,1056.44,264.11,142.0,271.0,0.0,2011-02-07 13:18:00,0,0.40448619788588247
15408,264.0,1.0,267.18,267.18,34.0,0.0,0.0,2011-03-20 15:02:00,0,0.4121155789572163
15410,84.0,8.0,3450.84,431.355,48.0,177.0,0.0,2011-03-23 10:15:00,0,0.43473871696563415
15411,26.0,5.0,1346.38,269.276,86.0,156.0,0.01,2011-06-10 12:30:00,0,0.4002469143827366
15412,171.0,1.0,190.53,190.53,10.0,0.0,0.0,2011-06-21 15:24:00,0,0.39482977267680447
15414,10.0,3.0,774.9000000000001,258.3,37.0,232.0,0.0,2011-04-11 13:45:00,0,0.3913221906574151
15415,313.0,1.0,572.8100000000001,572.8100000000001,46.0,0.0,0.0,2011-01-30 14:13:00,0,0.4558995546425326
15416,65.0,5.0,3974.37,794.874,165.0,218.0,0.005181347150259,2011-03-02 08:41:00,0,0.4548439084942513
15417,85.0,1.0,508.8,508.8,28.0,0.0,0.0,2011-09-15 15:26:00,0,0.3919923313767364
15419,25.0,1.0,135.86,135.86,8.0,0.0,0.0,2011-11-15 09:23:00,0,0.40495944160495445
15421,59.0,4.0,950.36,237.59,40.0,251.0,0.0,2011-02-02 14:36:00,0,0.39230637831922704
15422,323.0,2.0,97.7,48.85,6.0,0.0,0.0,2011-01-20 14:17:00,0,0.5106946309143288
15423,38.0,1.0,43.5,43.5,2.0,0.0,0.0,2011-11-01 14:01:00,0,0.5192230236904932
15424,254.0,2.0,383.34,191.67,17.0,0.0,0.0,2011-03-30 13:00:00,0,0.41772849621377806
15426,19.0,7.0,1429.9,204.27142857142857,222.0,350.0,0.0266666666666666,2010-12-05 13:55:00,0,0.4475281008589944
15427,33.0,3.0,1483.14,494.38000000000005,233.0,13.0,0.0,2011-10-23 14:47:00,0,0.4508224366536687
15428,15.0,1.0,93.78,93.78,6.0,0.0,0.0,2011-11-24 16:54:00,0,0.43936080738847005
15429,27.0,3.0,364.9,121.63333333333334,77.0,48.0,0.0120481927710843,2011-09-25 13:42:00,0,0.41805299179108746
15432,23.0,1.0,171.19,171.19,10.0,0.0,0.0,2011-11-16 16:30:00,0,0.3979876450152389
15433,79.0,3.0,417.87,139.29,40.0,188.0,0.2264150943396226,2011-03-17 14:12:00,0,0.4908706263687856
15434,8.0,6.0,997.48,166.24666666666667,40.0,191.0,0.0677966101694915,2011-05-23 14:18:00,0,0.4207114977896155
15435,22.0,1.0,149.29,149.29,29.0,0.0,0.0,2011-11-17 16:39:00,0,0.39605990158331444
15436,12.0,3.0,1122.53,374.1766666666667,243.0,221.0,0.0,2011-04-19 16:52:00,0,0.42953179087109655
15437,262.0,1.0,200.16,200.16,44.0,0.0,0.0,2011-03-22 13:11:00,0,0.42202314138210506
15438,131.0,1.0,156.57999999999998,156.57999999999998,25.0,0.0,0.0,2011-07-31 14:19:00,0,0.3934440196418832
15440,55.0,3.0,383.68,127.89333333333332,50.0,154.0,0.0,2011-05-15 11:30:00,0,0.39874027514201554
15442,249.0,1.0,594.0,594.0,2.0,0.0,0.0,2011-04-05 12:24:00,0,0.48180304224065096
15443,2.0,8.0,3212.16,401.52,237.0,318.0,0.0077922077922077,2011-01-23 13:25:00,0,0.4460795703867218
15444,9.0,2.0,1418.26,709.13,191.0,31.0,0.0,2011-10-30 16:12:00,0,0.4585080492436434
15445,264.0,1.0,113.5,113.5,5.0,0.0,0.0,2011-03-20 15:06:00,0,0.4375504956809921
15447,331.0,1.0,155.17,155.17,9.0,0.0,0.0,2011-01-13 11:26:00,0,0.43497417261252225
15448,313.0,1.0,494.64,494.64,28.0,0.0,0.0,2011-01-31 10:42:00,0,0.4380141406832722
15449,26.0,5.0,971.22,194.244,47.0,235.0,0.032258064516129,2011-03-23 10:43:00,0,0.400214374157462
15450,30.0,1.0,429.84,429.84,30.0,0.0,0.0,2011-11-09 17:11:00,0,0.39321690782588825
15452,30.0,3.0,538.73,179.57666666666668,47.0,234.0,0.0,2011-03-20 15:21:00,0,0.38910088378213503
15453,2.0,7.0,1388.37,198.3385714285714,169.0,185.0,0.0,2011-06-05 12:37:00,0,0.42483177780560755
15454,362.0,1.0,179.1,179.1,23.0,0.0,0.0,2010-12-12 14:21:00,0,0.4576532886058297
15456,283.0,3.0,447.22,149.07333333333335,48.0,75.0,0.0,2010-12-15 15:34:00,0,0.45870179649999343
15457,262.0,1.0,237.07,237.07,56.0,0.0,0.0,2011-03-22 15:31:00,0,0.43187361599175217
15458,25.0,1.0,161.64,161.64,7.0,0.0,0.0,2011-11-14 13:08:00,0,0.4057917415149875
15460,354.0,1.0,216.76,216.76,53.0,0.0,0.0,2010-12-20 16:08:00,0,0.4728288000375959
15462,94.0,3.0,234.6,78.2,9.0,92.0,0.0,2011-06-05 15:36:00,0,0.4470004476732398
15463,29.0,1.0,126.14,126.14,7.0,0.0,0.0,2011-11-10 12:57:00,0,0.4095941060737925
15464,338.0,1.0,1048.85,1048.85,155.0,0.0,0.0,2011-01-05 15:56:00,0,0.5376273047134724
15465,20.0,24.0,6945.02,289.37583333333333,43.0,349.0,0.0673076923076923,2010-12-05 10:12:00,0,0.49792898221782855
15466,85.0,1.0,334.53,334.53,56.0,0.0,0.0,2011-09-15 14:08:00,0,0.39646208872591804
15467,9.0,4.0,511.88,127.97,41.0,142.0,0.0188679245283018,2011-07-10 14:42:00,0,0.404722077956171
15468,35.0,5.0,438.46,87.692,25.0,325.0,0.1724137931034483,2010-12-14 10:50:00,0,0.5123898808237112
15469,43.0,4.0,504.5,126.125,24.0,77.0,0.1111111111111111,2011-08-11 16:54:00,0,0.44155832500539804
15471,2.0,1.0,469.48,469.48,67.0,0.0,0.0,2011-12-07 14:12:00,0,0.4222537935417164
15472,113.0,1.0,371.56,371.56,76.0,0.0,0.0,2011-08-18 15:17:00,0,0.41069289832498324
15473,14.0,10.0,1465.2,146.52,4.0,46.0,0.2142857142857142,2011-10-10 11:12:00,0,0.5681497716504822
15475,77.0,1.0,454.11,454.11,29.0,0.0,0.0,2011-09-23 15:20:00,0,0.38717933978296737
15478,40.0,2.0,1441.42,720.71,34.0,16.0,0.0,2011-10-14 11:09:00,0,0.4195365895148522
15480,116.0,1.0,905.5,905.5,45.0,0.0,0.0,2011-08-15 14:32:00,0,0.43011397864450585
15482,16.0,16.0,6568.72,410.545,46.0,343.0,0.2283464566929134,2010-12-16 10:08:00,0,0.5616475209888282
15483,161.0,4.0,233.81,58.4525,74.0,105.0,0.0,2011-03-18 12:26:00,0,0.47397107985441894
15484,1.0,5.0,3563.11,712.6220000000001,135.0,77.0,0.0052910052910052,2011-09-22 13:31:00,0,0.4685545725060761
15485,30.0,3.0,2575.0,858.3333333333334,59.0,343.0,0.0,2010-12-01 13:23:00,0,0.45827079910899743
15488,93.0,1.0,91.32,91.32,2.0,0.0,0.0,2011-09-08 10:11:00,0,0.45737823029942887
15489,23.0,4.0,1090.03,272.5075,47.0,188.0,0.0909090909090909,2011-05-12 12:54:00,0,0.4245260879877237
15491,95.0,7.0,3090.85,441.55,108.0,140.0,0.0064516129032258,2011-04-18 10:04:00,0,0.4426627646552526
15492,28.0,2.0,659.4599999999999,329.73,32.0,46.0,0.0,2011-09-26 14:02:00,0,0.3858002423084534
15493,33.0,7.0,1967.25,281.0357142857143,177.0,238.0,0.0066889632107023,2011-03-14 11:44:00,0,0.41406149424790034
15494,21.0,2.0,1299.23,649.615,120.0,99.0,0.0,2011-08-10 15:29:00,0,0.4286723631950959
15497,18.0,3.0,1259.7,419.9,13.0,302.0,0.0625,2011-01-24 10:01:00,0,0.4574724654451104
15498,1.0,35.0,12396.46,354.1845714285714,362.0,366.0,0.0210325047801147,2010-12-07 12:34:00,0,0.5487015472574037
15500,8.0,4.0,1131.56,282.89,64.0,73.0,0.0,2011-09-19 13:47:00,0,0.3982156744874367
15502,16.0,23.0,5541.46,240.93304347826088,164.0,353.0,0.1547619047619047,2010-12-05 15:40:00,0,0.5305575122761047
15503,363.0,1.0,147.09,147.09,66.0,0.0,0.0,2010-12-12 10:57:00,0,0.488315831637447
15504,81.0,1.0,52.83,52.83,13.0,0.0,0.0,2011-09-19 13:45:00,0,0.4725576896946261
15505,53.0,7.0,3497.14,499.5914285714285,90.0,102.0,0.0202020202020202,2011-07-07 13:33:00,0,0.44824215893661973
15506,23.0,3.0,979.26,326.42,121.0,116.0,0.0,2011-07-24 11:45:00,0,0.40069112080202784
15507,172.0,1.0,492.36,492.36,41.0,0.0,0.0,2011-06-21 11:19:00,0,0.41027232676408376
15508,189.0,6.0,1000.27,166.71166666666667,78.0,46.0,0.0,2011-04-18 15:31:00,0,0.4582840848712983
15510,331.0,1.0,250.0,250.0,1.0,0.0,0.0,2011-01-13 12:10:00,0,0.4983758378930752
15511,12.0,5.0,909.23,181.846,117.0,73.0,0.0,2011-09-15 15:05:00,0,0.41271754743250516
15512,156.0,2.0,121.0,60.5,7.0,203.0,0.0,2010-12-15 12:01:00,0,0.5033960444099346
15513,31.0,22.0,14520.08,660.0036363636364,183.0,342.0,0.019108280254777,2010-12-01 11:22:00,0,0.5206749326293566
15514,12.0,13.0,2963.19,227.93769230769232,96.0,352.0,0.1834862385321101,2010-12-10 13:50:00,0,0.5137674582125682
15516,45.0,3.0,62.43,20.81,15.0,1.0,0.0,2011-10-24 11:33:00,0,0.5138394261085522
15517,233.0,1.0,267.03,267.03,27.0,0.0,0.0,2011-04-20 14:02:00,0,0.4021773269603934
15518,64.0,13.0,1911.89,147.06846153846155,136.0,268.0,0.0272727272727272,2011-01-11 12:50:00,0,0.454245675752163
15520,2.0,1.0,343.5,343.5,18.0,0.0,0.0,2011-12-08 10:58:00,0,0.39787603014015216
15521,36.0,13.0,2574.65,198.05,117.0,218.0,0.075,2011-03-30 09:15:00,0,0.456714093262
15522,33.0,2.0,398.84,199.42,47.0,54.0,0.0,2011-09-13 12:26:00,0,0.39102037989724037
15523,84.0,1.0,412.0100000000001,412.0100000000001,10.0,0.0,0.0,2011-09-16 16:29:00,0,0.3962691505948793
15524,25.0,1.0,440.0,440.0,1.0,0.0,0.0,2011-11-15 12:09:00,0,0.47656171379628925
15525,2.0,4.0,811.02,202.755,133.0,371.0,0.0111111111111111,2010-12-01 13:17:00,0,0.4599255170584954
15526,33.0,2.0,148.44,74.22,4.0,0.0,0.0,2011-11-06 15:01:00,0,0.4518495700107514
15527,19.0,10.0,2348.82,234.882,128.0,335.0,0.0180722891566265,2010-12-20 14:15:00,0,0.4189370488914334
15528,254.0,1.0,229.33,229.33,26.0,0.0,0.0,2011-03-30 16:14:00,0,0.4069335905749516
15529,23.0,12.0,3967.78,330.64833333333337,415.0,343.0,0.0029673590504451,2010-12-08 12:24:00,0,0.4799666700749222
15530,22.0,4.0,1502.35,375.5875,90.0,225.0,0.0,2011-04-07 11:16:00,0,0.38935248814264706
15531,8.0,2.0,2007.44,1003.72,196.0,22.0,0.0,2011-11-09 17:47:00,0,0.47282075283705943
15532,25.0,6.0,1517.08,252.84666666666664,205.0,332.0,0.026615969581749,2010-12-16 16:45:00,0,0.43224464879433777
15533,19.0,5.0,746.92,149.384,73.0,69.0,0.0348837209302325,2011-09-11 15:41:00,0,0.4205432357213895
15535,173.0,7.0,459.9,65.7,55.0,192.0,0.0384615384615384,2010-12-09 15:36:00,0,0.49323686587160676
15537,163.0,1.0,110.92,110.92,24.0,0.0,0.0,2011-06-29 13:10:00,0,0.4154882128488423
15539,7.0,1.0,538.46,538.46,41.0,0.0,0.0,2011-12-02 13:36:00,0,0.41061228152488066
15540,11.0,1.0,213.3,213.3,15.0,0.0,0.0,2011-11-28 13:51:00,0,0.38971404669844106
15541,114.0,1.0,85.13000000000001,85.13000000000001,29.0,0.0,0.0,2011-08-17 14:58:00,0,0.4321665750851023
15543,288.0,1.0,127.86,127.86,26.0,0.0,0.0,2011-02-24 15:26:00,0,0.42609541493555236
15544,9.0,11.0,3542.51,322.04636363636365,122.0,363.0,0.0076628352490421,2010-12-02 12:47:00,0,0.4330433382994495
15545,54.0,2.0,292.72,146.36,78.0,316.0,0.0,2010-12-03 17:28:00,0,0.4365091294740913
15547,7.0,14.0,4954.84,353.9171428571429,441.0,354.0,0.0,2010-12-12 13:26:00,0,0.48416803611469666
15549,77.0,4.0,1655.76,413.94,104.0,239.0,0.0086206896551724,2011-01-27 15:38:00,0,0.415205525500451
15550,4.0,4.0,575.63,143.9075,43.0,297.0,0.0,2011-02-11 12:49:00,0,0.41162634673720877
15551,37.0,1.0,436.06,436.06,29.0,0.0,0.0,2011-11-03 12:37:00,0,0.391238094108292
15552,217.0,1.0,90.12,90.12,17.0,0.0,0.0,2011-05-06 14:47:00,0,0.43576938957627726
15553,60.0,1.0,437.23,437.23,51.0,0.0,0.0,2011-10-10 14:02:00,0,0.3999856933411538
15554,278.0,1.0,217.2,217.2,14.0,0.0,0.0,2011-03-07 09:00:00,0,0.4057018861437277
15555,12.0,20.0,4758.2,237.91,404.0,357.0,0.0281081081081081,2010-12-05 14:45:00,0,0.4906800711690321
15556,24.0,1.0,279.77,279.77,31.0,0.0,0.0,2011-11-15 16:08:00,0,0.3870509097212174
15557,29.0,1.0,473.65,473.65,16.0,0.0,0.0,2011-11-11 12:46:00,0,0.3970091312062896
15561,12.0,5.0,722.74,144.548,27.0,203.0,0.1290322580645161,2011-05-08 11:38:00,0,0.44654168094251123
15562,352.0,1.0,134.55,134.55,1.0,0.0,0.0,2010-12-23 09:55:00,0,0.5124751499051602
15563,9.0,7.0,1319.69,188.52714285714288,88.0,349.0,0.0341880341880341,2010-12-16 11:27:00,0,0.4296513073169503
15565,50.0,2.0,173.16,86.58,8.0,20.0,0.0,2011-09-30 10:44:00,0,0.4270135446606609
15567,19.0,1.0,186.01,186.01,7.0,0.0,0.0,2011-11-21 10:48:00,0,0.4050911589969219
15568,3.0,3.0,758.29,252.7633333333333,27.0,70.0,0.0,2011-09-27 14:37:00,0,0.39607412218665616
15569,104.0,5.0,1375.71,275.142,27.0,228.0,0.0,2011-01-11 13:26:00,0,0.42006003796918395
15570,7.0,13.0,4109.97,316.1515384615385,232.0,362.0,0.0212121212121212,2010-12-05 12:57:00,0,0.45761802526522016
15571,12.0,4.0,650.4300000000001,162.60750000000002,47.0,66.0,0.0,2011-09-22 13:15:00,0,0.39764625863871583
15572,5.0,7.0,2552.86,364.69428571428574,166.0,273.0,0.0,2011-03-06 14:44:00,0,0.4167448287643456
15573,32.0,2.0,607.45,303.725,88.0,53.0,0.0,2011-09-15 12:16:00,0,0.40149720272936723
15574,178.0,4.0,702.25,175.5625,131.0,194.0,0.0,2010-12-02 15:46:00,0,0.4499836012954647
15576,38.0,1.0,940.67,940.67,43.0,0.0,0.0,2011-11-02 12:03:00,0,0.4290856357249886
15577,151.0,3.0,258.88,86.29333333333334,39.0,154.0,0.0,2011-02-07 13:32:00,0,0.44654145594575706
15578,162.0,1.0,127.1,127.1,13.0,0.0,0.0,2011-06-30 13:03:00,0,0.400642447201288
15579,69.0,2.0,348.6,174.3,45.0,245.0,0.0,2011-01-30 12:09:00,0,0.4045023162937279
15581,121.0,14.0,3429.9700000000003,244.9978571428572,134.0,245.0,0.0066666666666666,2010-12-08 14:38:00,0,0.4795295403915431
15582,25.0,3.0,682.9100000000001,227.63666666666668,39.0,195.0,0.0,2011-05-03 13:36:00,0,0.38381069010681945
15584,24.0,5.0,722.61,144.522,89.0,138.0,0.016,2011-06-30 16:39:00,0,0.41020233025436653
15585,177.0,1.0,455.3,455.3,31.0,0.0,0.0,2011-06-16 08:38:00,0,0.4038883836695667
15587,50.0,4.0,913.68,228.42,3.0,301.0,0.0,2010-12-23 09:59:00,0,0.4801886016109826
15589,253.0,4.0,456.58,114.145,28.0,58.0,0.0333333333333333,2011-02-02 10:46:00,0,0.47199998861440207
15590,289.0,1.0,0.01,0.01,1.0,0.0,1.0,2011-02-23 16:36:00,0,0.7283198405780885
15592,47.0,1.0,388.58,388.58,24.0,0.0,0.0,2011-10-24 08:59:00,0,0.38424029069550325
15593,71.0,1.0,199.8,199.8,5.0,0.0,0.0,2011-09-30 11:46:00,0,0.40785323658496636
15594,16.0,6.0,1767.53,294.5883333333333,85.0,218.0,0.0096153846153846,2011-04-19 10:08:00,0,0.3919851642812615
15596,101.0,9.0,1343.34,149.26,51.0,264.0,0.0833333333333333,2010-12-09 16:10:00,0,0.472811845996272
15597,30.0,2.0,315.72,157.86,22.0,5.0,0.0434782608695652,2011-11-04 13:26:00,0,0.41109982857092414
15598,35.0,3.0,235.68,78.56,14.0,17.0,0.125,2011-10-17 16:04:00,0,0.4676390664208475
15599,27.0,2.0,761.74,380.87,50.0,177.0,0.0,2011-05-19 13:05:00,0,0.389737464664465
15601,11.0,17.0,6745.36,396.78588235294114,230.0,361.0,0.0096618357487922,2010-12-02 10:39:00,0,0.46713704690124114
15602,8.0,15.0,1083.63,72.242,31.0,359.0,0.1320754716981132,2010-12-06 15:35:00,0,0.5346408751721329
15603,79.0,1.0,48.48,48.48,2.0,0.0,0.0,2011-09-22 10:04:00,0,0.5066867809134813
15604,52.0,1.0,216.39,216.39,17.0,0.0,0.0,2011-10-18 14:47:00,0,0.3807129345456177
15605,36.0,5.0,1198.23,239.646,61.0,337.0,0.0,2010-12-01 13:38:00,0,0.4112534416567768
15606,57.0,11.0,2422.64,220.24,51.0,267.0,0.1538461538461538,2011-01-19 12:07:00,0,0.48933073669906607
15607,337.0,1.0,104.76,104.76,13.0,0.0,0.0,2011-01-07 12:44:00,0,0.45782176456897794
15608,28.0,4.0,1093.68,273.42,59.0,92.0,0.0,2011-08-11 09:56:00,0,0.39047730947065185
15609,183.0,2.0,270.03000000000003,135.015,16.0,1.0,0.1111111111111111,2011-06-08 13:00:00,0,0.45160705404474255
15610,52.0,1.0,112.46,112.46,6.0,0.0,0.0,2011-10-19 10:36:00,0,0.4156839752924299
15611,10.0,15.0,1568.39,104.55933333333334,23.0,325.0,0.0444444444444444,2011-01-09 11:32:00,0,0.4825843800296781
15612,36.0,2.0,195.15,97.575,4.0,25.0,0.0,2011-10-09 12:49:00,0,0.4437538627890825
15615,10.0,27.0,10360.04,383.7051851851852,185.0,348.0,0.0139860139860139,2010-12-15 16:21:00,0,0.49406652367543824
15618,33.0,5.0,747.031,149.40619999999998,39.0,103.0,0.0816326530612244,2011-07-26 10:13:00,0,0.4244099127689422
15619,11.0,1.0,336.40000000000003,336.40000000000003,3.0,0.0,0.0,2011-11-29 08:14:00,0,0.4430776205704303
15620,50.0,6.0,1524.4,254.0666666666667,92.0,308.0,0.0384615384615384,2010-12-16 14:34:00,0,0.4189025138964656
15621,4.0,6.0,1158.77,193.12833333333333,11.0,17.0,0.1111111111111111,2011-11-18 11:49:00,0,0.4864612979753287
15622,3.0,16.0,3224.53,201.533125,169.0,279.0,0.1355140186915887,2011-03-02 13:42:00,0,0.5106959827411633
15623,141.0,1.0,301.03,301.03,19.0,0.0,0.0,2011-07-21 17:26:00,0,0.3868978748562541
15624,117.0,4.0,588.13,147.0325,26.0,139.0,0.0,2011-03-28 13:32:00,0,0.407182202166757
15625,100.0,8.0,1504.56,188.07,44.0,135.0,0.0588235294117647,2011-04-18 14:01:00,0,0.4499753961527092
15626,75.0,2.0,675.8,337.9,49.0,254.0,0.0,2011-01-14 10:10:00,0,0.4055021517107118
15628,5.0,10.0,2865.64,286.564,85.0,362.0,0.0127388535031847,2010-12-08 09:51:00,0,0.4271943335989843
15630,45.0,3.0,1180.4,393.4666666666667,57.0,159.0,0.0163934426229508,2011-05-19 10:16:00,0,0.4016824854332377
15632,16.0,10.0,3147.31,314.731,107.0,259.0,0.0564971751412429,2011-03-10 08:29:00,0,0.4265243569706463
15634,17.0,1.0,243.55,243.55,15.0,0.0,0.0,2011-11-22 16:28:00,0,0.3857086464889652
15636,90.0,2.0,724.76,362.38,20.0,192.0,0.0,2011-03-02 14:50:00,0,0.4045561016340427
15637,53.0,1.0,223.36,223.36,15.0,0.0,0.0,2011-10-18 08:28:00,0,0.3801587180965864
15638,301.0,1.0,0.01,0.01,2.0,0.0,1.0,2011-02-11 15:12:00,0,0.7283198405780885
15639,134.0,1.0,425.32,425.32,25.0,0.0,0.0,2011-07-28 14:30:00,0,0.3929545528603472
15640,4.0,17.0,12433.34,731.3729411764706,241.0,367.0,0.0222222222222222,2010-12-02 15:40:00,0,0.5215859146525549
15641,105.0,4.0,1887.2,471.8,102.0,253.0,0.0,2010-12-15 14:45:00,0,0.4329609349299091
15643,179.0,6.0,647.4,107.9,31.0,103.0,0.0833333333333333,2011-03-02 14:34:00,0,0.4761395234825514
15644,166.0,4.0,813.0,203.25,166.0,94.0,0.0,2011-03-23 15:37:00,0,0.4531514535207286
15645,19.0,1.0,612.01,612.01,50.0,0.0,0.0,2011-11-21 11:55:00,0,0.41416766386413284
15646,158.0,4.0,425.14,106.285,35.0,214.0,0.0277777777777777,2010-12-02 16:59:00,0,0.4556906040092691
15648,204.0,4.0,599.9,149.975,24.0,62.0,0.1071428571428571,2011-03-17 18:59:00,0,0.4728201824481017
15649,336.0,2.0,816.0,408.0,1.0,31.0,0.0,2010-12-07 10:06:00,0,0.5460917782039387
15651,37.0,3.0,646.3,215.4333333333333,27.0,223.0,0.0,2011-03-24 08:56:00,0,0.3907229430243298
15652,91.0,1.0,337.74,337.74,21.0,0.0,0.0,2011-09-09 14:22:00,0,0.3813963853565491
15653,93.0,2.0,877.4399999999999,438.72,4.0,23.0,0.0,2011-08-16 09:50:00,0,0.4483456361914558
15654,9.0,2.0,922.53,461.265,15.0,16.0,0.0,2011-11-13 15:15:00,0,0.41434646120089735
15655,233.0,2.0,511.32,255.66,34.0,10.0,0.081081081081081,2011-04-10 15:25:00,0,0.45906650148131317
15656,45.0,4.0,748.5,187.125,46.0,238.0,0.0,2011-02-28 15:32:00,0,0.3889037761057455
15657,23.0,1.0,30.0,30.0,1.0,0.0,0.0,2011-11-17 12:19:00,0,0.5665007772546093
15658,190.0,8.0,958.9,119.8625,40.0,182.0,0.1428571428571428,2010-12-02 10:53:00,0,0.5109877864083564
15659,44.0,1.0,306.45,306.45,11.0,0.0,0.0,2011-10-27 09:23:00,0,0.3897485800015332
15660,25.0,12.0,1552.01,129.33416666666668,55.0,340.0,0.0425531914893617,2010-12-09 09:49:00,0,0.4534685547375327
15661,317.0,2.0,309.8,154.9,4.0,21.0,0.0,2011-01-05 12:32:00,0,0.4857125990571236
15663,106.0,1.0,138.14,138.14,9.0,0.0,0.0,2011-08-25 15:50:00,0,0.39721239288944377
15664,51.0,2.0,358.63,179.315,19.0,308.0,0.1052631578947368,2010-12-15 17:05:00,0,0.4689121987378326
15665,168.0,2.0,2242.01,1121.005,92.0,74.0,0.0,2011-04-10 15:09:00,0,0.4771635418755152
15667,40.0,1.0,301.32,301.32,13.0,0.0,0.0,2011-10-31 10:56:00,0,0.38617336361227705
15668,218.0,1.0,76.32000000000001,76.32000000000001,1.0,0.0,0.0,2011-05-06 10:39:00,0,0.4943039272251601
15669,40.0,5.0,677.69,135.538,31.0,223.0,0.0571428571428571,2011-03-21 09:13:00,0,0.4194494099037343
15670,297.0,1.0,173.05,173.05,12.0,0.0,0.0,2011-02-16 10:50:00,0,0.4134540881644126
15671,19.0,10.0,2635.49,263.54900000000004,52.0,252.0,0.037037037037037,2011-03-14 09:37:00,0,0.4179500775550553
15673,88.0,4.0,2881.02,720.255,107.0,238.0,0.0,2011-01-16 16:25:00,0,0.4420461157547173
15674,73.0,8.0,1744.02,218.0025,88.0,181.0,0.1555555555555555,2011-03-30 09:19:00,0,0.4821721267254067
15675,81.0,3.0,323.69,107.89666666666666,20.0,198.0,0.0,2011-03-04 14:21:00,0,0.4139534696083569
15676,9.0,5.0,3324.09,664.818,191.0,274.0,0.0648148148148148,2011-03-01 10:19:00,0,0.47045812994756664
15677,49.0,1.0,657.23,657.23,33.0,0.0,0.0,2011-10-21 15:36:00,0,0.4023451485242252
15678,53.0,1.0,352.7,352.7,12.0,0.0,0.0,2011-10-18 09:25:00,0,0.3867449773589098
15679,24.0,4.0,781.28,195.32,98.0,158.0,0.0,2011-06-10 08:24:00,0,0.3924128794954682
15680,9.0,3.0,1333.68,444.56,61.0,356.0,0.0,2010-12-08 14:43:00,0,0.4330080300772074
15681,18.0,6.0,946.36,157.72666666666666,32.0,261.0,0.208955223880597,2011-03-04 13:46:00,0,0.4857137686168947
15683,117.0,1.0,193.75,193.75,10.0,0.0,0.0,2011-08-14 12:56:00,0,0.38935015779798715
15687,9.0,11.0,2981.5,271.04545454545456,119.0,321.0,0.0119047619047619,2011-01-13 15:13:00,0,0.4160932328373401
15689,120.0,2.0,254.1,127.05,8.0,241.0,0.0,2010-12-13 09:57:00,0,0.45766931857541593
15690,4.0,2.0,239.76,119.88,19.0,96.0,0.0,2011-08-31 11:40:00,0,0.40318984731352375
15691,252.0,1.0,136.8,136.8,2.0,0.0,0.0,2011-04-01 15:13:00,0,0.4563424326851959
15692,28.0,1.0,191.04,191.04,12.0,0.0,0.0,2011-11-11 14:12:00,0,0.3916365585248123
15694,1.0,15.0,6423.6,428.24,42.0,372.0,0.0126582278481012,2010-12-02 07:49:00,0,0.4816358241712922
15695,267.0,2.0,409.98,204.99,22.0,0.0,0.0,2011-03-18 08:31:00,0,0.4197750843901463
15696,33.0,12.0,2644.46,220.37166666666667,140.0,293.0,0.0338983050847457,2011-01-17 11:24:00,0,0.4307073809967762
15699,18.0,1.0,309.65,309.65,18.0,0.0,0.0,2011-11-22 08:26:00,0,0.3859501907403262
15700,172.0,3.0,664.03,221.34333333333333,85.0,1.0,0.0337078651685393,2011-06-19 15:36:00,0,0.45344892330157266
15701,2.0,4.0,1542.14,385.535,193.0,108.0,0.0,2011-08-21 12:36:00,0,0.4301421644766763
15703,265.0,1.0,211.5,211.5,5.0,0.0,0.0,2011-03-20 10:51:00,0,0.4271086049378633
15704,140.0,4.0,2293.62,573.405,79.0,75.0,0.0,2011-05-08 12:42:00,0,0.4471940254311874
15705,201.0,1.0,143.1,143.1,6.0,0.0,0.0,2011-05-22 15:37:00,0,0.41482655482006464
15706,60.0,7.0,1001.81,143.1157142857143,50.0,56.0,0.0677966101694915,2011-08-15 14:32:00,0,0.455023865512805
15707,35.0,4.0,945.58,236.395,126.0,51.0,0.0,2011-09-14 14:19:00,0,0.412680969555874
15708,41.0,11.0,3329.7200000000003,302.7018181818182,124.0,329.0,0.0303030303030303,2010-12-05 10:25:00,0,0.4347471875122672
15709,284.0,1.0,133.25,133.25,6.0,0.0,0.0,2011-03-01 10:38:00,0,0.42862317672777017
15712,9.0,5.0,1072.36,214.47200000000004,41.0,278.0,0.0,2011-02-25 11:32:00,0,0.39586324590042044
15713,143.0,3.0,346.75,115.58333333333331,18.0,222.0,0.05,2010-12-08 15:16:00,0,0.45953740373631524
15714,12.0,2.0,330.88,165.44,34.0,66.0,0.0,2011-09-23 11:25:00,0,0.39066826929966375
15716,146.0,4.0,1118.81,279.7025,101.0,223.0,0.0,2010-12-05 12:26:00,0,0.4382620033136036
15717,234.0,1.0,150.3,150.3,7.0,0.0,0.0,2011-04-19 13:21:00,0,0.4129712123903516
15719,33.0,14.0,5043.96,360.28285714285715,299.0,304.0,0.0010660980810234,2011-01-06 12:31:00,0,0.4642605595949605
15720,24.0,1.0,598.73,598.73,128.0,0.0,0.0,2011-11-15 14:48:00,0,0.43815505015433687
15721,12.0,1.0,507.08,507.08,80.0,0.0,0.0,2011-11-28 12:14:00,0,0.4236443588280893
15722,36.0,6.0,2181.21,363.535,47.0,254.0,0.0416666666666666,2011-02-22 12:24:00,0,0.4168561509117108
15723,365.0,1.0,203.1,203.1,37.0,0.0,0.0,2010-12-10 11:12:00,0,0.4629706655555897
15724,201.0,3.0,212.3,70.76666666666667,11.0,83.0,0.0833333333333333,2011-02-28 10:40:00,0,0.48605384628030424
15725,15.0,1.0,415.25,415.25,32.0,0.0,0.0,2011-11-24 14:51:00,0,0.39734461836827856
15727,17.0,7.0,5178.96,739.8514285714285,213.0,342.0,0.0,2010-12-15 15:47:00,0,0.46595961013306547
15728,49.0,1.0,0.01,0.01,4.0,0.0,1.0,2011-10-21 14:03:00,0,0.7295710389287323
15729,198.0,2.0,62.0,31.0,5.0,14.0,0.1666666666666666,2011-05-11 12:36:00,0,0.5715063093498883
15730,66.0,4.0,1108.38,277.095,68.0,140.0,0.0410958904109589,2011-05-17 12:43:00,0,0.40980309439811163
15732,212.0,2.0,294.12,147.06,13.0,159.0,0.0,2010-12-02 15:00:00,0,0.4391214377583472
15733,283.0,1.0,162.3,162.3,10.0,0.0,0.0,2011-03-02 09:05:00,0,0.4110872825051363
15734,115.0,2.0,1339.45,669.725,25.0,85.0,0.0,2011-05-23 14:59:00,0,0.4197756788888952
15737,15.0,12.0,1121.21,93.43416666666668,60.0,228.0,0.1111111111111111,2011-04-11 10:01:00,0,0.47665482977943585
15738,19.0,19.0,4788.77,252.0405263157895,46.0,353.0,0.0170454545454545,2010-12-02 12:50:00,0,0.4544606865811784
15739,66.0,1.0,449.12,449.12,8.0,0.0,0.0,2011-10-04 13:42:00,0,0.4057017020456195
15740,49.0,1.0,154.88,154.88,9.0,0.0,0.0,2011-10-21 14:29:00,0,0.3934295581023925
15743,16.0,4.0,784.46,196.115,59.0,168.0,0.0,2011-06-08 10:14:00,0,0.3842244413349344
15744,78.0,1.0,34.8,34.8,3.0,0.0,0.0,2011-09-23 09:52:00,0,0.5229285255668563
15745,9.0,6.0,1071.24,178.54,57.0,227.0,0.0461538461538461,2011-04-17 13:04:00,0,0.40838968879235915
15746,134.0,2.0,182.96,91.48,28.0,0.0,0.0344827586206896,2011-07-28 15:21:00,0,0.43185303494913047
15747,13.0,3.0,974.04,324.68,52.0,160.0,0.0,2011-06-20 11:30:00,0,0.3875971917658606
15748,40.0,1.0,149.31,149.31,19.0,0.0,0.0,2011-10-30 12:51:00,0,0.3908747459787454
15749,235.0,4.0,21535.9,5383.975,6.0,97.0,0.3333333333333333,2011-01-11 12:55:00,0,0.6653514605096987
15750,3.0,9.0,2451.23,272.3588888888889,214.0,364.0,0.0067796610169491,2010-12-08 10:36:00,0,0.447827575708086
15752,40.0,8.0,2628.93,328.61625,236.0,333.0,0.0024271844660194,2010-12-02 09:43:00,0,0.4433448151610539
15753,305.0,1.0,79.2,79.2,1.0,0.0,0.0,2011-02-08 12:41:00,0,0.5072053951161795
15754,51.0,4.0,455.67,113.9175,24.0,195.0,0.0344827586206896,2011-04-07 12:24:00,0,0.4180419427869516
15755,1.0,8.0,2318.88,289.86,127.0,293.0,0.0536912751677852,2011-02-18 11:53:00,0,0.4338944522870064
15756,61.0,4.0,532.96,133.24,160.0,187.0,0.0,2011-04-04 14:00:00,0,0.42194341309614336
15757,66.0,2.0,714.42,357.21,43.0,152.0,0.0,2011-05-06 11:40:00,0,0.38663656974861277
15758,25.0,1.0,205.25,205.25,9.0,0.0,0.0,2011-11-15 10:48:00,0,0.39752645390675073
15759,218.0,3.0,253.04,84.34666666666666,5.0,139.0,0.0,2010-12-16 15:29:00,0,0.49159589259118747
15762,65.0,2.0,583.75,291.875,37.0,12.0,0.0,2011-09-23 15:17:00,0,0.38668571890787506
15763,32.0,3.0,1048.67,349.5566666666667,58.0,45.0,0.0317460317460317,2011-09-23 12:10:00,0,0.41369868943240423
15764,81.0,10.0,3245.47,324.547,150.0,195.0,0.0425531914893617,2011-03-08 09:23:00,0,0.45907989894118584
15766,64.0,1.0,315.06,315.06,11.0,0.0,0.0,2011-10-06 17:03:00,0,0.3859923460805947
15768,116.0,4.0,581.8299999999999,145.45749999999998,24.0,110.0,0.0357142857142857,2011-04-28 09:20:00,0,0.42207567015300396
15769,7.0,29.0,51823.72,1787.024827586207,26.0,363.0,0.1156462585034013,2010-12-03 15:16:00,0,0.622187971480195
15773,6.0,1.0,635.6800000000001,635.6800000000001,10.0,0.0,0.0,2011-12-04 12:48:00,0,0.4323777911590777
15774,69.0,1.0,270.8,270.8,25.0,0.0,0.0,2011-10-02 12:04:00,0,0.37954783647691753
15775,245.0,1.0,104.9,104.9,7.0,0.0,0.0,2011-04-08 12:56:00,0,0.4290509856702701
15776,133.0,1.0,241.62,241.62,18.0,0.0,0.0,2011-07-29 13:46:00,0,0.38350323419328736
15777,241.0,5.0,1021.61,204.322,18.0,120.0,0.0454545454545454,2010-12-13 16:38:00,0,0.47786623906294023
15780,184.0,3.0,475.28,158.42666666666668,26.0,174.0,0.0,2010-12-17 11:43:00,0,0.43238717056573667
15781,25.0,4.0,333.56,83.39,20.0,280.0,0.0476190476190476,2011-02-07 09:15:00,0,0.4533505873155954
15782,10.0,4.0,2593.94,648.485,34.0,79.0,0.0227272727272727,2011-09-11 14:29:00,0,0.4424450565181647
15783,11.0,1.0,246.3,246.3,14.0,0.0,0.0,2011-11-29 09:50:00,0,0.38924449018373447
15785,30.0,8.0,2303.75,287.96875,58.0,265.0,0.0459770114942528,2011-02-17 14:17:00,0,0.4121035883167387
15786,44.0,5.0,4834.2,966.84,257.0,70.0,0.0464285714285714,2011-08-17 13:33:00,0,0.5194724926404751
15787,26.0,3.0,948.05,316.01666666666665,156.0,35.0,0.0,2011-10-09 13:11:00,0,0.4166479535605351
15789,358.0,1.0,351.3,351.3,25.0,0.0,0.0,2010-12-16 14:35:00,0,0.453409278437141
15790,10.0,1.0,220.85,220.85,34.0,0.0,0.0,2011-11-29 14:53:00,0,0.39314306548116273
15791,44.0,3.0,1604.44,534.8133333333334,66.0,160.0,0.0131578947368421,2011-05-19 15:15:00,0,0.4136018012696614
15793,9.0,4.0,948.96,237.24,6.0,259.0,0.0769230769230769,2011-03-16 10:45:00,0,0.47568872531558287
15795,150.0,1.0,610.01,610.01,42.0,0.0,0.0,2011-07-13 10:43:00,0,0.41883271985774106
15796,1.0,10.0,2666.61,266.661,71.0,301.0,0.0148148148148148,2011-02-10 15:40:00,0,0.41893371177427147
15797,113.0,4.0,2207.4,551.85,8.0,206.0,0.0,2011-01-24 15:47:00,0,0.462008389584055
15799,76.0,3.0,884.14,294.7133333333333,94.0,258.0,0.0,2011-01-09 15:13:00,0,0.4052015937507743
15800,107.0,2.0,699.08,349.54,116.0,139.0,0.0,2011-04-07 12:39:00,0,0.41814984538083416
15801,46.0,4.0,1042.19,260.5475,61.0,63.0,0.072463768115942,2011-08-22 09:53:00,0,0.42923658206912063
15802,143.0,3.0,0.01,0.01,1.0,0.0,0.6666666666666666,2011-07-20 11:23:00,0,0.7169633795497122
15803,51.0,1.0,415.8200000000001,415.8200000000001,8.0,0.0,0.0,2011-10-19 14:56:00,0,0.4040371742239793
15804,1.0,19.0,3848.55,202.5552631578948,170.0,198.0,0.0402930402930402,2011-05-25 10:12:00,0,0.4796207586144376
15805,23.0,20.0,5452.17,272.6085,220.0,341.0,0.019543973941368,2010-12-10 09:33:00,0,0.4667376116980574
15806,46.0,3.0,784.58,261.5266666666667,24.0,230.0,0.0,2011-03-08 09:24:00,0,0.3925386587940734
15807,50.0,3.0,903.9,301.3,48.0,26.0,0.0,2011-09-23 14:43:00,0,0.3911041469028445
15808,306.0,5.0,3724.77,744.954,143.0,63.0,0.0095238095238095,2010-12-05 13:05:00,0,0.5487676412560756
15809,36.0,6.0,399.21,66.535,31.0,267.0,0.1860465116279069,2011-02-10 11:16:00,0,0.5079925188541176
15810,79.0,7.0,1145.43,163.63285714285715,66.0,218.0,0.2053571428571428,2011-02-16 09:11:00,0,0.4966769677173761
15811,17.0,9.0,2171.32,241.2577777777778,117.0,348.0,0.0431654676258992,2010-12-09 15:29:00,0,0.4292339637587228
15812,107.0,5.0,1801.14,360.228,36.0,210.0,0.0,2011-01-26 12:12:00,0,0.4208212500683333
15813,208.0,2.0,1303.91,651.9549999999999,40.0,31.0,0.0,2011-04-14 09:09:00,0,0.4430722341378699
15814,3.0,6.0,1842.73,307.12166666666667,64.0,47.0,0.027027027027027,2011-10-20 09:04:00,0,0.4335964450143295
15815,64.0,5.0,2100.6,420.12,33.0,196.0,0.0,2011-03-25 08:43:00,0,0.40623055447235307
15819,49.0,4.0,1905.45,476.3625,96.0,227.0,0.0,2011-03-08 09:45:00,0,0.40184879257448725
15820,320.0,1.0,206.98,206.98,17.0,0.0,0.0,2011-01-24 12:00:00,0,0.4255964130173641
15821,44.0,2.0,570.96,285.48,57.0,17.0,0.0,2011-10-09 13:28:00,0,0.39099318085257406
15822,3.0,2.0,885.47,442.735,28.0,356.0,0.0,2010-12-15 13:38:00,0,0.44920891647206884
15823,337.0,2.0,0.01,0.01,17.0,34.0,0.9411764705882352,2010-12-02 15:08:00,0,0.7335990444350221
15825,172.0,1.0,532.94,532.94,20.0,0.0,0.0,2011-06-20 13:27:00,0,0.4090370653690062
15826,51.0,4.0,1649.36,412.34,64.0,159.0,0.0144927536231884,2011-05-13 10:44:00,0,0.40657695836157887
15827,73.0,20.0,1641.48,82.074,73.0,299.0,0.1417910447761194,2010-12-02 13:06:00,0,0.5416332149197943
15829,99.0,2.0,636.14,318.07,44.0,41.0,0.0,2011-07-22 10:23:00,0,0.39263857865270574
15830,29.0,2.0,547.7,273.85,39.0,8.0,0.048780487804878,2011-11-02 10:40:00,0,0.41518920313687335
15831,58.0,4.0,747.76,186.94,64.0,265.0,0.0144927536231884,2011-01-19 14:44:00,0,0.40009612373065484
15832,254.0,1.0,836.79,836.79,54.0,0.0,0.0,2011-03-30 15:29:00,0,0.4691010815887328
15834,70.0,6.0,2084.9,347.4833333333333,243.0,301.0,0.0108695652173913,2010-12-02 16:45:00,0,0.44812137057309764
15835,44.0,4.0,954.09,238.5225,47.0,286.0,0.0,2011-01-13 10:35:00,0,0.3955388334294612
15836,45.0,2.0,117.47,58.735,10.0,4.0,0.1666666666666666,2011-10-20 17:13:00,0,0.5015680313500922
15837,65.0,1.0,391.98,391.98,24.0,0.0,0.0,2011-10-06 09:01:00,0,0.38265520052312685
15838,11.0,21.0,33350.76,1588.1314285714286,56.0,360.0,0.0118343195266272,2010-12-02 14:23:00,0,0.5515301481306265
15839,25.0,5.0,1020.74,204.148,56.0,122.0,0.0461538461538461,2011-07-14 16:35:00,0,0.4094439573420031
15840,59.0,3.0,345.66,115.22,26.0,113.0,0.0357142857142857,2011-06-20 11:42:00,0,0.4126493245558939
15841,64.0,6.0,1209.1,201.51666666666665,36.0,274.0,0.06,2011-01-05 11:25:00,0,0.4280543695814453
15843,304.0,1.0,118.95000000000002,118.95000000000002,8.0,0.0,0.0,2011-02-09 10:19:00,0,0.4289969731022356
15844,46.0,1.0,130.73999999999998,130.73999999999998,11.0,0.0,0.0,2011-10-24 15:19:00,0,0.39737332946141346
15845,18.0,10.0,3650.87,365.087,97.0,319.0,0.0142857142857142,2011-01-06 17:19:00,0,0.41824239959027704
15847,38.0,2.0,389.27,194.635,22.0,249.0,0.0,2011-02-24 16:46:00,0,0.4017303277208066
15850,19.0,2.0,238.85,119.425,87.0,148.0,0.0,2011-06-24 14:16:00,0,0.41352156828800046
15852,187.0,2.0,160.71,80.355,22.0,10.0,0.0,2011-05-26 13:26:00,0,0.4305786588620657
15853,52.0,1.0,110.8,110.8,29.0,0.0,0.0,2011-10-19 10:38:00,0,0.409787913805808
15854,4.0,12.0,2974.65,247.8875,105.0,357.0,0.0,2010-12-13 11:47:00,0,0.43306364772901274
15855,137.0,5.0,712.24,142.448,59.0,126.0,0.0,2011-03-21 12:32:00,0,0.4235857965973837
15856,4.0,31.0,16173.67,521.7312903225807,297.0,361.0,0.0122511485451761,2010-12-09 13:34:00,0,0.540114468611049
15857,19.0,1.0,297.0,297.0,14.0,0.0,0.0,2011-11-21 12:18:00,0,0.3879483308572714
15858,16.0,5.0,1438.85,287.77,145.0,351.0,0.0,2010-12-07 14:31:00,0,0.4249351498725949
15860,41.0,8.0,977.21,122.15125,105.0,327.0,0.0,2010-12-06 11:38:00,0,0.4356075487935798
15861,12.0,9.0,3000.36,333.37333333333333,339.0,254.0,0.0018281535648994,2011-03-17 20:12:00,0,0.45213631637559437
15862,8.0,4.0,832.88,208.22,142.0,365.0,0.0,2010-12-01 11:21:00,0,0.44436232580537943
15863,26.0,2.0,68.84,34.42,18.0,167.0,0.0,2011-05-31 11:36:00,0,0.5020221078736059
15864,22.0,8.0,1769.7800000000002,221.22250000000005,16.0,293.0,0.1666666666666666,2011-01-27 16:43:00,0,0.5005509593541525
15865,41.0,3.0,895.13,298.37666666666667,37.0,173.0,0.0,2011-05-10 11:44:00,0,0.38548703316982325
15866,101.0,1.0,230.53,230.53,43.0,0.0,0.0,2011-08-30 14:09:00,0,0.39197210939245264
15867,5.0,16.0,3797.79,237.361875,302.0,363.0,0.0043196544276457,2010-12-05 14:17:00,0,0.47006822843657636
15869,277.0,2.0,149.64,74.82,13.0,0.0,0.0,2011-03-07 17:19:00,0,0.44915087498405964
15870,33.0,1.0,354.09000000000003,354.09000000000003,68.0,0.0,0.0,2011-11-07 10:58:00,0,0.40182536427151727
15872,15.0,2.0,360.93,180.465,101.0,0.0,0.0,2011-11-25 11:54:00,0,0.41869392956570906
15874,63.0,9.0,4330.67,481.18555555555554,123.0,220.0,0.1240875912408759,2011-02-28 13:28:00,0,0.4939885065089781
15877,2.0,3.0,440.78,146.92666666666665,122.0,16.0,0.015267175572519,2011-11-22 11:18:00,0,0.43771615816152964
15880,369.0,2.0,313.28000000000003,156.64,95.0,0.0,0.0094339622641509,2010-12-05 13:00:00,0,0.5182253442552415
15881,312.0,8.0,438.24,54.78,26.0,52.0,0.09375,2010-12-10 13:32:00,0,0.5633986620732948
15882,199.0,5.0,495.36,99.072,23.0,169.0,0.0416666666666666,2010-12-06 13:01:00,0,0.4720154970895423
15883,2.0,2.0,396.48,198.24,42.0,31.0,0.0,2011-11-06 14:50:00,0,0.4003060229461209
15885,93.0,3.0,379.35,126.45,18.0,216.0,0.0,2011-02-03 15:28:00,0,0.4135536901820759
15886,60.0,1.0,181.09,181.09,12.0,0.0,0.0,2011-10-10 14:25:00,0,0.38462705963455085
15888,80.0,2.0,141.27,70.635,11.0,0.0,0.1428571428571428,2011-09-20 12:30:00,0,0.4812528655814141
15889,157.0,2.0,446.87,223.435,79.0,212.0,0.0,2010-12-05 15:12:00,0,0.44415937321875026
15891,227.0,1.0,524.52,524.52,60.0,0.0,0.0,2011-04-27 12:35:00,0,0.4382684150972212
15894,253.0,2.0,263.55,131.775,35.0,115.0,0.0,2010-12-05 14:06:00,0,0.44438845903156565
15895,150.0,1.0,179.17,179.17,11.0,0.0,0.0,2011-07-13 10:27:00,0,0.39335993109476336
15897,194.0,2.0,222.05,111.025,17.0,0.0,0.0,2011-05-29 13:32:00,0,0.41384169576927005
15898,1.0,6.0,1384.68,230.78,70.0,367.0,0.0114942528735632,2010-12-06 11:01:00,0,0.43643827862149887
15899,369.0,1.0,56.25,56.25,4.0,0.0,0.0,2010-12-06 10:36:00,0,0.5417451376936595
15900,24.0,1.0,351.11,351.11,44.0,0.0,0.0,2011-11-16 12:19:00,0,0.39210096867164435
15901,17.0,3.0,363.88,121.29333333333334,102.0,138.0,0.0,2011-07-08 12:18:00,0,0.41080434735501825
15903,10.0,8.0,5126.34,640.7925,46.0,285.0,0.0133333333333333,2011-02-17 14:04:00,0,0.4435754548526929
15904,8.0,1.0,164.68,164.68,30.0,0.0,0.0,2011-12-01 14:50:00,0,0.4001096545979847
15906,20.0,8.0,1521.79,190.22375,114.0,235.0,0.0066225165562913,2011-03-29 13:18:00,0,0.4039424318366624
15907,4.0,3.0,967.45,322.4833333333333,175.0,206.0,0.0,2011-05-13 13:01:00,0,0.4190160748413274
15909,174.0,1.0,191.94,191.94,7.0,0.0,0.0,2011-06-19 10:38:00,0,0.40753146431878295
15910,1.0,8.0,1232.18,154.0225,215.0,315.0,0.0,2011-01-27 11:55:00,0,0.44626973368307976
15912,178.0,2.0,264.62,132.31,19.0,54.0,0.0,2011-04-20 17:10:00,0,0.4178596041448711
15916,16.0,10.0,1491.24,149.124,125.0,350.0,0.03125,2010-12-08 12:49:00,0,0.44236133691568275
15917,248.0,1.0,123.1,123.1,12.0,0.0,0.0,2011-04-06 10:40:00,0,0.41404321875566563
15918,191.0,2.0,334.23,167.115,33.0,80.0,0.0,2011-03-13 15:55:00,0,0.41571293998910175
15919,20.0,2.0,639.89,319.945,103.0,349.0,0.0,2010-12-06 11:26:00,0,0.4396164639735989
15920,154.0,4.0,167.5,41.875,53.0,0.0,0.0,2011-07-08 15:16:00,0,0.49020492615947775
15921,173.0,1.0,336.03000000000003,336.03000000000003,24.0,0.0,0.0,2011-06-20 11:03:00,0,0.39073869561171054
15922,372.0,2.0,363.6,181.8,11.0,0.0,0.0833333333333333,2010-12-01 13:51:00,0,0.5123829082995254
15923,373.0,1.0,127.08,127.08,21.0,0.0,0.0,2010-12-02 12:16:00,0,0.47495937951522865
15925,194.0,1.0,207.15,207.15,12.0,0.0,0.0,2011-05-29 15:35:00,0,0.396217233458435
15930,67.0,1.0,426.63,426.63,21.0,0.0,0.0,2011-10-03 14:52:00,0,0.3857264444492319
15932,4.0,11.0,2461.85,223.80454545454543,93.0,285.0,0.0336134453781512,2011-02-23 14:50:00,0,0.42084861067301943
15933,21.0,3.0,1107.46,369.15333333333336,63.0,65.0,0.0,2011-09-14 12:05:00,0,0.3937518499039515
15935,239.0,2.0,416.86,208.43,12.0,2.0,0.0,2011-04-12 09:35:00,0,0.41911345858333104
15937,64.0,1.0,145.35,145.35,7.0,0.0,0.0,2011-10-06 15:48:00,0,0.4004007747092749
15938,112.0,5.0,404.58,80.916,13.0,211.0,0.0,2011-01-20 10:11:00,0,0.4611206118290154
15939,90.0,16.0,6102.26,381.39125,28.0,241.0,0.0129870129870129,2011-01-12 12:43:00,0,0.5008034310562033
15940,311.0,2.0,31.8,15.9,2.0,0.0,0.5,2011-02-01 16:18:00,0,0.6672645949733571
15942,134.0,1.0,337.44,337.44,14.0,0.0,0.0,2011-07-29 09:01:00,0,0.3882789834817318
15944,277.0,1.0,325.1,325.1,6.0,0.0,0.0,2011-03-08 10:33:00,0,0.42842006344537986
15945,365.0,1.0,181.0,181.0,2.0,0.0,0.0,2010-12-09 13:14:00,0,0.4981662123551204
15947,83.0,1.0,1708.24,1708.24,29.0,0.0,0.0,2011-09-18 10:46:00,0,0.4576730481305851
15948,8.0,2.0,955.24,477.62,51.0,35.0,0.0,2011-10-27 08:35:00,0,0.4044189238473
15949,17.0,2.0,364.72,182.36,12.0,54.0,0.0,2011-09-29 17:34:00,0,0.4023917239281803
15950,2.0,5.0,1705.26,341.052,86.0,357.0,0.0485436893203883,2010-12-15 11:56:00,0,0.44155913556197496
15951,1.0,3.0,669.57,223.19000000000003,36.0,284.0,0.0465116279069767,2011-02-27 11:57:00,0,0.42900243411100636
15952,34.0,4.0,806.57,201.6425,65.0,191.0,0.0,2011-04-28 12:55:00,0,0.38455433146870527
15953,15.0,10.0,1634.53,163.453,65.0,354.0,0.0485436893203883,2010-12-05 15:15:00,0,0.43783685010008677
15955,24.0,16.0,4389.81,274.363125,137.0,348.0,0.0108108108108108,2010-12-02 11:22:00,0,0.4425478929435166
15957,32.0,1.0,428.89,428.89,40.0,0.0,0.0,2011-11-08 12:14:00,0,0.3962004487596647
15958,74.0,1.0,104.35,104.35,7.0,0.0,0.0,2011-09-26 13:41:00,0,0.4156866568344005
15963,20.0,2.0,470.76,235.38,26.0,25.0,0.0,2011-10-25 13:05:00,0,0.3890915490216148
15965,17.0,4.0,845.64,211.41,88.0,350.0,0.0,2010-12-07 13:18:00,0,0.4224754934330623
15967,23.0,2.0,418.83,209.415,73.0,295.0,0.0,2011-01-25 11:57:00,0,0.4124608496940393
15969,3.0,4.0,582.9,145.725,20.0,182.0,0.0476190476190476,2011-06-07 12:19:00,0,0.42091533694001115
15970,304.0,1.0,314.1,314.1,11.0,0.0,0.0,2011-02-09 12:08:00,0,0.41727489335092316
15971,18.0,12.0,4199.85,349.9875,10.0,293.0,0.0,2011-02-01 16:47:00,0,0.47608507320434973
15973,236.0,3.0,99.77000000000002,33.256666666666675,4.0,130.0,0.3333333333333333,2010-12-08 11:42:00,0,0.624101635958348
15974,39.0,8.0,3429.55,428.69375,141.0,249.0,0.0056497175141242,2011-02-24 10:10:00,0,0.41793645016863445
15975,84.0,1.0,371.01,371.01,24.0,0.0,0.0,2011-09-16 13:33:00,0,0.38184351750619655
15976,165.0,2.0,430.94,215.47,83.0,54.0,0.0,2011-05-03 17:12:00,0,0.42676284935487196
15977,17.0,2.0,1054.73,527.365,48.0,21.0,0.0,2011-10-31 16:24:00,0,0.40821625824345353
15978,77.0,1.0,1098.78,1098.78,49.0,0.0,0.0,2011-09-23 15:21:00,0,0.43561987856484613
15980,89.0,3.0,2398.86,799.62,40.0,165.0,0.0,2011-03-30 15:05:00,0,0.42750423216493194
15981,25.0,8.0,3408.48,426.06,53.0,286.0,0.0,2011-02-01 13:50:00,0,0.4121262821643702
15983,22.0,4.0,1475.02,368.755,82.0,351.0,0.0,2010-12-01 12:15:00,0,0.4181260757086748
15984,3.0,11.0,2816.97,256.0881818181818,217.0,365.0,0.0181818181818181,2010-12-06 13:21:00,0,0.4532374658510799
15985,123.0,3.0,1037.42,345.8066666666667,29.0,113.0,0.0263157894736842,2011-04-17 11:04:00,0,0.4218706010460793
15986,30.0,1.0,168.12,168.12,14.0,0.0,0.0,2011-11-09 15:17:00,0,0.39035739303627437
15987,12.0,7.0,1451.28,207.32571428571427,110.0,356.0,0.0,2010-12-06 08:34:00,0,0.4210128094560514
15988,19.0,1.0,158.03,158.03,26.0,0.0,0.0,2011-11-20 13:23:00,0,0.39380152613398167
15990,44.0,2.0,792.11,396.055,52.0,243.0,0.0,2011-02-25 15:35:00,0,0.4038750956376423
15992,4.0,1.0,41.99,41.99,3.0,0.0,0.0,2011-12-06 11:00:00,0,0.5254833059486238
15993,9.0,10.0,2756.82,275.682,336.0,35.0,0.0142857142857142,2011-10-26 16:21:00,0,0.5008390933304321
15994,55.0,1.0,427.07,427.07,31.0,0.0,0.0,2011-10-16 12:28:00,0,0.38709259077220753
15996,88.0,7.0,1044.78,149.25428571428571,103.0,277.0,0.0076335877862595,2010-12-08 15:59:00,0,0.43547475089516324
15998,37.0,6.0,3084.17,514.0283333333333,373.0,325.0,0.005893909626719,2010-12-12 13:32:00,0,0.4786251967790416
16000,3.0,3.0,12393.7,4131.233333333334,9.0,0.0,0.0,2011-12-07 12:14:00,0,0.5534078849597055
16003,30.0,5.0,2735.37,547.074,82.0,329.0,0.0,2010-12-15 12:09:00,0,0.4260418925961137
16005,12.0,4.0,615.39,153.8475,173.0,258.0,0.0,2011-03-14 11:46:00,0,0.4188184275546589
16006,211.0,1.0,101.4,101.4,8.0,0.0,0.0,2011-05-12 13:12:00,0,0.42568933846658497
16007,48.0,4.0,1701.94,425.485,221.0,167.0,0.0,2011-05-08 13:32:00,0,0.4274565799525508
16008,24.0,3.0,478.78,159.59333333333333,29.0,180.0,0.0,2011-05-19 10:54:00,0,0.3923844747066419
16009,22.0,4.0,992.71,248.1775,68.0,137.0,0.0,2011-07-03 11:26:00,0,0.38731471976868237
16010,246.0,3.0,407.5,135.83333333333334,62.0,116.0,0.0,2010-12-12 12:18:00,0,0.45108889527184476
16011,8.0,16.0,3362.71,210.169375,99.0,357.0,0.0,2010-12-08 16:34:00,0,0.44354301613068603
16012,35.0,3.0,1415.29,471.7633333333333,87.0,119.0,0.0,2011-07-07 18:02:00,0,0.40327786304603336
16013,4.0,54.0,33366.25,617.8935185185185,34.0,367.0,0.0794701986754966,2010-12-03 13:09:00,0,0.6021299195533227
16014,36.0,4.0,653.13,163.2825,123.0,255.0,0.0202702702702702,2011-02-21 17:42:00,0,0.41428030355975837
16015,4.0,4.0,690.54,172.635,146.0,45.0,0.0108695652173913,2011-10-21 12:56:00,0,0.43262635264415844
16016,3.0,10.0,1483.31,148.331,156.0,363.0,0.0084388185654008,2010-12-08 12:36:00,0,0.4507810814361063
16017,47.0,1.0,211.88,211.88,26.0,0.0,0.0,2011-10-23 12:56:00,0,0.3843069342192845
16018,39.0,2.0,408.9,204.45,26.0,141.0,0.0,2011-06-12 13:52:00,0,0.3895329777438796
16019,2.0,10.0,3450.24,345.024,133.0,362.0,0.0303030303030303,2010-12-10 12:29:00,0,0.44515141416896525
16020,17.0,3.0,851.01,283.67,42.0,48.0,0.0,2011-10-05 13:54:00,0,0.38871512345794645
16022,260.0,1.0,628.28,628.28,68.0,0.0,0.0,2011-03-24 13:16:00,0,0.4586091365762902
16023,46.0,3.0,719.81,239.93666666666664,90.0,220.0,0.0,2011-03-18 13:32:00,0,0.39803641273898727
16024,12.0,1.0,251.24,251.24,61.0,0.0,0.0,2011-11-27 13:26:00,0,0.4045077394588151
16025,30.0,1.0,439.66,439.66,28.0,0.0,0.0,2011-11-10 11:45:00,0,0.3939071401188831
16026,43.0,1.0,236.09,236.09,30.0,0.0,0.0,2011-10-27 13:53:00,0,0.3847518106530761
16027,92.0,7.0,852.12,121.73142857142857,12.0,210.0,0.0588235294117647,2011-02-10 12:19:00,0,0.46338093634254385
16029,39.0,76.0,50992.61,670.9553947368421,46.0,335.0,0.1167883211678832,2010-12-01 09:57:00,0,0.6178319930908802
16030,310.0,1.0,331.24,331.24,28.0,0.0,0.0,2011-02-03 11:28:00,0,0.41937650578758806
16031,92.0,2.0,548.94,274.47,91.0,154.0,0.0,2011-04-06 14:23:00,0,0.4104357970503957
16033,6.0,27.0,8727.61,323.24481481481484,539.0,364.0,0.0130208333333333,2010-12-05 10:36:00,0,0.5263183164522922
16034,196.0,3.0,437.7,145.9,18.0,136.0,0.0,2011-01-11 11:54:00,0,0.43133924422318015
16036,87.0,2.0,758.92,379.46,55.0,176.0,0.0,2011-03-21 13:01:00,0,0.4009125093263114
16037,270.0,3.0,855.02,285.00666666666666,37.0,88.0,0.0,2010-12-16 10:18:00,0,0.4517516155313543
16038,8.0,4.0,454.33,113.5825,24.0,194.0,0.0714285714285714,2011-05-22 11:29:00,0,0.4345976298204369
16040,65.0,3.0,1313.55,437.85,57.0,203.0,0.0,2011-03-16 09:58:00,0,0.39360874608563834
16041,31.0,3.0,3166.4,1055.4666666666667,6.0,110.0,0.0,2011-07-21 16:27:00,0,0.48672159971394596
16042,22.0,7.0,1147.37,163.91,68.0,350.0,0.0533333333333333,2010-12-02 12:50:00,0,0.4363954527351374
16043,38.0,4.0,773.99,193.4975,30.0,280.0,0.0,2011-01-26 11:14:00,0,0.39815691435895895
16045,120.0,4.0,1340.7,335.175,71.0,170.0,0.0,2011-02-22 14:55:00,0,0.41071382299162795
16048,86.0,3.0,243.69000000000003,81.23,9.0,287.0,0.1111111111111111,2010-12-01 15:27:00,0,0.511171994725063
16049,40.0,3.0,1111.79,370.5966666666666,248.0,34.0,0.0,2011-09-25 14:33:00,0,0.4394864161705367
16050,174.0,1.0,137.9,137.9,10.0,0.0,0.0,2011-06-19 11:44:00,0,0.40186124102967713
16052,54.0,1.0,362.06,362.06,34.0,0.0,0.0,2011-10-16 15:13:00,0,0.38327349576817515
16053,33.0,2.0,1511.95,755.975,81.0,89.0,0.0,2011-08-09 14:57:00,0,0.4273451582830266
16054,145.0,1.0,783.9,783.9,70.0,0.0,0.0,2011-07-17 13:08:00,0,0.44538673834611675
16055,221.0,1.0,134.8,134.8,8.0,0.0,0.0,2011-05-03 09:26:00,0,0.4112477682655071
16056,45.0,1.0,664.85,664.85,66.0,0.0,0.0,2011-10-25 15:19:00,0,0.4197840474416076
16057,4.0,10.0,2140.2200000000003,214.022,109.0,280.0,0.0970149253731343,2011-02-28 10:35:00,0,0.4490955558641659
16059,66.0,6.0,1459.86,243.31000000000003,126.0,301.0,0.0,2010-12-07 10:36:00,0,0.41746115792794025
16061,269.0,1.0,0.01,0.01,1.0,0.0,1.0,2011-03-15 14:41:00,0,0.7258321127211895
16062,10.0,4.0,1153.62,288.405,50.0,355.0,0.0,2010-12-10 12:00:00,0,0.41835133273440894
16063,260.0,1.0,335.32,335.32,23.0,0.0,0.0,2011-03-24 14:55:00,0,0.4054920747760292
16065,365.0,1.0,372.09,372.09,71.0,0.0,0.0,2010-12-09 13:03:00,0,0.48568142195594266
16066,17.0,5.0,1521.87,304.374,77.0,107.0,0.0,2011-08-07 14:33:00,0,0.3994596382774503
16070,22.0,2.0,852.15,426.075,32.0,9.0,0.0,2011-11-07 16:36:00,0,0.3983022054039037
16071,45.0,1.0,326.24,326.24,21.0,0.0,0.0,2011-10-26 11:14:00,0,0.3827324982235287
16072,288.0,1.0,584.3199999999999,584.3199999999999,23.0,0.0,0.0,2011-02-24 14:32:00,0,0.4385959439939279
16073,292.0,2.0,94.35,47.175,1.0,5.0,0.5,2011-02-15 15:41:00,0,0.6499815317695149
16076,3.0,11.0,2173.53,197.5936363636364,71.0,205.0,0.015267175572519,2011-05-15 12:31:00,0,0.4242014105433778
16078,284.0,1.0,79.2,79.2,1.0,0.0,0.0,2011-03-01 09:47:00,0,0.5017927691582581
16079,17.0,3.0,1352.0,450.6666666666667,18.0,23.0,0.0,2011-10-30 13:06:00,0,0.4139932287303033
16080,82.0,3.0,176.6,58.86666666666667,10.0,192.0,0.0909090909090909,2011-03-10 14:44:00,0,0.484309652604025
16081,56.0,5.0,2806.9,561.38,175.0,310.0,0.0,2010-12-08 11:16:00,0,0.44246947689858407
16083,101.0,2.0,1317.62,658.81,31.0,259.0,0.0,2010-12-14 11:51:00,0,0.4365527631650154
16084,299.0,1.0,436.18,436.18,38.0,0.0,0.0,2011-02-13 16:05:00,0,0.43423335263904106
16085,23.0,5.0,981.51,196.302,123.0,297.0,0.0,2011-01-23 12:07:00,0,0.40257363354349507
16086,59.0,6.0,1119.31,186.55166666666665,24.0,307.0,0.025,2010-12-07 13:45:00,0,0.4316918190534225
16091,155.0,2.0,315.06,157.53,16.0,43.0,0.0,2011-05-25 09:18:00,0,0.4065219634186773
16092,99.0,5.0,779.36,155.872,37.0,155.0,0.0377358490566037,2011-03-30 15:38:00,0,0.42121568266262255
16093,107.0,1.0,17.0,17.0,1.0,0.0,0.0,2011-08-25 11:09:00,0,0.5712927304112838
16094,12.0,6.0,1041.83,173.63833333333332,48.0,325.0,0.0597014925373134,2011-01-06 17:36:00,0,0.4257185258010776
16096,264.0,1.0,320.62,320.62,12.0,0.0,0.0,2011-03-20 13:38:00,0,0.40767102859292664
16097,240.0,1.0,185.05,185.05,10.0,0.0,0.0,2011-04-13 13:47:00,0,0.40234962239988364
16098,88.0,7.0,2005.63,286.5185714285714,34.0,286.0,0.0,2010-12-01 09:45:00,0,0.4375927029155204
16099,50.0,3.0,731.9,243.96666666666667,29.0,175.0,0.0,2011-04-28 08:34:00,0,0.3874266777718428
16101,9.0,3.0,1245.96,415.32,76.0,61.0,0.0843373493975903,2011-09-30 10:18:00,0,0.44571537851822984
16102,42.0,3.0,1842.14,614.0466666666667,41.0,86.0,0.0,2011-08-03 12:50:00,0,0.41360631755868715
16103,7.0,6.0,1429.64,238.2733333333333,30.0,226.0,0.0,2011-04-20 12:28:00,0,0.40163448063440743
16104,62.0,1.0,302.36,302.36,28.0,0.0,0.0,2011-10-09 10:23:00,0,0.37961117726748267
16105,249.0,1.0,336.96,336.96,13.0,0.0,0.0,2011-04-05 10:13:00,0,0.40579439394515576
16106,66.0,1.0,108.38,108.38,6.0,0.0,0.0,2011-10-05 10:37:00,0,0.41959049968832307
16107,18.0,7.0,3204.1600000000003,457.7371428571429,16.0,165.0,0.0,2011-06-09 18:42:00,0,0.434701697598964
16108,85.0,2.0,816.1,408.05,48.0,0.0,0.0204081632653061,2011-09-16 11:48:00,0,0.42022238604729756
16109,219.0,2.0,611.88,305.94,18.0,89.0,0.0,2011-02-04 12:37:00,0,0.4299016197142101
16110,45.0,3.0,1337.48,445.82666666666665,283.0,266.0,0.0,2011-02-01 14:01:00,0,0.4464898799509801
16112,143.0,4.0,195.74,48.935,15.0,195.0,0.0,2011-01-05 11:47:00,0,0.48710613094447963
16113,183.0,1.0,161.38,161.38,30.0,0.0,0.0,2011-06-09 16:16:00,0,0.40233298025435654
16114,171.0,1.0,135.75000000000003,135.75000000000003,8.0,0.0,0.0,2011-06-22 10:13:00,0,0.40470407580366907
16115,10.0,8.0,1667.97,208.49625,169.0,282.0,0.0,2011-02-20 12:14:00,0,0.41512726853459175
16116,206.0,2.0,592.88,296.44,34.0,5.0,0.0285714285714285,2011-05-12 12:01:00,0,0.434575390300392
16117,190.0,1.0,232.21,232.21,30.0,0.0,0.0,2011-06-03 11:42:00,0,0.39764956602449775
16119,8.0,2.0,423.36,211.68,14.0,64.0,0.0,2011-09-28 10:15:00,0,0.40223573792542605
16120,59.0,5.0,1294.14,258.82800000000003,26.0,0.0,0.0625,2011-10-11 14:10:00,0,0.45175458810762414
16121,57.0,2.0,867.11,433.555,170.0,158.0,0.0,2011-05-08 11:52:00,0,0.422661440550819
16122,73.0,4.0,684.4200000000001,171.10500000000002,26.0,293.0,0.0,2010-12-08 11:41:00,0,0.4144034689861691
16123,52.0,1.0,307.78,307.78,16.0,0.0,0.0,2011-10-19 09:18:00,0,0.3801253909434116
16124,316.0,2.0,187.15,93.575,11.0,1.0,0.3125,2011-01-26 14:45:00,0,0.5607022369292095
16125,367.0,1.0,289.35,289.35,13.0,0.0,0.0,2010-12-07 15:48:00,0,0.45127934798545594
16126,29.0,4.0,6287.77,1571.9425,57.0,267.0,0.0,2011-02-16 11:18:00,0,0.476461834992315
16127,39.0,1.0,656.25,656.25,40.0,0.0,0.0,2011-10-31 13:58:00,0,0.4076438622850107
16128,18.0,5.0,1880.22,376.044,76.0,264.0,0.0,2011-03-02 12:21:00,0,0.39058264011278804
16131,52.0,6.0,3506.54,584.4233333333333,55.0,188.0,0.0,2011-04-14 08:32:00,0,0.42066853969843765
16133,4.0,46.0,14305.66,310.99260869565217,220.0,314.0,0.0714285714285714,2011-01-25 15:55:00,0,0.5607873663553098
16134,22.0,3.0,603.69,201.23,34.0,337.0,0.0789473684210526,2010-12-15 14:00:00,0,0.45136444293441336
16135,263.0,1.0,517.55,517.55,21.0,0.0,0.0,2011-03-22 12:30:00,0,0.42436424018435503
16136,60.0,3.0,709.38,236.46,35.0,217.0,0.0,2011-03-07 09:52:00,0,0.3898524577290904
16138,368.0,1.0,0.01,0.01,1.0,0.0,1.0,2010-12-06 15:10:00,0,0.7320773961733616
16139,19.0,3.0,635.41,211.8033333333333,25.0,187.0,0.0,2011-05-17 10:23:00,0,0.3910126297931075
16140,53.0,4.0,703.77,175.9425,33.0,318.0,0.054054054054054,2010-12-03 14:40:00,0,0.4348581968158433
16141,88.0,1.0,620.4,620.4,30.0,0.0,0.0,2011-09-12 13:11:00,0,0.4025974136212255
16142,250.0,1.0,535.34,535.34,37.0,0.0,0.0,2011-04-04 10:16:00,0,0.42956583813707117
16143,3.0,7.0,2419.84,345.6914285714286,75.0,365.0,0.0084745762711864,2010-12-05 15:18:00,0,0.429650511616858
16144,247.0,1.0,175.2,175.2,1.0,0.0,0.0,2011-04-07 10:09:00,0,0.4660164348440069
16145,9.0,18.0,3741.98,207.88777777777776,134.0,351.0,0.0548523206751054,2010-12-15 09:09:00,0,0.4606609433096557
16146,157.0,3.0,734.13,244.71,26.0,74.0,0.0,2011-04-21 15:25:00,0,0.40949105868841507
16147,134.0,1.0,375.0,375.0,22.0,0.0,0.0,2011-07-29 09:57:00,0,0.38709005740085906
16148,296.0,1.0,76.32000000000001,76.32000000000001,1.0,0.0,0.0,2011-02-16 14:01:00,0,0.5082325997879322
16149,5.0,2.0,280.52,140.26,18.0,137.0,0.0,2011-07-20 14:54:00,0,0.4046096466607462
16150,39.0,10.0,1906.07,190.607,91.0,333.0,0.1397058823529411,2010-12-02 18:27:00,0,0.48487164873843885
16152,269.0,1.0,1829.04,1829.04,29.0,0.0,0.0,2011-03-16 09:47:00,0,0.49561630292184217
16153,50.0,5.0,1824.23,364.846,78.0,305.0,0.0,2010-12-20 09:22:00,0,0.40444656961126296
16156,9.0,13.0,3024.62,232.6630769230769,109.0,302.0,0.0647482014388489,2011-02-02 12:02:00,0,0.4380846741237687
16157,16.0,4.0,644.24,161.06,12.0,56.0,0.0526315789473684,2011-09-28 11:48:00,0,0.436613413707486
16159,282.0,1.0,348.2,348.2,14.0,0.0,0.0,2011-03-03 12:27:00,0,0.41053778524675455
16160,64.0,4.0,1009.45,252.3625,20.0,21.0,0.0909090909090909,2011-09-15 10:53:00,0,0.4484984209211745
16161,2.0,26.0,5352.97,205.88346153846155,293.0,367.0,0.0557768924302788,2010-12-06 09:40:00,0,0.5193980633182628
16162,252.0,1.0,37.4,37.4,2.0,0.0,0.0,2011-04-01 15:03:00,0,0.541694685649064
16163,225.0,3.0,441.6,147.2,5.0,140.0,0.1428571428571428,2010-12-09 16:28:00,0,0.5214091714907675
16164,17.0,4.0,802.53,200.6325,27.0,25.0,0.0285714285714285,2011-10-28 09:12:00,0,0.4156702408455493
16168,11.0,28.0,3770.6,134.6642857142857,57.0,359.0,0.0101010101010101,2010-12-05 11:38:00,0,0.48764079967166907
16169,8.0,4.0,1822.97,455.7425,71.0,67.0,0.0,2011-09-25 11:33:00,0,0.4144766892817975
16170,51.0,7.0,1880.42,268.63142857142856,106.0,197.0,0.0157480314960629,2011-04-05 13:42:00,0,0.4084679982037691
16171,59.0,1.0,73.2,73.2,3.0,0.0,0.0,2011-10-11 14:51:00,0,0.4616488625366872
16172,95.0,5.0,1140.21,228.042,52.0,146.0,0.0,2011-04-12 12:02:00,0,0.4021374686428533
16173,16.0,7.0,1406.57,200.9385714285714,70.0,82.0,0.0344827586206896,2011-09-02 15:23:00,0,0.43126705608113614
16174,126.0,3.0,1009.55,336.5166666666667,19.0,25.0,0.0,2011-07-11 09:23:00,0,0.41257770290356893
16175,94.0,4.0,1037.59,259.3975,45.0,145.0,0.0,2011-04-13 14:38:00,0,0.39400955973772445
16177,50.0,1.0,331.95,331.95,15.0,0.0,0.0,2011-10-20 12:57:00,0,0.38326601867031473
16178,138.0,1.0,197.9,197.9,8.0,0.0,0.0,2011-07-24 16:05:00,0,0.39891982761972256
16179,61.0,1.0,215.83,215.83,11.0,0.0,0.0,2011-10-10 09:41:00,0,0.3862321132708953
16180,100.0,10.0,10217.48,1021.748,92.0,152.0,0.0795454545454545,2011-04-01 10:23:00,0,0.5385420208697387
16181,73.0,1.0,305.54,305.54,11.0,0.0,0.0,2011-09-27 13:38:00,0,0.38571137521096005
16182,72.0,4.0,6617.65,1654.4125,17.0,222.0,0.0,2011-02-18 10:11:00,0,0.4925213823170429
16183,67.0,1.0,338.71000000000004,338.71000000000004,15.0,0.0,0.0,2011-10-03 14:59:00,0,0.3810306352532809
16184,64.0,7.0,1155.54,165.07714285714286,26.0,147.0,0.0217391304347826,2011-05-12 13:33:00,0,0.42452895852924394
16185,17.0,2.0,529.41,264.705,31.0,215.0,0.0,2011-04-21 11:59:00,0,0.3919853109645585
16186,23.0,13.0,3991.94,307.0723076923077,87.0,349.0,0.0045662100456621,2010-12-02 14:40:00,0,0.4356448956486152
16187,32.0,17.0,6841.24,402.4258823529412,160.0,252.0,0.0067340067340067,2011-02-28 13:34:00,0,0.4677995940805377
16188,45.0,4.0,981.86,245.465,65.0,198.0,0.0,2011-04-11 09:44:00,0,0.3864529201977247
16189,16.0,2.0,215.48,107.74,9.0,69.0,0.0,2011-09-15 15:21:00,0,0.4219014447428839
16190,40.0,1.0,215.08,215.08,6.0,0.0,0.0,2011-10-30 15:59:00,0,0.40397494541730594
16191,3.0,25.0,4913.32,196.5328,67.0,357.0,0.1125827814569536,2010-12-14 12:38:00,0,0.513462425736212
16193,237.0,1.0,314.45,314.45,19.0,0.0,0.0,2011-04-17 11:45:00,0,0.3992902613463307
16198,75.0,1.0,400.681,400.681,15.0,0.0,0.0,2011-09-25 14:58:00,0,0.38586690965083453
16200,4.0,2.0,1080.62,540.3100000000001,149.0,159.0,0.0,2011-06-28 15:47:00,0,0.4329847556883931
16201,3.0,5.0,1821.52,364.304,74.0,106.0,0.0347826086956521,2011-08-22 10:47:00,0,0.4229094852296619
16202,361.0,1.0,365.27,365.27,18.0,0.0,0.0,2010-12-14 10:43:00,0,0.4552901250167486
16203,59.0,5.0,589.15,117.83,27.0,313.0,0.0277777777777777,2010-12-02 15:39:00,0,0.44190300810275623
16204,23.0,1.0,405.71,405.71,45.0,0.0,0.0,2011-11-16 13:40:00,0,0.3982629851280809
16205,31.0,4.0,761.38,190.345,73.0,148.0,0.0,2011-06-13 11:33:00,0,0.3851678099689307
16206,55.0,4.0,537.0600000000001,134.265,52.0,272.0,0.0,2011-01-16 11:07:00,0,0.4091758152590647
16207,25.0,1.0,394.38,394.38,19.0,0.0,0.0,2011-11-14 13:51:00,0,0.390427627954435
16208,45.0,2.0,664.26,332.13,61.0,244.0,0.0,2011-02-23 13:37:00,0,0.39821062899343285
16209,89.0,5.0,2262.62,452.524,37.0,157.0,0.0,2011-04-07 12:23:00,0,0.4207908067691906
16210,2.0,18.0,21086.3,1171.461111111111,74.0,372.0,0.0,2010-12-01 12:27:00,0,0.5362552028673059
16211,81.0,2.0,542.77,271.385,23.0,7.0,0.0416666666666666,2011-09-12 12:11:00,0,0.4108177717589794
16212,19.0,3.0,681.19,227.06333333333336,40.0,264.0,0.0465116279069767,2011-03-01 12:51:00,0,0.4156345908971109
16213,79.0,1.0,159.0,159.0,6.0,0.0,0.0,2011-09-22 10:03:00,0,0.402905462030242
16214,171.0,3.0,1062.75,354.25,36.0,98.0,0.0,2011-03-15 13:23:00,0,0.4211100324336633
16215,81.0,1.0,242.35,242.35,14.0,0.0,0.0,2011-09-20 10:18:00,0,0.3796285169255434
16216,267.0,1.0,914.93,914.93,37.0,0.0,0.0,2011-03-17 15:34:00,0,0.4614001381519503
16217,235.0,4.0,259.39000000000004,64.84750000000001,14.0,46.0,0.2105263157894736,2011-03-02 15:28:00,0,0.5365135761508047
16218,30.0,8.0,3054.87,381.85875,56.0,343.0,0.0666666666666666,2010-12-01 11:29:00,0,0.45273312957893974
16221,37.0,3.0,864.86,288.2866666666667,90.0,330.0,0.0,2010-12-07 13:13:00,0,0.4176146325733265
16222,318.0,1.0,846.72,846.72,120.0,0.0,0.0,2011-01-25 13:38:00,0,0.5129691036192329
16224,57.0,4.0,1295.3,323.825,90.0,192.0,0.0,2011-04-04 12:00:00,0,0.39076575926906054
16225,45.0,5.0,1096.32,219.264,109.0,232.0,0.0,2011-03-07 12:17:00,0,0.39344423192763756
16226,203.0,3.0,255.12,85.04,6.0,32.0,0.0,2011-04-18 12:58:00,0,0.46365928065614637
16227,219.0,2.0,308.32000000000005,154.16000000000005,6.0,6.0,0.1428571428571428,2011-04-28 13:33:00,0,0.4882902863080429
16229,87.0,2.0,1010.6,505.3,46.0,125.0,0.0,2011-05-11 10:18:00,0,0.40419153902720656
16230,190.0,2.0,542.03,271.015,32.0,30.0,0.0,2011-05-03 15:12:00,0,0.4103453501051533
16232,33.0,5.0,983.23,196.646,24.0,182.0,0.0263157894736842,2011-05-08 14:05:00,0,0.4082432211281393
16233,71.0,5.0,422.13,84.426,22.0,295.0,0.12,2010-12-08 12:51:00,0,0.48149367422197725
16235,41.0,6.0,858.41,143.06833333333333,42.0,291.0,0.0416666666666666,2011-01-11 15:42:00,0,0.4173313937880893
16236,78.0,1.0,432.2,432.2,20.0,0.0,0.0,2011-09-22 14:10:00,0,0.3865697266608197
16239,57.0,3.0,372.9,124.3,18.0,132.0,0.0952380952380952,2011-06-03 09:30:00,0,0.43118962379241166
16240,8.0,5.0,3693.81,738.762,127.0,69.0,0.0492957746478873,2011-09-23 13:44:00,0,0.4832913815040667
16241,10.0,13.0,2607.87,200.6053846153846,347.0,360.0,0.0,2010-12-05 11:04:00,0,0.4767318983896351
16242,8.0,8.0,3598.26,449.7825,184.0,268.0,0.0033898305084745,2011-03-07 17:04:00,0,0.431082545780813
16243,34.0,2.0,409.1,204.55,49.0,21.0,0.0,2011-10-16 12:09:00,0,0.39276195006234155
16244,212.0,2.0,1522.75,761.375,88.0,160.0,0.0,2010-12-02 11:41:00,0,0.47379786508656674
16245,24.0,5.0,1352.36,270.47200000000004,80.0,233.0,0.032258064516129,2011-03-28 09:30:00,0,0.3997077311065008
16247,170.0,1.0,114.56,114.56,16.0,0.0,0.0,2011-06-22 14:23:00,0,0.4058642701946306
16248,62.0,1.0,152.94,152.94,7.0,0.0,0.0,2011-10-09 11:32:00,0,0.39908687587406155
16249,53.0,5.0,1800.07,360.014,67.0,186.0,0.0,2011-04-14 13:50:00,0,0.3947061266620882
16250,261.0,2.0,389.44,194.72,22.0,112.0,0.0,2010-12-01 09:59:00,0,0.44028478835118556
16252,366.0,1.0,0.01,0.01,21.0,0.0,1.0,2010-12-08 16:15:00,0,0.7261303638916407
16253,32.0,3.0,3665.62,1221.8733333333332,115.0,223.0,0.0080645161290322,2011-03-29 13:33:00,0,0.45983978961652117
16255,17.0,10.0,2609.3,260.93,146.0,348.0,0.0145985401459854,2010-12-09 14:25:00,0,0.4269845506213616
16256,258.0,2.0,732.63,366.315,13.0,8.0,0.0714285714285714,2011-03-18 12:18:00,0,0.4670721957985838
16257,177.0,1.0,46.95,46.95,2.0,0.0,0.0,2011-06-16 10:11:00,0,0.5134189178667526
16258,45.0,5.0,5203.51,1040.702,111.0,173.0,0.0,2011-05-04 14:33:00,0,0.45897395895909504
16260,51.0,1.0,1035.45,1035.45,18.0,0.0,0.0,2011-10-20 09:40:00,0,0.4307760461066252
16261,17.0,4.0,746.83,186.7075,98.0,228.0,0.0,2011-04-07 19:05:00,0,0.3931625088583077
16262,361.0,1.0,0.01,0.01,3.0,0.0,1.0,2010-12-14 11:55:00,0,0.7273747286582973
16265,9.0,11.0,5423.15,493.0136363636364,164.0,355.0,0.0076923076923076,2010-12-10 10:21:00,0,0.4501245683530673
16266,74.0,7.0,861.89,123.12714285714286,44.0,132.0,0.0,2011-05-17 14:50:00,0,0.418927940697258
16268,71.0,2.0,667.65,333.825,45.0,0.0,0.0,2011-09-29 18:30:00,0,0.3919986828861535
16270,353.0,1.0,1141.24,1141.24,54.0,0.0,0.0,2010-12-21 14:26:00,0,0.5235132971859628
16271,3.0,6.0,1423.29,237.215,90.0,355.0,0.0074626865671641,2010-12-16 16:36:00,0,0.4229670819089916
16272,117.0,1.0,411.7,411.7,25.0,0.0,0.0,2011-08-15 10:53:00,0,0.3892322463615048
16274,373.0,1.0,357.95,357.95,64.0,0.0,0.0,2010-12-01 15:35:00,0,0.4930566088323592
16275,197.0,1.0,559.87,559.87,33.0,0.0,0.0,2011-05-27 12:41:00,0,0.41932522574205494
16276,177.0,1.0,810.6000000000001,810.6000000000001,6.0,0.0,0.0,2011-06-16 09:34:00,0,0.4618683119374003
16278,23.0,3.0,537.83,179.27666666666667,23.0,76.0,0.08,2011-08-31 17:12:00,0,0.4189548148049967
16279,21.0,4.0,1496.68,374.17,104.0,312.0,0.018348623853211,2011-01-10 09:56:00,0,0.4096057340573572
16281,72.0,1.0,2062.06,2062.06,17.0,0.0,0.0,2011-09-28 14:57:00,0,0.46924499329618025
16282,340.0,1.0,168.3,168.3,11.0,0.0,0.0,2011-01-04 11:42:00,0,0.44118705343352965
16283,6.0,7.0,1531.51,218.78714285714287,117.0,202.0,0.0119047619047619,2011-05-15 13:37:00,0,0.4078744934677633
16284,31.0,2.0,823.97,411.985,87.0,19.0,0.0,2011-10-20 13:54:00,0,0.4084672655648264
16287,170.0,1.0,142.5,142.5,8.0,0.0,0.0,2011-06-23 09:08:00,0,0.40277822125076573
16292,117.0,2.0,280.9,140.45,17.0,4.0,0.1052631578947368,2011-08-10 12:24:00,0,0.4409011439945962
16293,9.0,12.0,2236.74,186.395,102.0,358.0,0.0166666666666666,2010-12-07 15:02:00,0,0.4358690495622963
16295,10.0,4.0,1328.55,332.1375,70.0,54.0,0.0,2011-10-06 10:45:00,0,0.4013925579884042
16297,213.0,4.0,275.4,68.85,21.0,56.0,0.1304347826086956,2011-03-16 08:29:00,0,0.5012480839512233
16298,23.0,3.0,598.2,199.4,22.0,164.0,0.0,2011-06-06 10:06:00,0,0.3913903049905454
16302,108.0,2.0,212.82,106.41,11.0,18.0,0.0833333333333333,2011-08-05 09:44:00,0,0.45302045473872876
16303,26.0,4.0,5305.83,1326.4575,119.0,307.0,0.029940119760479,2011-01-10 14:16:00,0,0.48013255365388485
16305,139.0,1.0,361.22,361.22,22.0,0.0,0.0,2011-07-24 12:18:00,0,0.38876009409326345
16306,214.0,9.0,602.27,66.91888888888889,36.0,153.0,0.0681818181818181,2010-12-07 15:18:00,0,0.5227441518503615
16308,38.0,4.0,2560.0,640.0,1.0,223.0,0.0,2011-03-23 14:46:00,0,0.498482168329524
16309,92.0,3.0,686.67,228.89,39.0,149.0,0.0454545454545454,2011-04-13 11:46:00,0,0.41011877582089656
16311,18.0,2.0,616.26,308.13,35.0,31.0,0.0,2011-10-21 13:13:00,0,0.3868505163603156
16313,3.0,2.0,274.15000000000003,137.07500000000002,16.0,46.0,0.0,2011-10-21 09:04:00,0,0.4060551459164492
16315,331.0,1.0,226.37,226.37,14.0,0.0,0.0,2011-01-13 11:57:00,0,0.4305997167905555
16316,64.0,12.0,2755.56,229.63,121.0,293.0,0.032051282051282,2010-12-16 14:26:00,0,0.4424217945486996
16317,120.0,3.0,1341.65,447.2166666666667,64.0,177.0,0.0,2011-02-15 14:30:00,0,0.41662984038985706
16318,35.0,1.0,328.15,328.15,19.0,0.0,0.0,2011-11-04 13:05:00,0,0.38511188446291217
16319,218.0,1.0,404.4,404.4,3.0,0.0,0.0,2011-05-06 11:27:00,0,0.4495845504160027
16320,172.0,2.0,1038.46,519.23,56.0,40.0,0.0,2011-05-10 15:31:00,0,0.433878986818944
16321,72.0,7.0,230.7,32.95714285714286,7.0,251.0,0.25,2011-01-20 12:11:00,0,0.5929103617871332
16322,1.0,2.0,326.75,163.375,28.0,35.0,0.0,2011-11-03 14:33:00,0,0.40011862139652643
16323,196.0,1.0,207.50000000000003,207.50000000000003,1.0,0.0,0.0,2011-05-27 14:48:00,0,0.46480862612925916
16324,128.0,3.0,428.68,142.89333333333337,100.0,48.0,0.0,2011-06-15 14:26:00,0,0.42720742471392986
16325,44.0,5.0,510.54,102.108,14.0,201.0,0.1,2011-04-08 09:20:00,0,0.4542775064970301
16326,6.0,15.0,3085.96,205.73066666666668,158.0,328.0,0.003125,2011-01-09 12:01:00,0,0.4428020873676758
16327,14.0,6.0,3844.22,640.7033333333333,142.0,355.0,0.0,2010-12-05 12:43:00,0,0.4454025476241808
16330,18.0,4.0,242.21,60.5525,39.0,94.0,0.048780487804878,2011-08-19 17:08:00,0,0.44916401184897314
16332,28.0,8.0,1583.2,197.9,125.0,277.0,0.0064935064935064,2011-02-07 14:16:00,0,0.40873184542526125
16333,8.0,22.0,26626.8,1210.3090909090909,9.0,302.0,0.0,2011-02-03 10:50:00,0,0.5762255170695618
16337,37.0,1.0,151.05,151.05,10.0,0.0,0.0,2011-11-03 10:03:00,0,0.3963452244689426
16338,157.0,1.0,214.8,214.8,11.0,0.0,0.0,2011-07-05 13:56:00,0,0.3939145780898108
16339,284.0,1.0,109.95,109.95,17.0,0.0,0.0,2011-02-28 13:41:00,0,0.4284629891837199
16340,107.0,1.0,549.07,549.07,124.0,0.0,0.0,2011-08-24 14:53:00,0,0.437291019835339
16341,25.0,6.0,1959.38,326.56333333333333,60.0,176.0,0.0833333333333333,2011-05-22 13:20:00,0,0.43500871745991204
16342,75.0,4.0,322.41,80.6025,10.0,104.0,0.0,2011-06-13 10:10:00,0,0.44560992704992924
16343,16.0,2.0,370.48,185.24,29.0,0.0,0.0,2011-11-23 17:43:00,0,0.39084796749764833
16344,158.0,1.0,101.1,101.1,1.0,0.0,0.0,2011-07-04 15:50:00,0,0.4755362162898426
16345,44.0,1.0,575.41,575.41,35.0,0.0,0.0,2011-10-26 16:03:00,0,0.3998768765300535
16347,11.0,2.0,887.65,443.825,61.0,25.0,0.0,2011-11-03 13:01:00,0,0.4049407483502914
16348,32.0,7.0,1469.45,209.92142857142855,157.0,207.0,0.0,2011-04-13 15:49:00,0,0.4112599965487229
16349,291.0,1.0,53.5,53.5,9.0,0.0,0.0,2011-02-22 12:40:00,0,0.49418650852893836
16350,21.0,5.0,1100.47,220.094,41.0,344.0,0.05,2010-12-09 14:43:00,0,0.4345486591166096
16351,333.0,1.0,153.9,153.9,8.0,0.0,0.0,2011-01-11 10:26:00,0,0.44015110812878977
16352,18.0,2.0,494.44,247.22,28.0,20.0,0.0,2011-11-02 08:44:00,0,0.38867094771297916
16353,4.0,23.0,6675.71,290.24826086956523,51.0,366.0,0.0,2010-12-05 12:09:00,0,0.4844871972579627
16354,63.0,2.0,395.8,197.9,38.0,9.0,0.0,2011-09-27 16:28:00,0,0.3867742930664238
16356,198.0,4.0,210.32,52.580000000000005,20.0,79.0,0.03125,2011-03-07 12:31:00,0,0.4853836949917154
16357,33.0,3.0,658.88,219.6266666666667,31.0,180.0,0.0,2011-05-10 10:35:00,0,0.3890318098273483
16358,1.0,5.0,2024.95,404.99,82.0,183.0,0.009090909090909,2011-06-08 15:05:00,0,0.4088776851229914
16359,7.0,12.0,1460.37,121.6975,39.0,324.0,0.0571428571428571,2011-01-12 10:49:00,0,0.46144696363003457
16360,5.0,8.0,3411.69,426.46125,365.0,83.0,0.0134128166915052,2011-09-12 13:50:00,0,0.49934461849710604
16361,10.0,4.0,896.66,224.165,87.0,61.0,0.0,2011-09-29 13:13:00,0,0.40468716285292117
16362,32.0,9.0,652.07,72.45222222222223,58.0,58.0,0.1,2011-09-09 14:47:00,0,0.4897895213688472
16363,53.0,1.0,109.36,109.36,5.0,0.0,0.0,2011-10-17 14:14:00,0,0.4239289189027688
16364,12.0,2.0,707.04,353.52,48.0,125.0,0.0,2011-07-25 14:35:00,0,0.3887574691882036
16365,18.0,9.0,1540.42,171.1577777777778,45.0,349.0,0.0,2010-12-07 17:19:00,0,0.4278865389364668
16366,19.0,1.0,327.3,327.3,18.0,0.0,0.0,2011-11-21 08:19:00,0,0.3874244934900586
16367,37.0,2.0,804.49,402.245,123.0,325.0,0.0,2010-12-12 12:01:00,0,0.4384816175900297
16368,2.0,2.0,497.43,248.715,58.0,25.0,0.0,2011-11-11 15:08:00,0,0.40267873881218263
16369,18.0,3.0,1553.66,517.8866666666667,91.0,178.0,0.0,2011-05-27 09:39:00,0,0.4062298270864163
16370,82.0,4.0,1320.56,330.14,143.0,142.0,0.0,2011-04-28 16:40:00,0,0.4132716892087989
16372,33.0,2.0,367.93,183.965,86.0,0.0,0.0,2011-11-06 12:50:00,0,0.40940557050484594
16374,66.0,2.0,473.03,236.515,101.0,196.0,0.0,2011-03-22 13:46:00,0,0.4121852951524208
16376,9.0,3.0,977.52,325.84,104.0,8.0,0.0234375,2011-11-22 16:47:00,0,0.4341729495206446
16377,267.0,1.0,676.2,676.2,5.0,0.0,0.0,2011-03-17 15:41:00,0,0.46868611323304954
16378,247.0,3.0,362.95,120.98333333333332,22.0,63.0,0.0,2011-02-02 12:42:00,0,0.4415365855509863
16379,4.0,5.0,2131.9,426.38,87.0,74.0,0.0091743119266055,2011-09-22 09:33:00,0,0.4300756516160043
16380,61.0,1.0,1780.59,1780.59,28.0,0.0,0.0,2011-10-09 15:40:00,0,0.45924065689737165
16383,75.0,2.0,668.36,334.18,80.0,193.0,0.0,2011-03-16 13:00:00,0,0.3991266146678126
16384,90.0,2.0,584.5,292.25,33.0,174.0,0.0,2011-03-21 10:13:00,0,0.39734196806425925
16385,60.0,3.0,555.89,185.29666666666665,52.0,306.0,0.0,2010-12-08 12:56:00,0,0.4119711050821364
16386,29.0,2.0,317.2,158.6,76.0,225.0,0.0,2011-03-31 12:19:00,0,0.4069716304741797
16387,323.0,1.0,94.36,94.36,4.0,0.0,0.0,2011-01-21 11:34:00,0,0.4740027597824005
16389,53.0,5.0,1362.27,272.454,33.0,229.0,0.0285714285714285,2011-03-01 15:47:00,0,0.4066830037817854
16392,270.0,1.0,221.19,221.19,41.0,0.0,0.0,2011-03-15 12:11:00,0,0.4190777431973717
16393,2.0,20.0,2941.05,147.0525,121.0,366.0,0.0782122905027933,2010-12-05 13:10:00,0,0.49654166575025815
16394,50.0,9.0,1412.06,156.89555555555555,61.0,239.0,0.17,2011-02-23 10:58:00,0,0.4856127970064678
16395,61.0,5.0,1486.9,297.38,150.0,270.0,0.0,2011-01-13 12:10:00,0,0.41119431746671575
16398,145.0,4.0,1631.15,407.7875,75.0,109.0,0.0465116279069767,2011-03-31 09:38:00,0,0.45743079957643357
16399,19.0,2.0,408.57,204.285,68.0,216.0,0.0,2011-04-18 13:46:00,0,0.40039826709339016
16400,95.0,1.0,303.93,303.93,28.0,0.0,0.0,2011-09-06 12:27:00,0,0.3826407631812131
16401,1.0,20.0,4061.24,203.062,68.0,326.0,0.0606060606060606,2011-01-16 10:56:00,0,0.46666761095971304
16402,265.0,2.0,299.6,149.8,55.0,104.0,0.0,2010-12-05 13:42:00,0,0.4528674543754436
16403,302.0,2.0,161.04999999999998,80.52499999999999,10.0,10.0,0.3333333333333333,2011-01-31 13:39:00,0,0.5702188285199985
16404,70.0,1.0,443.05,443.05,23.0,0.0,0.0,2011-09-30 14:55:00,0,0.3874257412932567
16405,302.0,2.0,167.25,83.625,3.0,7.0,0.0,2011-02-02 17:08:00,0,0.48788843542525967
16406,19.0,1.0,163.07,163.07,54.0,0.0,0.0,2011-11-21 11:57:00,0,0.41152858105277307
16407,13.0,10.0,2126.93,212.693,99.0,299.0,0.0,2011-01-31 14:02:00,0,0.41280910875413773
16409,36.0,5.0,2028.88,405.776,145.0,281.0,0.0,2011-01-26 14:51:00,0,0.40772375980727976
16411,19.0,2.0,214.65,107.325,41.0,349.0,0.0,2010-12-05 13:26:00,0,0.456573392042372
16412,54.0,1.0,151.83,151.83,25.0,0.0,0.0,2011-10-17 12:35:00,0,0.38929174863458454
16413,57.0,1.0,262.2,262.2,30.0,0.0,0.0,2011-10-14 12:08:00,0,0.38016882394230134
16414,22.0,2.0,126.25,63.125,5.0,258.0,0.0,2011-03-04 13:27:00,0,0.49260120845238026
16415,44.0,1.0,210.35,210.35,45.0,0.0,0.0,2011-10-26 13:35:00,0,0.3949755787160012
16416,27.0,4.0,1026.99,256.7475,60.0,29.0,0.0273972602739726,2011-10-14 13:35:00,0,0.4141581250231155
16418,45.0,3.0,675.27,225.09,76.0,181.0,0.0,2011-04-27 16:54:00,0,0.3888263636857877
16419,113.0,7.0,959.48,137.06857142857143,36.0,199.0,0.0192307692307692,2011-02-01 12:25:00,0,0.4405578511647741
16422,17.0,75.0,33805.69,450.74253333333337,72.0,351.0,0.075187969924812,2010-12-05 15:35:00,0,0.5774094182147078
16423,25.0,1.0,346.12,346.12,18.0,0.0,0.0,2011-11-15 09:21:00,0,0.3863037840772846
16424,191.0,2.0,82.56,41.28,6.0,145.0,0.1666666666666666,2011-01-06 13:56:00,0,0.5690124786031482
16425,302.0,1.0,302.7,302.7,21.0,0.0,0.0,2011-02-10 14:30:00,0,0.41322298756796727
16426,2.0,10.0,1908.25,190.825,211.0,273.0,0.0,2011-03-08 15:45:00,0,0.436697265656738
16427,263.0,2.0,241.06,120.53,8.0,21.0,0.0,2011-02-28 15:18:00,0,0.44668894897713995
16428,81.0,1.0,0.01,0.01,1.0,0.0,1.0,2011-09-19 16:31:00,0,0.7286840449168446
16429,106.0,1.0,284.55,284.55,2.0,0.0,0.0,2011-08-25 13:54:00,0,0.4418450424973816
16430,57.0,1.0,300.85,300.85,6.0,0.0,0.0,2011-10-13 14:47:00,0,0.4027860420306877
16431,213.0,3.0,642.81,214.27,51.0,84.0,0.0,2011-02-15 14:02:00,0,0.43146771545690493
16432,64.0,1.0,287.4,287.4,8.0,0.0,0.0,2011-10-06 13:59:00,0,0.3921624810211419
16433,28.0,1.0,184.26,184.26,17.0,0.0,0.0,2011-11-11 14:09:00,0,0.38738975483245136
16434,29.0,7.0,1522.25,217.4642857142857,88.0,270.0,0.0,2011-02-13 12:17:00,0,0.3952499590527863
16438,6.0,5.0,798.35,159.67000000000002,74.0,76.0,0.0,2011-09-18 13:31:00,0,0.40839798521292703
16440,8.0,5.0,3640.67,728.134,186.0,206.0,0.0,2011-05-09 12:25:00,0,0.4495670865723314
16441,67.0,2.0,381.2,190.6,22.0,224.0,0.0,2011-02-21 17:35:00,0,0.40161094440060563
16442,2.0,3.0,616.79,205.59666666666664,161.0,359.0,0.0,2010-12-14 10:46:00,0,0.4586584852562761
16444,46.0,5.0,638.77,127.754,70.0,218.0,0.0232558139534883,2011-03-20 12:11:00,0,0.4113132174834215
16445,34.0,1.0,230.51,230.51,62.0,0.0,0.0,2011-11-06 12:32:00,0,0.4026120665417054
16446,1.0,3.0,2.8999999999941792,0.9666666666647264,3.0,204.0,0.25,2011-05-18 09:52:00,0,0.6663510482037858
16447,136.0,1.0,259.01,259.01,34.0,0.0,0.0,2011-07-27 12:45:00,0,0.3899930876375234
16448,198.0,1.0,188.89,188.89,19.0,0.0,0.0,2011-05-25 16:28:00,0,0.3964982176812227
16449,191.0,3.0,674.69,224.89666666666668,40.0,89.0,0.0697674418604651,2011-03-04 12:15:00,0,0.4497818552352379
16450,150.0,1.0,311.92,311.92,11.0,0.0,0.0,2011-07-13 11:47:00,0,0.39519165383814936
16451,88.0,1.0,266.97,266.97,14.0,0.0,0.0,2011-09-13 09:17:00,0,0.38186918490754224
16454,45.0,3.0,0.01,0.01,2.0,196.0,0.3333333333333333,2011-04-13 10:36:00,0,0.6836703596206941
16455,64.0,7.0,1841.18,263.0257142857143,69.0,307.0,0.0,2010-12-03 16:44:00,0,0.4139343319418465
16456,99.0,5.0,2158.37,431.674,80.0,273.0,0.0,2010-12-01 14:11:00,0,0.4281353506648693
16457,218.0,1.0,208.36,208.36,9.0,0.0,0.0,2011-05-05 13:19:00,0,0.4015953330085457
16458,3.0,18.0,3482.74,193.4855555555556,52.0,357.0,0.0,2010-12-14 11:51:00,0,0.4560091097020125
16460,28.0,3.0,814.72,271.5733333333333,128.0,53.0,0.0,2011-09-19 10:15:00,0,0.4101193695985356
16461,178.0,1.0,151.42,151.42,31.0,0.0,0.0,2011-06-15 12:07:00,0,0.404237710700677
16462,64.0,4.0,102.0,25.5,1.0,219.0,0.25,2011-03-01 08:58:00,0,0.6226328068857528
16463,21.0,7.0,1383.7,197.67142857142855,74.0,182.0,0.0352941176470588,2011-05-19 14:45:00,0,0.40756838063991324
16464,20.0,3.0,1314.68,438.2266666666667,152.0,122.0,0.0,2011-07-20 13:53:00,0,0.41790115039858855
16466,34.0,7.0,1603.46,229.06571428571428,103.0,258.0,0.0,2011-02-20 11:39:00,0,0.39545431470110076
16468,74.0,1.0,74.9,74.9,2.0,0.0,0.0,2011-09-26 14:13:00,0,0.46546394433821225
16469,24.0,4.0,650.43,162.6075,148.0,222.0,0.0,2011-04-07 13:11:00,0,0.40824682473606483
16470,52.0,5.0,757.44,151.488,120.0,307.0,0.0058479532163742,2010-12-16 11:10:00,0,0.42358292383500756
16471,275.0,1.0,223.95,223.95,13.0,0.0,0.0,2011-03-10 09:41:00,0,0.40418541535321145
16473,165.0,4.0,314.86,78.715,18.0,171.0,0.0526315789473684,2011-01-07 10:55:00,0,0.47096738394837895
16474,7.0,11.0,1811.47,164.67909090909092,237.0,137.0,0.0217391304347826,2011-07-17 14:51:00,0,0.46792350426946294
16475,88.0,4.0,544.3,136.075,23.0,185.0,0.0,2011-03-11 09:39:00,0,0.4089365248649946
16477,64.0,7.0,2494.46,356.3514285714286,111.0,307.0,0.0,2010-12-03 12:48:00,0,0.41745018214194346
16478,25.0,3.0,331.0,110.33333333333331,15.0,40.0,0.0,2011-10-05 12:02:00,0,0.40899167184131485
16479,10.0,2.0,300.83,150.415,35.0,0.0,0.0,2011-11-29 13:04:00,0,0.39870661980470656
16480,76.0,1.0,769.29,769.29,51.0,0.0,0.0,2011-09-25 11:40:00,0,0.42124824829524227
16482,16.0,1.0,220.62,220.62,18.0,0.0,0.0,2011-11-24 12:33:00,0,0.3859439455198543
16483,192.0,1.0,139.35,139.35,19.0,0.0,0.0,2011-05-31 13:08:00,0,0.40326442586444944
16484,174.0,3.0,379.4,126.46666666666664,25.0,17.0,0.0384615384615384,2011-06-02 10:39:00,0,0.4332894426926464
16485,77.0,1.0,363.65,363.65,41.0,0.0,0.0,2011-09-23 15:50:00,0,0.3878118380272843
16488,33.0,4.0,492.2,123.05,28.0,115.0,0.064516129032258,2011-07-14 11:46:00,0,0.41977200233042733
16491,47.0,1.0,731.5,731.5,39.0,0.0,0.0,2011-10-24 10:18:00,0,0.41142887716966464
16493,73.0,6.0,1329.66,221.61,40.0,257.0,0.0967741935483871,2011-01-14 08:16:00,0,0.4413948846558048
16494,297.0,1.0,826.53,826.53,47.0,0.0,0.0,2011-02-16 12:49:00,0,0.4705957922003716
16495,3.0,3.0,684.41,228.13666666666663,78.0,272.0,0.0,2011-03-08 16:38:00,0,0.4046502034267312
16496,9.0,4.0,1562.22,390.555,92.0,308.0,0.0206185567010309,2011-01-27 09:42:00,0,0.41531755745835786
16497,50.0,6.0,2965.69,494.2816666666667,128.0,283.0,0.0,2011-01-10 13:20:00,0,0.4203932797944427
16498,161.0,3.0,86.12,28.706666666666667,15.0,0.0,0.0625,2011-06-30 19:52:00,0,0.5184106522036765
16499,360.0,5.0,319.1,63.82000000000001,20.0,5.0,0.1363636363636363,2010-12-09 14:48:00,0,0.5604362974535422
16500,5.0,6.0,400.86,66.81,8.0,326.0,0.0,2011-01-13 10:28:00,0,0.4998832999711175
16503,107.0,5.0,1421.43,284.286,71.0,253.0,0.0232558139534883,2010-12-14 13:50:00,0,0.4276927455959209
16504,25.0,1.0,484.38,484.38,76.0,0.0,0.0,2011-11-14 15:18:00,0,0.41730232074098245
16505,32.0,1.0,777.6,777.6,4.0,0.0,0.0,2011-11-08 12:14:00,0,0.4683330269762483
16506,20.0,2.0,90.3,45.150000000000006,3.0,20.0,0.0,2011-10-30 15:50:00,0,0.5035930453171059
16509,297.0,1.0,363.7,363.7,13.0,0.0,0.0,2011-02-16 09:25:00,0,0.41794893534017274
16510,372.0,1.0,248.1,248.1,13.0,0.0,0.0,2010-12-02 13:39:00,0,0.4564843699901286
16511,22.0,3.0,950.26,316.75333333333333,135.0,244.0,0.0,2011-03-18 11:24:00,0,0.40444824326494494
16513,5.0,4.0,874.59,218.6475,33.0,38.0,0.0,2011-10-27 14:56:00,0,0.4052039267780368
16515,52.0,5.0,1627.13,325.42600000000004,89.0,259.0,0.0,2011-02-01 13:09:00,0,0.39427294639831756
16516,30.0,1.0,101.7,101.7,6.0,0.0,0.0,2011-11-09 14:59:00,0,0.4277070748425332
16517,277.0,1.0,162.7,162.7,17.0,0.0,0.0,2011-03-07 13:50:00,0,0.40925456724582104
16518,61.0,3.0,480.92,160.30666666666667,36.0,222.0,0.0476190476190476,2011-02-28 16:36:00,0,0.41602139709065084
16519,25.0,2.0,215.08,107.54,13.0,340.0,0.0,2010-12-09 14:08:00,0,0.4651800420402756
16520,186.0,4.0,1036.62,259.15500000000003,129.0,179.0,0.0063694267515923,2010-12-09 13:08:00,0,0.45624190829415573
16523,2.0,28.0,9295.67,331.98821428571426,151.0,313.0,0.0268456375838926,2011-01-28 12:06:00,0,0.4947417884076957
16525,2.0,29.0,11895.57,410.1920689655173,75.0,364.0,0.085,2010-12-08 11:31:00,0,0.5366169632827283
16526,172.0,1.0,290.36,290.36,15.0,0.0,0.0,2011-06-21 12:02:00,0,0.38915831596853856
16527,81.0,1.0,228.06,228.06,14.0,0.0,0.0,2011-09-19 16:21:00,0,0.3805627904527892
16528,4.0,1.0,244.41,244.41,17.0,0.0,0.0,2011-12-06 12:45:00,0,0.39092105493189905
16529,190.0,1.0,455.25,455.25,30.0,0.0,0.0,2011-06-02 17:23:00,0,0.4050656119012645
16531,22.0,7.0,1244.59,177.79857142857142,68.0,338.0,0.0,2010-12-14 13:19:00,0,0.41089805865318724
16532,18.0,3.0,6748.8,2249.6,2.0,320.0,0.0,2011-01-05 12:37:00,0,0.5707637585491749
16533,19.0,5.0,1026.94,205.388,112.0,48.0,0.0220994475138121,2011-10-02 15:07:00,0,0.42659150739987745
16535,5.0,1.0,593.75,593.75,31.0,0.0,0.0,2011-12-04 15:18:00,0,0.41422955389938126
16536,107.0,2.0,539.02,269.51,49.0,2.0,0.0178571428571428,2011-08-21 15:54:00,0,0.41860842076179755
16539,3.0,4.0,1388.81,347.2025,36.0,370.0,0.0,2010-12-01 15:40:00,0,0.4426155670140827
16542,54.0,1.0,119.62,119.62,5.0,0.0,0.0,2011-10-17 10:47:00,0,0.4185804290772354
16545,165.0,1.0,339.3,339.3,3.0,0.0,0.0,2011-06-28 10:37:00,0,0.43903839278855766
16546,291.0,3.0,0.01,0.01,31.0,81.0,0.1935483870967742,2010-12-02 12:07:00,0,0.661668176520764
16549,10.0,10.0,4154.64,415.46400000000006,445.0,324.0,0.0,2011-01-09 14:03:00,0,0.4735364644762502
16550,109.0,9.0,2266.25,251.80555555555557,163.0,259.0,0.0383141762452107,2010-12-06 13:17:00,0,0.4681874481227495
16551,96.0,3.0,922.12,307.37333333333333,26.0,240.0,0.0,2011-01-07 10:24:00,0,0.407790897628814
16552,243.0,2.0,379.73,189.865,17.0,130.0,0.0,2010-12-01 12:36:00,0,0.4333368002249655
16553,163.0,14.0,5664.57,404.6121428571428,63.0,203.0,0.0232558139534883,2010-12-08 13:07:00,0,0.5182005806670991
16554,3.0,7.0,641.55,91.65,52.0,328.0,0.2972972972972973,2011-01-12 12:40:00,0,0.5489431598679269
16555,35.0,2.0,285.89,142.945,15.0,74.0,0.0,2011-08-22 12:32:00,0,0.39712225465943646
16556,67.0,7.0,3313.79,473.3985714285714,144.0,293.0,0.0,2010-12-14 13:32:00,0,0.43319950290402026
16557,24.0,2.0,281.85,140.925,11.0,113.0,0.0,2011-07-25 13:28:00,0,0.4086417091128155
16558,1.0,24.0,8257.04,344.0433333333333,264.0,365.0,0.0295358649789029,2010-12-08 12:01:00,0,0.4999583700678327
16560,21.0,3.0,816.51,272.17,52.0,337.0,0.0175438596491228,2010-12-16 14:36:00,0,0.4210306101968591
16561,6.0,2.0,511.12,255.56,29.0,54.0,0.0,2011-10-11 09:53:00,0,0.3931263384810976
16563,54.0,1.0,1077.74,1077.74,19.0,0.0,0.0,2011-10-17 11:51:00,0,0.43012061640977617
16565,364.0,1.0,173.7,173.7,3.0,0.0,0.0,2010-12-10 15:21:00,0,0.48458337963818277
16566,15.0,6.0,614.01,102.335,14.0,277.0,0.0526315789473684,2011-02-20 10:29:00,0,0.45450612251504746
16567,194.0,2.0,865.6,432.8,34.0,142.0,0.0,2011-01-07 09:31:00,0,0.431859177323972
16569,3.0,1.0,124.2,124.2,5.0,0.0,0.0,2011-12-06 15:32:00,0,0.43246604851907694
16570,9.0,15.0,3622.95,241.53,70.0,351.0,0.0526315789473684,2010-12-14 10:53:00,0,0.4472563377213871
16571,3.0,5.0,1285.22,257.044,73.0,278.0,0.1792452830188679,2011-03-03 09:41:00,0,0.4867842227914434
16572,127.0,4.0,999.7,249.925,40.0,148.0,0.0172413793103448,2011-03-09 12:04:00,0,0.4171283586832351
16573,74.0,4.0,648.41,162.1025,40.0,216.0,0.0869565217391304,2011-02-22 15:14:00,0,0.42603268754775314
16574,71.0,1.0,451.44,451.44,28.0,0.0,0.0,2011-09-29 13:39:00,0,0.3873613895424543
16579,365.0,1.0,0.01,0.01,1.0,0.0,1.0,2010-12-09 15:00:00,0,0.731582250148938
16581,155.0,2.0,70.44,35.22,9.0,27.0,0.1818181818181818,2011-06-10 10:05:00,0,0.5542851436402318
16582,113.0,1.0,313.62,313.62,6.0,0.0,0.0,2011-08-18 17:02:00,0,0.4095163252168589
16583,374.0,1.0,233.45,233.45,14.0,0.0,0.0,2010-12-01 12:03:00,0,0.4590585412849367
16584,80.0,3.0,908.03,302.6766666666667,25.0,174.0,0.0967741935483871,2011-03-30 13:14:00,0,0.43291596165094365
16586,249.0,1.0,463.95,463.95,8.0,0.0,0.0,2011-04-05 09:32:00,0,0.4302108071642965
16587,232.0,1.0,225.15,225.15,13.0,0.0,0.0,2011-04-21 15:51:00,0,0.39920981481848744
16589,71.0,3.0,459.24,153.08,31.0,90.0,0.0,2011-07-01 13:31:00,0,0.3912393811787481
16591,69.0,1.0,213.5,213.5,10.0,0.0,0.0,2011-10-02 10:43:00,0,0.38692069298447246
16592,4.0,19.0,4073.28,214.38315789473685,142.0,283.0,0.027027027027027,2011-02-25 10:19:00,0,0.44980220520528985
16593,51.0,3.0,330.03,110.01,24.0,277.0,0.0,2011-01-16 12:11:00,0,0.420578135563891
16594,75.0,1.0,181.09,181.09,53.0,0.0,0.0,2011-09-25 14:08:00,0,0.4044174811479585
16595,61.0,1.0,360.16,360.16,83.0,0.0,0.0,2011-10-09 13:15:00,0,0.4075478089221164
16596,16.0,2.0,250.15,125.075,12.0,350.0,0.0,2010-12-08 16:18:00,0,0.4614309807306308
16597,4.0,1.0,90.04,90.04,7.0,0.0,0.0,2011-12-05 15:44:00,0,0.44590305336520486
16598,277.0,2.0,140.7,70.35,10.0,8.0,0.0909090909090909,2011-02-27 11:42:00,0,0.4933153659007453
16600,4.0,6.0,813.52,135.58666666666667,50.0,334.0,0.0,2011-01-05 12:13:00,0,0.4290023247063548
16601,41.0,1.0,244.8,244.8,29.0,0.0,0.0,2011-10-30 11:09:00,0,0.38391588080372935
16602,31.0,2.0,494.73,247.365,29.0,5.0,0.09375,2011-11-03 15:54:00,0,0.43321228997616107
16603,75.0,2.0,482.47,241.235,34.0,16.0,0.0,2011-09-09 13:02:00,0,0.38873345485242744
16607,18.0,16.0,3038.67,189.916875,140.0,341.0,0.0114942528735632,2010-12-16 08:41:00,0,0.4448700910108271
16609,15.0,9.0,5450.96,605.6622222222222,155.0,237.0,0.0142857142857142,2011-04-01 10:11:00,0,0.44581182117921986
16610,219.0,1.0,75.66,75.66,6.0,0.0,0.0,2011-05-04 13:13:00,0,0.45372109571265395
16611,186.0,2.0,120.99,60.495000000000005,10.0,46.0,0.0909090909090909,2011-04-20 16:41:00,0,0.49433816444011985
16612,33.0,4.0,1187.66,296.915,48.0,278.0,0.0,2011-02-01 10:38:00,0,0.38945003954950574
16613,70.0,1.0,618.59,618.59,30.0,0.0,0.0,2011-09-30 15:52:00,0,0.39943639228837485
16614,183.0,1.0,506.19,506.19,26.0,0.0,0.0,2011-06-10 11:36:00,0,0.4054970844562096
16616,15.0,2.0,500.42,250.21,31.0,142.0,0.0,2011-07-05 13:38:00,0,0.38768455670486357
16617,236.0,1.0,151.85,151.85,5.0,0.0,0.0,2011-04-18 10:35:00,0,0.4217561394391172
16618,31.0,6.0,2630.64,438.44,79.0,291.0,0.0103092783505154,2011-01-21 11:55:00,0,0.4063477681043868
16619,254.0,2.0,204.41,102.205,14.0,10.0,0.125,2011-03-21 08:18:00,0,0.4797980217856811
16620,4.0,2.0,178.96,89.48,9.0,257.0,0.0,2011-03-24 10:37:00,0,0.45966017114852653
16621,52.0,4.0,813.48,203.37,22.0,226.0,0.0,2011-03-07 11:32:00,0,0.398124559449617
16623,246.0,1.0,129.45,129.45,5.0,0.0,0.0,2011-04-08 10:09:00,0,0.4274233868136508
16624,81.0,2.0,810.5699999999999,405.285,44.0,116.0,0.0,2011-05-26 14:20:00,0,0.3958173884383345
16625,275.0,1.0,333.08,333.08,23.0,0.0,0.0,2011-03-10 12:50:00,0,0.4060599085643426
16626,1.0,20.0,4379.65,218.9825,86.0,265.0,0.0271739130434782,2011-03-18 12:27:00,0,0.4588011331032444
16627,79.0,1.0,322.8,322.8,20.0,0.0,0.0,2011-09-21 14:38:00,0,0.38019311659402694
16628,30.0,6.0,2183.04,363.84,79.0,205.0,0.0168067226890756,2011-04-19 08:55:00,0,0.40213719541699267
16629,74.0,2.0,417.73,208.865,58.0,22.0,0.0,2011-09-04 16:12:00,0,0.39360435281197054
16633,17.0,7.0,2878.15,411.1642857142857,115.0,216.0,0.0065359477124183,2011-04-19 14:36:00,0,0.4074831856631389
16634,223.0,2.0,217.9,108.95,9.0,149.0,0.0,2010-12-02 17:41:00,0,0.4627558818231657
16637,32.0,5.0,1124.59,224.918,66.0,193.0,0.0416666666666666,2011-04-28 10:20:00,0,0.39930509630850997
16638,23.0,11.0,1676.47,152.40636363636364,92.0,346.0,0.0105263157894736,2010-12-06 10:19:00,0,0.43528974076276145
16639,25.0,4.0,1169.38,292.345,48.0,210.0,0.0384615384615384,2011-04-18 09:31:00,0,0.39631928336593075
16641,106.0,1.0,231.1,231.1,12.0,0.0,0.0,2011-08-26 12:49:00,0,0.3849477616890523
16642,5.0,3.0,679.83,226.61,32.0,202.0,0.0285714285714285,2011-05-16 12:35:00,0,0.40852093191525446
16643,246.0,1.0,487.51,487.51,27.0,0.0,0.0,2011-04-08 08:24:00,0,0.418396109419888
16644,178.0,2.0,833.78,416.89,62.0,34.0,0.0,2011-05-11 12:53:00,0,0.4232611334612514
16647,170.0,2.0,214.06,107.03,12.0,35.0,0.0,2011-05-19 09:31:00,0,0.4227120403203104
16648,39.0,2.0,270.86,135.42999999999998,19.0,4.0,0.0952380952380952,2011-10-28 08:58:00,0,0.43473381689548357
16650,72.0,1.0,518.42,518.42,24.0,0.0,0.0,2011-09-29 09:51:00,0,0.39332298483126016
16652,54.0,11.0,6654.26,604.9327272727273,75.0,219.0,0.040650406504065,2011-03-11 13:13:00,0,0.47319206067177005
16653,16.0,3.0,1166.92,388.97333333333336,67.0,55.0,0.0921052631578947,2011-09-29 13:38:00,0,0.44560430364020903
16654,141.0,5.0,594.97,118.994,29.0,227.0,0.064516129032258,2010-12-06 15:09:00,0,0.4615635337995047
16655,18.0,6.0,3794.52,632.42,208.0,314.0,0.0,2011-01-12 10:16:00,0,0.4411209566729927
16656,22.0,21.0,8568.24,408.01142857142855,14.0,342.0,0.0875,2010-12-10 11:23:00,0,0.5339855994863708
16657,10.0,4.0,933.62,233.405,158.0,244.0,0.0,2011-03-30 12:02:00,0,0.4078450167608256
16658,368.0,1.0,123.24,123.24,8.0,0.0,0.0,2010-12-06 13:47:00,0,0.4654738346805384
16659,189.0,1.0,39.12,39.12,2.0,0.0,0.0,2011-06-03 15:03:00,0,0.5254664095561259
16660,16.0,5.0,810.4499999999999,162.08999999999995,16.0,303.0,0.0588235294117647,2011-01-24 12:44:00,0,0.4352952900798973
16665,362.0,1.0,135.39999999999998,135.39999999999998,9.0,0.0,0.0,2010-12-12 14:03:00,0,0.4571816439971589
16666,19.0,1.0,118.98,118.98,32.0,0.0,0.0,2011-11-20 14:01:00,0,0.40970237087048117
16667,68.0,2.0,570.13,285.065,52.0,216.0,0.0,2011-02-28 12:57:00,0,0.3969117592876633
16668,15.0,6.0,306.72,51.12,9.0,269.0,0.0,2011-02-28 12:46:00,0,0.4881495044279881
16669,24.0,4.0,1370.87,342.71750000000003,141.0,54.0,0.0062111801242236,2011-09-22 14:13:00,0,0.41788967968158663
16670,17.0,17.0,4022.46,236.61529411764707,179.0,341.0,0.0381679389312977,2010-12-16 10:30:00,0,0.4532351656445063
16671,28.0,3.0,1692.27,564.09,3.0,136.0,0.0,2011-06-28 11:20:00,0,0.47938867200044727
16672,2.0,23.0,8093.59,351.8952173913044,23.0,264.0,0.0256410256410256,2011-03-18 10:15:00,0,0.5042391700262396
16674,55.0,2.0,319.61,159.805,89.0,43.0,0.0,2011-09-02 13:59:00,0,0.41175358539730755
16676,34.0,5.0,1558.72,311.744,75.0,303.0,0.0326086956521739,2011-01-06 13:00:00,0,0.40916665269282076
16678,3.0,17.0,3013.83,177.28411764705882,93.0,280.0,0.0411764705882352,2011-03-02 09:24:00,0,0.44828675945744734
16679,366.0,1.0,129.75,129.75,3.0,0.0,0.0,2010-12-08 13:51:00,0,0.48919886074140667
16680,43.0,1.0,183.7,183.7,10.0,0.0,0.0,2011-10-27 17:35:00,0,0.391317872246033
16681,73.0,6.0,1770.34,295.0566666666667,18.0,180.0,0.0,2011-03-31 13:46:00,0,0.42143265309762323
16682,5.0,5.0,1028.0,205.6,15.0,183.0,0.0,2011-06-05 11:02:00,0,0.41443503902747447
16684,4.0,31.0,65892.08,2125.5509677419354,120.0,353.0,0.0142348754448398,2010-12-16 17:34:00,0,0.5774608567914464
16685,61.0,2.0,324.24,162.12,60.0,0.0,0.0,2011-10-09 13:44:00,0,0.4002215782956173
16686,47.0,9.0,3043.48,338.1644444444444,406.0,307.0,0.0051020408163265,2010-12-19 14:41:00,0,0.46908214420103117
16688,1.0,4.0,1260.86,315.215,52.0,59.0,0.0,2011-10-10 12:23:00,0,0.403490381034288
16689,76.0,3.0,303.26,101.08666666666666,13.0,6.0,0.1875,2011-09-18 13:29:00,0,0.4855269945816179
16690,44.0,3.0,208.63,69.54333333333334,10.0,158.0,0.0769230769230769,2011-05-22 10:53:00,0,0.47120645867039385
16692,256.0,2.0,1276.0,638.0,2.0,32.0,0.0,2011-02-23 15:41:00,0,0.5168620942375202
16693,69.0,2.0,482.01,241.005,58.0,203.0,0.0,2011-03-13 11:06:00,0,0.3985064543845498
16696,135.0,4.0,657.9000000000001,164.47500000000002,7.0,112.0,0.0,2011-04-05 15:20:00,0,0.44432402619414385
16697,241.0,1.0,112.75,112.75,20.0,0.0,0.0,2011-04-12 17:12:00,0,0.41963873394866036
16698,227.0,2.0,1998.0,999.0,4.0,26.0,0.0,2011-03-31 13:33:00,0,0.5144183400295069
16700,9.0,17.0,5040.0,296.47058823529414,159.0,357.0,0.0128205128205128,2010-12-08 16:34:00,0,0.4493998333496753
16701,9.0,18.0,5150.27,286.1261111111111,99.0,352.0,0.0649350649350649,2010-12-13 11:51:00,0,0.4609893648697357
16705,1.0,29.0,13946.13,480.9010344827586,135.0,358.0,0.0492957746478873,2010-12-16 10:51:00,0,0.5204069102471534
16706,37.0,3.0,531.35,177.11666666666667,108.0,76.0,0.0,2011-08-17 15:53:00,0,0.40417089491914576
16708,46.0,1.0,656.63,656.63,27.0,0.0,0.0,2011-10-25 12:20:00,0,0.4045061908909283
16709,85.0,5.0,3029.87,605.9739999999999,64.0,197.0,0.0,2011-03-03 10:55:00,0,0.42104549002437985
16710,19.0,10.0,2483.04,248.304,268.0,349.0,0.0,2010-12-06 13:13:00,0,0.45222642830637755
16711,3.0,5.0,1651.03,330.206,18.0,354.0,0.0,2010-12-17 12:43:00,0,0.4434665437958485
16712,9.0,11.0,3645.43,331.40272727272725,259.0,266.0,0.0,2011-03-08 15:07:00,0,0.44387814857191266
16713,19.0,21.0,6840.2300000000005,325.7252380952381,339.0,348.0,0.0126582278481012,2010-12-08 12:03:00,0,0.4900224946583991
16714,219.0,4.0,911.53,227.8825,77.0,98.0,0.0106382978723404,2011-01-26 13:40:00,0,0.4520964244442853
16715,78.0,1.0,301.72,301.72,19.0,0.0,0.0,2011-09-22 18:15:00,0,0.3784990937023237
16716,267.0,3.0,319.8000000000001,106.60000000000004,1.0,44.0,0.3333333333333333,2011-02-01 15:35:00,0,0.6065185743104888
16717,9.0,9.0,3278.36,364.2622222222223,178.0,357.0,0.1567796610169491,2010-12-08 16:48:00,0,0.5205856655569422
16718,369.0,1.0,623.75,623.75,41.0,0.0,0.0,2010-12-05 13:03:00,0,0.4970876577357354
16719,15.0,8.0,1773.92,221.74,108.0,353.0,0.0098522167487684,2010-12-06 12:06:00,0,0.4194833192571789
16720,26.0,1.0,155.24,155.24,25.0,0.0,0.0,2011-11-13 16:22:00,0,0.39241931377455985
16721,262.0,1.0,292.47,292.47,37.0,0.0,0.0,2011-03-22 16:08:00,0,0.4121764662121512
16722,17.0,16.0,4711.21,294.450625,96.0,351.0,0.0131578947368421,2010-12-06 12:59:00,0,0.43672579549294577
16723,91.0,2.0,589.15,294.575,37.0,16.0,0.0,2011-08-24 11:31:00,0,0.3902179122436135
16725,302.0,8.0,775.07,96.88375,110.0,69.0,0.006578947368421,2010-12-03 16:02:00,0,0.5355439192211717
16726,26.0,5.0,1382.02,276.404,121.0,335.0,0.0,2010-12-13 13:28:00,0,0.4106163737448842
16727,364.0,1.0,272.82,272.82,41.0,0.0,0.0,2010-12-10 13:48:00,0,0.4629108463659991
16728,46.0,4.0,1054.67,263.6675,218.0,218.0,0.0,2011-03-20 13:28:00,0,0.418377124750498
16729,36.0,26.0,7076.28,272.1646153846154,235.0,205.0,0.0119760479041916,2011-04-12 14:22:00,0,0.5123039830002422
16730,52.0,4.0,702.79,175.6975,75.0,267.0,0.0238095238095238,2011-01-24 14:01:00,0,0.4072376219267197
16732,32.0,1.0,603.75,603.75,28.0,0.0,0.0,2011-11-08 09:54:00,0,0.4058235984158857
16734,52.0,3.0,650.51,216.83666666666667,44.0,61.0,0.0,2011-08-17 15:00:00,0,0.388202433420386
16735,79.0,7.0,2269.21,324.17285714285714,88.0,255.0,0.0234375,2011-01-09 12:53:00,0,0.4228153670473938
16737,53.0,1.0,417.6,417.6,1.0,0.0,0.0,2011-10-17 13:03:00,0,0.4632524105441888
16738,298.0,1.0,3.75,3.75,1.0,0.0,0.0,2011-02-15 09:46:00,0,0.6211728263979945
16739,172.0,2.0,312.55,156.275,13.0,4.0,0.1875,2011-06-16 09:17:00,0,0.48370819131785986
16742,47.0,2.0,0.01,0.01,4.0,0.0,0.75,2011-10-24 11:58:00,0,0.7134383836228089
16743,29.0,8.0,2191.84,273.98,89.0,329.0,0.0103626943005181,2010-12-16 12:15:00,0,0.4084866775328313
16744,11.0,7.0,1304.76,186.3942857142857,198.0,161.0,0.0,2011-06-19 15:13:00,0,0.4269405904279421
16745,87.0,18.0,7170.7,398.3722222222222,148.0,225.0,0.0027932960893854,2011-02-01 11:31:00,0,0.4999610686084942
16746,5.0,19.0,6694.31,352.3321052631579,234.0,354.0,0.0066371681415929,2010-12-16 11:43:00,0,0.4690838716303407
16747,25.0,4.0,826.96,206.74,34.0,42.0,0.0666666666666666,2011-10-03 10:18:00,0,0.4258644433771985
16748,18.0,5.0,1515.9,303.18,42.0,316.0,0.0,2011-01-09 13:50:00,0,0.40116519699019276
16750,45.0,5.0,623.93,124.786,74.0,187.0,0.0,2011-04-21 16:53:00,0,0.4028318273481428
16751,31.0,1.0,1764.72,1764.72,24.0,0.0,0.0,2011-11-09 10:48:00,0,0.46857092451639243
16752,373.0,1.0,207.5,207.5,9.0,0.0,0.0,2010-12-02 12:18:00,0,0.4622363375064283
16753,58.0,1.0,223.92,223.92,34.0,0.0,0.0,2011-10-12 13:14:00,0,0.3837554236639174
16754,372.0,1.0,2002.4,2002.4,2.0,0.0,0.0,2010-12-02 17:38:00,0,0.5911923433353848
16755,114.0,5.0,1484.63,296.92600000000004,134.0,201.0,0.034090909090909,2011-01-28 10:47:00,0,0.4437899564123112
16756,215.0,1.0,239.4,239.4,13.0,0.0,0.0,2011-05-09 09:33:00,0,0.3964980254304149
16757,319.0,1.0,106.83,106.83,7.0,0.0,0.0,2011-01-25 11:59:00,0,0.45003108401737096
16758,65.0,1.0,369.34,369.34,22.0,0.0,0.0,2011-10-05 14:47:00,0,0.3804701515365594
16759,8.0,4.0,772.84,193.21,40.0,23.0,0.0232558139534883,2011-11-09 09:06:00,0,0.4157998624476717
16761,97.0,1.0,316.62,316.62,13.0,0.0,0.0,2011-09-04 11:15:00,0,0.38323065883609264
16762,20.0,3.0,1501.38,500.46,51.0,124.0,0.0,2011-07-18 12:52:00,0,0.39796551365268357
16763,185.0,2.0,594.9,297.45,23.0,13.0,0.0416666666666666,2011-05-25 11:52:00,0,0.4330236418256203
16764,4.0,18.0,2758.25,153.23611111111111,209.0,139.0,0.0167130919220055,2011-07-19 17:17:00,0,0.4876629495498457
16765,294.0,1.0,34.0,34.0,1.0,0.0,0.0,2011-02-18 15:41:00,0,0.5665649268018196
16766,273.0,2.0,1145.6,572.8,17.0,0.0,0.0,2011-03-11 13:34:00,0,0.45561688349102236
16767,31.0,11.0,5580.6,507.3272727272728,148.0,285.0,0.0,2011-01-27 13:38:00,0,0.4472878223869726
16768,48.0,5.0,458.04,91.608,47.0,224.0,0.0689655172413793,2011-03-13 10:25:00,0,0.44211092538795166
16769,260.0,1.0,380.39,380.39,33.0,0.0,0.0,2011-03-24 13:41:00,0,0.4123664520462434
16770,58.0,6.0,744.9,124.15,116.0,314.0,0.0068493150684931,2010-12-02 15:49:00,0,0.43528809513767025
16771,33.0,5.0,2246.81,449.362,200.0,304.0,0.0,2011-01-05 13:57:00,0,0.42766245667491337
16773,57.0,1.0,171.59,171.59,23.0,0.0,0.0,2011-10-13 14:37:00,0,0.38701186329957465
16774,68.0,5.0,654.92,130.98399999999998,36.0,110.0,0.0204081632653061,2011-06-14 12:45:00,0,0.41966542923758543
16775,10.0,11.0,1695.66,154.1509090909091,84.0,357.0,0.0,2010-12-07 15:15:00,0,0.43574139545194496
16776,60.0,1.0,388.28,388.28,61.0,0.0,0.0,2011-10-10 13:04:00,0,0.40010839706094364
16777,80.0,2.0,226.35,113.175,45.0,176.0,0.0,2011-03-27 14:34:00,0,0.41481605559260964
16778,74.0,2.0,245.94,122.97,16.0,199.0,0.0,2011-03-10 15:21:00,0,0.410283816468926
16779,2.0,28.0,10454.05,373.3589285714285,161.0,364.0,0.0319767441860465,2010-12-08 09:56:00,0,0.49948250780171743
16780,100.0,2.0,425.19,212.595,51.0,158.0,0.0,2011-03-25 17:34:00,0,0.40274608957780716
16781,365.0,2.0,294.65,147.325,17.0,7.0,0.1052631578947368,2010-12-02 14:26:00,0,0.515331812432332
16782,10.0,19.0,2242.25,118.01315789473684,103.0,357.0,0.0355329949238578,2010-12-06 16:10:00,0,0.4702826213147871
16784,20.0,1.0,107.6,107.6,3.0,0.0,0.0,2011-11-20 12:20:00,0,0.44978684420898823
16788,123.0,2.0,597.48,298.74,138.0,131.0,0.0,2011-03-30 13:05:00,0,0.4255048880462468
16789,8.0,1.0,80.8,80.8,5.0,0.0,0.0,2011-12-01 15:12:00,0,0.4618495004424736
16790,4.0,8.0,1520.12,190.015,88.0,34.0,0.0210526315789473,2011-11-02 11:23:00,0,0.45015495847090564
16791,29.0,8.0,1706.28,213.285,218.0,303.0,0.0062111801242236,2011-01-11 15:42:00,0,0.42803480431385593
16792,282.0,2.0,110.38,55.190000000000005,11.0,0.0,0.0,2011-03-02 14:39:00,0,0.477406348198004
16793,57.0,1.0,243.84,243.84,16.0,0.0,0.0,2011-10-13 15:08:00,0,0.3779329130355867
16794,1.0,12.0,1201.51,100.12583333333332,142.0,179.0,0.0069686411149825,2011-06-12 14:15:00,0,0.466578746963063
16795,365.0,1.0,414.88,414.88,64.0,0.0,0.0,2010-12-09 14:08:00,0,0.4906435489051958
16796,89.0,1.0,305.62,305.62,18.0,0.0,0.0,2011-09-11 14:01:00,0,0.3809439675956103
16800,11.0,1.0,1201.49,1201.49,148.0,0.0,0.0,2011-11-28 14:06:00,0,0.47600266270097946
16801,163.0,5.0,867.83,173.566,72.0,110.0,0.371900826446281,2011-03-11 13:56:00,0,0.555286590375535
16803,65.0,1.0,332.3,332.3,24.0,0.0,0.0,2011-10-05 14:28:00,0,0.3790724727695194
16804,23.0,3.0,536.99,178.99666666666667,59.0,247.0,0.0,2011-03-14 15:48:00,0,0.39146040613956556
16805,174.0,2.0,460.59,230.295,94.0,186.0,0.0,2010-12-14 13:35:00,0,0.4450842094510505
16806,103.0,4.0,801.49,200.3725,68.0,135.0,0.0,2011-04-14 19:59:00,0,0.40236025226469624
16807,143.0,3.0,1121.59,373.8633333333333,57.0,128.0,0.0,2011-03-14 09:46:00,0,0.4172587031363021
16808,99.0,2.0,288.42,144.21,21.0,175.0,0.0,2011-03-10 19:05:00,0,0.40799716211484366
16809,23.0,6.0,912.74,152.1233333333333,79.0,239.0,0.0066666666666666,2011-03-22 13:13:00,0,0.3979215978422466
16810,192.0,2.0,275.64,137.82,16.0,168.0,0.0625,2010-12-14 11:24:00,0,0.45832259713196094
16811,5.0,2.0,547.07,273.535,26.0,12.0,0.0,2011-11-22 17:19:00,0,0.39614971571660856
16812,361.0,1.0,479.35,479.35,15.0,0.0,0.0,2010-12-14 12:35:00,0,0.4693643338171275
16813,8.0,10.0,1692.98,169.298,248.0,196.0,0.0,2011-05-19 13:28:00,0,0.44436716881346056
16814,14.0,22.0,6500.6,295.4818181818182,122.0,355.0,0.003076923076923,2010-12-05 11:45:00,0,0.461291826499646
16816,103.0,4.0,417.06,104.265,28.0,254.0,0.0,2010-12-16 17:01:00,0,0.43672686282129414
16817,3.0,13.0,1446.95,111.30384615384617,76.0,365.0,0.0947368421052631,2010-12-06 14:19:00,0,0.4942418864230017
16818,11.0,13.0,3317.97,255.22846153846152,172.0,194.0,0.0105263157894736,2011-05-18 11:42:00,0,0.4425974173570346
16820,96.0,1.0,497.61,497.61,26.0,0.0,0.0,2011-09-05 12:06:00,0,0.39338030379435623
16823,227.0,1.0,358.38,358.38,34.0,0.0,0.0,2011-04-26 15:00:00,0,0.4070460387853548
16824,16.0,2.0,460.64,230.32,23.0,148.0,0.0,2011-06-28 13:36:00,0,0.389076588374385
16825,39.0,2.0,775.1800000000001,387.59,27.0,147.0,0.0,2011-06-07 09:44:00,0,0.38958404348919773
16826,51.0,1.0,341.7,341.7,22.0,0.0,0.0,2011-10-19 14:05:00,0,0.38050754507570916
16828,93.0,2.0,128.5,64.25,8.0,19.0,0.0,2011-08-19 13:24:00,0,0.4495872874874226
16829,157.0,1.0,197.22,197.22,11.0,0.0,0.0,2011-07-06 10:48:00,0,0.3927258497250639
16830,39.0,1.0,325.91,325.91,23.0,0.0,0.0,2011-11-01 11:35:00,0,0.38453271903510416
16832,184.0,3.0,199.15,66.38333333333334,11.0,33.0,0.0,2011-05-06 14:12:00,0,0.4565327907711933
16833,1.0,4.0,1106.53,276.6325,46.0,333.0,0.0,2011-01-09 13:02:00,0,0.412947435627461
16834,228.0,1.0,413.46,413.46,24.0,0.0,0.0,2011-04-26 09:37:00,0,0.40921066551716384
16835,128.0,2.0,180.85,90.425,10.0,244.0,0.0,2010-12-01 17:15:00,0,0.4692432089513277
16836,40.0,2.0,251.87,125.935,11.0,76.0,0.0,2011-08-15 12:38:00,0,0.4070523810833438
16837,31.0,12.0,3167.73,263.9775,123.0,214.0,0.0060240963855421,2011-04-08 08:48:00,0,0.42630308434454856
16838,197.0,3.0,582.9,194.3,24.0,90.0,0.0384615384615384,2011-02-24 15:01:00,0,0.4377380009346364
16839,9.0,39.0,15357.78,393.7892307692308,117.0,360.0,0.1073825503355704,2010-12-05 11:15:00,0,0.5611377128059108
16841,37.0,7.0,1774.62,253.51714285714283,101.0,250.0,0.0085470085470085,2011-02-25 12:40:00,0,0.3997024762933656
16842,64.0,4.0,1260.44,315.11,45.0,238.0,0.015625,2011-02-10 14:51:00,0,0.4003856355497205
16843,43.0,17.0,10183.82,599.0482352941176,226.0,284.0,0.0026385224274406,2011-01-16 16:10:00,0,0.49917343398450553
16846,50.0,1.0,214.32,214.32,11.0,0.0,0.0,2011-10-20 13:55:00,0,0.387361803831393
16847,43.0,1.0,193.44,193.44,12.0,0.0,0.0,2011-10-27 13:29:00,0,0.38728841385337637
16848,53.0,1.0,281.42,281.42,14.0,0.0,0.0,2011-10-18 08:42:00,0,0.38040114229707095
16849,187.0,1.0,124.57,124.57,8.0,0.0,0.0,2011-06-06 09:16:00,0,0.4080141382094337
16850,334.0,1.0,332.41,332.41,19.0,0.0,0.0,2011-01-10 11:09:00,0,0.43977478050464813
16851,4.0,3.0,342.45,114.15,17.0,47.0,0.0,2011-10-19 09:48:00,0,0.41221632989980994
16852,10.0,2.0,144.91000000000005,72.45500000000001,9.0,165.0,0.0,2011-06-16 15:49:00,0,0.45806967898024414
16855,24.0,2.0,328.4,164.2,19.0,19.0,0.0,2011-10-27 16:31:00,0,0.39088835207992445
16856,15.0,1.0,35.400000000000006,35.400000000000006,2.0,0.0,0.0,2011-11-25 08:59:00,0,0.543768776364923
16858,366.0,2.0,345.89000000000004,172.94500000000002,9.0,2.0,0.2307692307692307,2010-12-06 09:52:00,0,0.5589612584251932
16859,106.0,5.0,473.14,94.628,50.0,155.0,0.2777777777777778,2011-03-23 13:39:00,0,0.534491004331785
16861,60.0,3.0,151.65,50.55,8.0,308.0,0.25,2010-12-06 15:09:00,0,0.5771635605553427
16863,29.0,4.0,481.35,120.3375,25.0,337.0,0.0714285714285714,2010-12-08 08:58:00,0,0.45919385475280755
16866,141.0,3.0,207.74,69.24666666666666,10.0,20.0,0.0,2011-07-01 12:34:00,0,0.4496734604914495
16869,23.0,5.0,805.62,161.124,113.0,152.0,0.0077519379844961,2011-06-17 13:01:00,0,0.4067881104787084
16871,22.0,7.0,2761.49,394.4985714285714,131.0,248.0,0.014388489208633,2011-03-14 10:31:00,0,0.4096736317226113
16872,77.0,3.0,680.02,226.6733333333333,5.0,107.0,0.0,2011-06-08 14:32:00,0,0.4352134315233026
16873,5.0,10.0,7066.31,706.6310000000001,179.0,359.0,0.0346020761245674,2010-12-10 15:45:00,0,0.47908536295389276
16875,64.0,9.0,2023.47,224.83,94.0,275.0,0.089430894308943,2011-01-04 10:37:00,0,0.45118000716728013
16877,12.0,6.0,853.72,142.28666666666666,111.0,195.0,0.0,2011-05-15 16:13:00,0,0.4022459447458997
16878,25.0,2.0,0.01,0.01,3.0,59.0,0.5,2011-09-16 17:39:00,0,0.7022395835884185
16880,31.0,7.0,1519.08,217.01142857142852,121.0,158.0,0.0,2011-06-03 16:45:00,0,0.4076809689335563
16881,67.0,1.0,432.0,432.0,1.0,0.0,0.0,2011-10-04 10:33:00,0,0.46386681533675245
16882,67.0,3.0,705.12,235.04,39.0,250.0,0.0,2011-01-26 17:43:00,0,0.39389822496705107
16883,187.0,2.0,276.73,138.365,33.0,184.0,0.0,2010-12-03 10:33:00,0,0.4400736258565248
16884,38.0,2.0,429.84,214.92,26.0,0.0,0.0,2011-11-02 10:16:00,0,0.3887558545584504
16885,15.0,3.0,471.51,157.17,82.0,341.0,0.0,2010-12-17 17:23:00,0,0.43406348073392426
16887,35.0,1.0,194.88,194.88,35.0,0.0,0.0,2011-11-04 14:07:00,0,0.39062902478548595
16889,195.0,3.0,1578.67,526.2233333333334,112.0,142.0,0.0,2011-01-07 10:47:00,0,0.4635932938700563
16891,2.0,5.0,809.7,161.94,166.0,369.0,0.0,2010-12-03 11:35:00,0,0.46075755555802966
16892,1.0,7.0,496.84,70.97714285714287,88.0,321.0,0.0198019801980198,2011-01-20 13:19:00,0,0.4743492107202207
16893,367.0,1.0,145.93,145.93,44.0,0.0,0.0,2010-12-08 12:06:00,0,0.47641516624964364
16895,65.0,1.0,219.14,219.14,57.0,0.0,0.0,2011-10-06 12:15:00,0,0.4020133001131469
16897,299.0,3.0,213.03,71.01,37.0,14.0,0.1590909090909091,2011-01-30 11:52:00,0,0.5326588901951113
16898,26.0,4.0,444.46,111.115,151.0,342.0,0.0061349693251533,2010-12-06 12:23:00,0,0.4608992971069078
16899,8.0,6.0,1281.56,213.59333333333333,80.0,352.0,0.0,2010-12-14 13:11:00,0,0.4192325283819224
16900,12.0,5.0,187.6900000000001,37.538000000000025,79.0,51.0,0.0365853658536585,2011-10-07 13:17:00,0,0.4964061107003849
16902,116.0,1.0,1706.88,1706.88,43.0,0.0,0.0,2011-08-15 14:17:00,0,0.46456346116631764
16903,29.0,1.0,373.24,373.24,50.0,0.0,0.0,2011-11-10 15:32:00,0,0.39566991784807515
16904,4.0,16.0,3754.27,234.641875,387.0,362.0,0.0,2010-12-07 13:29:00,0,0.488602204014379
16905,5.0,8.0,3085.48,385.685,117.0,366.0,0.0047846889952153,2010-12-03 10:43:00,0,0.4370084444546105
16906,82.0,4.0,579.77,144.9425,74.0,166.0,0.0,2011-04-05 12:30:00,0,0.40084522731277494
16907,29.0,5.0,981.65,196.33,89.0,336.0,0.0,2010-12-09 16:52:00,0,0.4107764353338873
16909,64.0,2.0,364.14,182.07,18.0,8.0,0.0526315789473684,2011-09-28 16:45:00,0,0.4116536625436461
16910,4.0,8.0,1510.06,188.7575,318.0,86.0,0.0,2011-09-09 14:14:00,0,0.47068973180016993
16912,23.0,14.0,2528.67,180.61928571428567,89.0,300.0,0.0380952380952381,2011-01-20 15:42:00,0,0.4342899963947483
16913,290.0,1.0,113.44,113.44,8.0,0.0,0.0,2011-02-22 12:56:00,0,0.42795786823461557
16914,36.0,1.0,208.46,208.46,25.0,0.0,0.0,2011-11-03 15:27:00,0,0.38637836411893345
16915,9.0,6.0,621.6800000000001,103.61333333333334,46.0,274.0,0.0,2011-03-01 09:52:00,0,0.42047225855878173
16916,24.0,2.0,576.26,288.13,129.0,348.0,0.0,2010-12-02 13:14:00,0,0.44387360556525896
16917,277.0,1.0,391.52,391.52,9.0,0.0,0.0,2011-03-08 11:55:00,0,0.418016996113838
16918,50.0,7.0,1043.34,149.04857142857142,97.0,267.0,0.0153846153846153,2011-01-26 17:37:00,0,0.4121857080448412
16919,156.0,11.0,2596.45,236.04090909090908,141.0,212.0,0.0,2010-12-06 12:52:00,0,0.48583393999386093
16921,61.0,1.0,169.79,169.79,50.0,0.0,0.0,2011-10-09 16:22:00,0,0.4024111747921119
16923,12.0,26.0,6666.83,256.41653846153844,316.0,350.0,0.0344827586206896,2010-12-12 11:06:00,0,0.4991763971374754
16924,21.0,4.0,739.5,184.875,69.0,62.0,0.0674157303370786,2011-09-16 12:54:00,0,0.42583121953238634
16926,371.0,1.0,230.25,230.25,14.0,0.0,0.0,2010-12-03 13:42:00,0,0.45565354513234524
16927,116.0,3.0,543.05,181.01666666666665,5.0,245.0,0.0,2010-12-13 11:57:00,0,0.46238750530869815
16928,80.0,19.0,2781.5,146.39473684210526,72.0,292.0,0.0187793427230046,2010-12-01 15:21:00,0,0.4758108189127203
16929,4.0,7.0,1295.39,185.0557142857143,51.0,151.0,0.0,2011-07-07 12:39:00,0,0.40648514462985663
16930,26.0,3.0,380.55,126.85,47.0,42.0,0.0,2011-10-02 14:25:00,0,0.3997857353276898
16931,5.0,21.0,4604.22,219.24857142857144,448.0,364.0,0.0,2010-12-05 11:40:00,0,0.5063221969409251
16932,53.0,1.0,161.94,161.94,44.0,0.0,0.0,2011-10-17 14:12:00,0,0.3992539377336397
16933,1.0,5.0,530.08,106.016,44.0,238.0,0.1020408163265306,2011-04-14 12:28:00,0,0.45261670269841164
16934,55.0,2.0,950.93,475.465,59.0,0.0,0.0,2011-10-16 12:25:00,0,0.40781978538986896
16936,26.0,1.0,262.68,262.68,56.0,0.0,0.0,2011-11-14 11:04:00,0,0.39989768381205615
16938,9.0,5.0,1903.13,380.626,212.0,300.0,0.0041322314049586,2011-02-04 09:34:00,0,0.4241484612428512
16940,52.0,3.0,3049.88,1016.6266666666668,226.0,237.0,0.0,2011-02-23 12:27:00,0,0.4672656634884099
16942,13.0,10.0,1894.11,189.411,159.0,215.0,0.0070671378091872,2011-04-26 11:59:00,0,0.4233726827826467
16943,212.0,3.0,816.73,272.24333333333334,23.0,106.0,0.0,2011-01-25 14:00:00,0,0.4342285217773901
16945,22.0,19.0,4345.5,228.71052631578948,137.0,336.0,0.0,2010-12-16 17:49:00,0,0.4487053403624081
16947,236.0,1.0,406.48,406.48,21.0,0.0,0.0,2011-04-18 09:38:00,0,0.4100278631260132
16948,139.0,3.0,435.02,145.00666666666666,15.0,187.0,0.0,2011-01-18 10:58:00,0,0.43135339004761164
16949,4.0,7.0,1161.27,165.8957142857143,57.0,312.0,0.0163934426229508,2011-01-27 12:11:00,0,0.41649879113558325
16950,57.0,3.0,1178.56,392.8533333333333,39.0,310.0,0.0,2010-12-07 15:20:00,0,0.41063557964561864
16951,123.0,4.0,1262.75,315.6875,73.0,180.0,0.0114942528735632,2011-02-08 14:58:00,0,0.420400964887374
16952,109.0,2.0,167.61,83.805,16.0,0.0,0.0,2011-08-22 12:58:00,0,0.41404553724782445
16953,30.0,1.0,20.8,20.8,1.0,0.0,0.0,2011-11-09 15:54:00,0,0.5745065534058836
16954,1.0,9.0,2085.08,231.67555555555555,40.0,358.0,0.0,2010-12-15 10:41:00,0,0.44071004695532195
16955,185.0,5.0,493.67,98.734,18.0,188.0,0.0384615384615384,2010-12-01 13:31:00,0,0.47250867990055634
16956,9.0,2.0,292.34,146.17,16.0,8.0,0.1111111111111111,2011-11-22 08:56:00,0,0.44482851082118535
16957,239.0,2.0,416.64,208.32,15.0,42.0,0.0,2011-03-03 09:25:00,0,0.4269027514444443
16959,87.0,1.0,117.35,117.35,7.0,0.0,0.0,2011-09-13 15:03:00,0,0.40746210836413893
16960,39.0,3.0,507.05,169.01666666666668,92.0,213.0,0.0,2011-04-01 11:54:00,0,0.4004970438068018
16961,116.0,1.0,234.17,234.17,14.0,0.0,0.0,2011-08-15 13:46:00,0,0.38346395946716494
16963,187.0,1.0,110.55,110.55,7.0,0.0,0.0,2011-06-05 13:48:00,0,0.42098341421268937
16965,227.0,1.0,201.19,201.19,26.0,0.0,0.0,2011-04-27 12:08:00,0,0.4018676986304332
16966,8.0,10.0,2148.47,214.847,9.0,231.0,0.0967741935483871,2011-04-13 14:17:00,0,0.4920147298825545
16967,189.0,1.0,319.02,319.02,21.0,0.0,0.0,2011-06-03 14:24:00,0,0.39280387222045665
16968,4.0,2.0,439.43,219.715,31.0,103.0,0.0,2011-08-24 10:51:00,0,0.39317270129159326
16969,39.0,3.0,650.41,216.8033333333333,42.0,152.0,0.0,2011-06-01 12:10:00,0,0.38488262348698465
16971,3.0,2.0,232.21,116.105,41.0,35.0,0.0238095238095238,2011-11-01 15:06:00,0,0.42071384969858644
16976,267.0,1.0,251.52,251.52,2.0,0.0,0.0,2011-03-17 16:33:00,0,0.4546758894282258
16978,78.0,1.0,344.33,344.33,39.0,0.0,0.0,2011-09-23 12:50:00,0,0.38457490759439084
16979,4.0,8.0,1809.05,226.13125,64.0,294.0,0.0219780219780219,2011-02-15 09:20:00,0,0.40888097536581564
16980,255.0,2.0,1078.96,539.48,71.0,36.0,0.0,2011-02-21 12:58:00,0,0.46255343656779585
16982,61.0,1.0,384.06,384.06,22.0,0.0,0.0,2011-10-10 12:28:00,0,0.38173945397801673
16983,13.0,8.0,1920.2,240.025,112.0,356.0,0.0067114093959731,2010-12-05 12:34:00,0,0.4224740059657924
16984,78.0,5.0,4392.42,878.484,354.0,52.0,0.0263157894736842,2011-08-01 17:37:00,0,0.5298501819335867
16985,17.0,11.0,5461.62,496.5109090909091,62.0,341.0,0.0082644628099173,2010-12-16 10:38:00,0,0.444333894782489
16986,30.0,2.0,1873.2,936.6,3.0,0.0,0.0,2011-11-09 15:52:00,0,0.5003014179793961
16987,3.0,7.0,1625.05,232.15,74.0,202.0,0.0,2011-05-18 15:55:00,0,0.39800316386398704
16988,5.0,1.0,126.12,126.12,7.0,0.0,0.0,2011-12-04 16:02:00,0,0.4197428264505783
16989,7.0,6.0,1133.25,188.875,7.0,143.0,0.0,2011-07-12 09:11:00,0,0.4470187460820182
16990,219.0,1.0,179.0,179.0,1.0,0.0,0.0,2011-05-05 08:30:00,0,0.4636965643401136
16992,11.0,6.0,1601.86,266.9766666666667,85.0,299.0,0.0210526315789473,2011-02-02 16:31:00,0,0.4026969330356407
16995,372.0,1.0,0.01,0.01,1.0,0.0,1.0,2010-12-02 17:09:00,0,0.7337303045241245
16996,30.0,9.0,1427.46,158.60666666666668,14.0,328.0,0.0975609756097561,2010-12-16 09:48:00,0,0.4843214703599498
16997,288.0,3.0,702.0,234.0,7.0,37.0,0.0,2011-01-18 11:51:00,0,0.4775256983044334
16998,150.0,6.0,287.02000000000004,47.83666666666667,2.0,154.0,0.3333333333333333,2011-02-08 15:42:00,0,0.6167308741876854
16999,23.0,2.0,484.82,242.41,21.0,50.0,0.0,2011-09-26 15:43:00,0,0.38919752284139697
17001,1.0,11.0,3989.57,362.6881818181818,75.0,358.0,0.0,2010-12-16 09:35:00,0,0.4407110452577644
17002,73.0,4.0,1487.78,371.945,41.0,217.0,0.02,2011-02-22 11:46:00,0,0.40523519099471994
17004,46.0,2.0,1412.94,706.47,38.0,46.0,0.0,2011-09-08 12:16:00,0,0.41355675324817903
17006,5.0,4.0,781.78,195.445,37.0,70.0,0.0,2011-09-25 12:15:00,0,0.39995062501552436
17007,51.0,7.0,877.4300000000001,125.34714285714288,50.0,306.0,0.0188679245283018,2010-12-17 13:57:00,0,0.4286166498036006
17010,17.0,2.0,185.46,92.73,11.0,1.0,0.0833333333333333,2011-11-21 14:49:00,0,0.4459354939772264
17011,30.0,1.0,270.9,270.9,15.0,0.0,0.0,2011-11-09 13:30:00,0,0.3842289780206441
17014,8.0,4.0,565.58,141.395,63.0,58.0,0.0133333333333333,2011-10-04 11:36:00,0,0.4150132868403761
17015,29.0,3.0,1842.56,614.1866666666666,182.0,156.0,0.0,2011-06-07 13:19:00,0,0.43668830189191454
17017,3.0,27.0,8574.11,317.5596296296296,88.0,369.0,0.0597014925373134,2010-12-02 10:17:00,0,0.5030155765608134
17018,41.0,2.0,920.1,460.05,15.0,285.0,0.0,2011-01-18 08:46:00,0,0.4262793837759122
17019,11.0,4.0,1272.61,318.1525,166.0,357.0,0.0,2010-12-06 12:55:00,0,0.43520123879028094
17022,31.0,1.0,71.0,71.0,7.0,0.0,0.0,2011-11-08 17:09:00,0,0.4543333836564952
17024,45.0,3.0,95.85,31.95,2.0,112.0,0.0,2011-07-05 09:31:00,0,0.5366438352204217
17025,61.0,3.0,357.77,119.25666666666666,8.0,312.0,0.0,2010-12-01 15:45:00,0,0.459708902523942
17026,185.0,2.0,154.82999999999998,77.41499999999999,4.0,184.0,0.0,2010-12-05 12:47:00,0,0.5044711210447329
17027,79.0,7.0,848.59,121.22714285714288,110.0,238.0,0.0129032258064516,2011-01-26 14:19:00,0,0.43421513461782113
17029,111.0,2.0,716.0,358.0,1.0,126.0,0.0,2011-04-17 10:57:00,0,0.4856306025031616
17030,64.0,1.0,146.87,146.87,11.0,0.0,0.0,2011-10-07 08:49:00,0,0.39204957166816135
17031,12.0,2.0,380.35,190.175,19.0,143.0,0.0,2011-07-08 09:38:00,0,0.39155689640222724
17033,86.0,3.0,1030.14,343.38000000000005,24.0,273.0,0.0,2010-12-15 13:21:00,0,0.41595347243128583
17034,16.0,4.0,734.5699999999999,183.6425,28.0,271.0,0.0625,2011-02-25 10:10:00,0,0.4224274436593945
17035,246.0,3.0,388.33,129.44333333333333,27.0,65.0,0.125,2011-02-01 12:27:00,0,0.47685797822402803
17037,78.0,2.0,1253.22,626.61,75.0,9.0,0.0259740259740259,2011-09-13 12:49:00,0,0.44395335678796627
17038,30.0,1.0,112.4,112.4,22.0,0.0,0.0,2011-11-09 13:50:00,0,0.4082494543388911
17040,138.0,1.0,449.73,449.73,15.0,0.0,0.0,2011-07-25 10:19:00,0,0.3989721670617258
17041,27.0,4.0,1065.77,266.4425,59.0,333.0,0.0140845070422535,2010-12-14 11:43:00,0,0.4092943421831148
17042,3.0,5.0,1044.38,208.876,74.0,244.0,0.0,2011-04-06 14:53:00,0,0.39513832432086854
17043,32.0,4.0,1735.18,433.795,100.0,234.0,0.0,2011-03-18 14:53:00,0,0.39686374254018736
17044,9.0,3.0,897.4300000000001,299.1433333333334,8.0,350.0,0.4,2010-12-15 16:34:00,0,0.58710850546797
17045,113.0,3.0,339.44,113.14666666666666,20.0,134.0,0.0,2011-04-06 12:08:00,0,0.41537764916138836
17046,157.0,1.0,642.02,642.02,22.0,0.0,0.0,2011-07-05 14:24:00,0,0.41517397314965865
17047,85.0,3.0,1100.9,366.9666666666667,59.0,119.0,0.0,2011-05-18 16:50:00,0,0.39481144628647746
17048,115.0,6.0,864.32,144.05333333333334,41.0,215.0,0.1041666666666666,2011-01-12 16:51:00,0,0.45450710678302797
17049,3.0,11.0,5594.78,508.6163636363636,201.0,273.0,0.0124223602484472,2011-03-09 08:33:00,0,0.45302449099202435
17050,96.0,6.0,3228.84,538.14,169.0,203.0,0.0,2011-02-13 12:41:00,0,0.4495183872849507
17051,194.0,1.0,247.14,247.14,40.0,0.0,0.0,2011-05-29 14:13:00,0,0.4068843094033213
17052,28.0,1.0,413.75,413.75,72.0,0.0,0.0,2011-11-11 14:50:00,0,0.4084958110067876
17053,129.0,2.0,496.38,248.19,13.0,2.0,0.0714285714285714,2011-08-01 10:23:00,0,0.43533698848044533
17054,28.0,6.0,1353.83,225.6383333333333,64.0,216.0,0.0119047619047619,2011-04-08 13:14:00,0,0.39241907774260226
17058,82.0,3.0,1179.89,393.2966666666667,51.0,158.0,0.0,2011-04-14 09:18:00,0,0.39537959223680713
17059,30.0,5.0,3095.04,619.008,292.0,339.0,0.0,2010-12-05 12:35:00,0,0.4701039733859139
17060,266.0,1.0,234.24,234.24,5.0,0.0,0.0,2011-03-18 13:27:00,0,0.4263285302404325
17061,74.0,12.0,5116.13,426.3441666666667,57.0,158.0,0.0198019801980198,2011-04-21 13:29:00,0,0.46619414707641116
17062,314.0,5.0,534.47,106.894,53.0,55.0,0.0140845070422535,2010-12-05 11:59:00,0,0.5075718128942026
17063,9.0,11.0,1421.59,129.23545454545453,66.0,280.0,0.048780487804878,2011-02-23 13:44:00,0,0.43835846784900806
17064,59.0,3.0,859.35,286.45,53.0,268.0,0.0,2011-01-16 16:10:00,0,0.39386041125618876
17065,143.0,1.0,0.01,0.01,1.0,0.0,1.0,2011-07-19 14:45:00,0,0.7268899514735602
17068,12.0,22.0,4531.34,205.97,116.0,355.0,0.0033670033670033,2010-12-06 13:58:00,0,0.4586333165110509
17069,28.0,13.0,2655.2200000000003,204.24769230769232,111.0,345.0,0.0714285714285714,2010-12-01 16:49:00,0,0.4566168998026246
17070,114.0,1.0,312.14,312.14,62.0,0.0,0.0,2011-08-17 17:01:00,0,0.4018381460630138
17071,9.0,14.0,2385.48,170.39142857142858,102.0,301.0,0.054054054054054,2011-02-03 08:18:00,0,0.4419413611272997
17073,18.0,4.0,1446.09,361.5225,142.0,91.0,0.0,2011-08-22 14:37:00,0,0.41169994120487596
17075,18.0,5.0,813.77,162.754,62.0,299.0,0.0375,2011-01-26 13:20:00,0,0.41107532830426013
17076,36.0,3.0,841.0799999999999,280.36,17.0,328.0,0.0,2010-12-10 10:08:00,0,0.4244040707207949
17078,36.0,2.0,378.2,189.1,28.0,0.0,0.0,2011-11-03 18:49:00,0,0.39047657919944123
17079,78.0,1.0,118.8,118.8,2.0,0.0,0.0,2011-09-22 15:34:00,0,0.4399839937418968
17080,22.0,3.0,285.5,95.16666666666669,8.0,247.0,0.1111111111111111,2011-03-15 12:05:00,0,0.48401505153889174
17081,25.0,2.0,290.16,145.08,55.0,20.0,0.0,2011-10-24 13:08:00,0,0.39847848717409523
17082,33.0,2.0,2003.85,1001.925,75.0,285.0,0.0,2011-01-25 14:36:00,0,0.440204233486938
17083,109.0,3.0,1405.78,468.5933333333333,24.0,194.0,0.0,2011-02-09 11:38:00,0,0.41407770702283603
17084,35.0,2.0,2949.75,1474.875,146.0,0.0,0.0,2011-11-04 14:49:00,0,0.48463395851988095
17085,123.0,6.0,1555.05,259.175,116.0,239.0,0.0105820105820105,2010-12-12 12:24:00,0,0.43725417836638547
17086,7.0,6.0,2050.08,341.68,76.0,56.0,0.0,2011-10-07 11:22:00,0,0.4225151192837578
17088,28.0,4.0,1991.01,497.7525,96.0,225.0,0.0,2011-03-31 09:48:00,0,0.4001445332603154
17090,4.0,8.0,2041.85,255.23125,45.0,349.0,0.015625,2010-12-20 13:52:00,0,0.4277732998539854
17091,3.0,10.0,3802.81,380.281,119.0,365.0,0.0151515151515151,2010-12-07 09:55:00,0,0.43828799921519146
17092,50.0,4.0,1777.78,444.445,99.0,227.0,0.0,2011-03-07 14:51:00,0,0.40022142966770186
17094,318.0,2.0,270.20000000000005,135.10000000000002,14.0,4.0,0.0666666666666666,2011-01-21 13:09:00,0,0.4742768010848383
17095,22.0,6.0,1088.2,181.36666666666667,70.0,312.0,0.0389610389610389,2011-01-09 11:05:00,0,0.4110208247292069
17096,9.0,7.0,992.68,141.8114285714286,46.0,252.0,0.0769230769230769,2011-03-23 12:05:00,0,0.43116075425364586
17097,2.0,9.0,937.92,104.21333333333332,153.0,363.0,0.0093896713615023,2010-12-09 14:55:00,0,0.47004143159553013
17100,18.0,2.0,971.74,485.87,65.0,0.0,0.0,2011-11-21 16:36:00,0,0.4139720772633826
17101,10.0,4.0,1621.73,405.4325,28.0,167.0,0.0,2011-06-14 14:49:00,0,0.3980646721154527
17102,262.0,1.0,25.5,25.5,1.0,0.0,0.0,2011-03-23 10:08:00,0,0.5772673667055002
17105,159.0,2.0,665.78,332.89,80.0,147.0,0.0,2011-02-06 14:46:00,0,0.42324042056959216
17107,33.0,7.0,10380.43,1482.9185714285716,269.0,245.0,0.007125890736342,2011-03-06 15:17:00,0,0.5193203891768582
17109,29.0,8.0,869.6800000000001,108.71,107.0,203.0,0.0330578512396694,2011-04-21 15:46:00,0,0.4353601746209506
17110,165.0,1.0,163.29999999999998,163.29999999999998,12.0,0.0,0.0,2011-06-27 12:58:00,0,0.3933952694285358
17111,47.0,1.0,248.61,248.61,29.0,0.0,0.0,2011-10-23 15:59:00,0,0.3810517952641501
17114,6.0,10.0,747.22,74.72200000000001,85.0,329.0,0.0592592592592592,2011-01-09 11:39:00,0,0.47992180040173343
17115,8.0,5.0,806.9000000000001,161.38000000000002,33.0,224.0,0.0930232558139534,2011-04-20 14:46:00,0,0.42711898135910653
17117,288.0,1.0,116.2,116.2,9.0,0.0,0.0,2011-02-24 13:54:00,0,0.42336792148865904
17118,318.0,1.0,157.02,157.02,10.0,0.0,0.0,2011-01-26 12:19:00,0,0.42569851769717354
17119,3.0,3.0,593.61,197.87,35.0,56.0,0.0789473684210526,2011-10-11 11:03:00,0,0.4290122402265174
17120,233.0,1.0,307.46,307.46,18.0,0.0,0.0,2011-04-20 15:21:00,0,0.39999445186393817
17122,119.0,1.0,138.32,138.32,7.0,0.0,0.0,2011-08-12 14:33:00,0,0.40312110675630963
17123,162.0,1.0,345.29999999999995,345.29999999999995,9.0,0.0,0.0,2011-07-01 10:47:00,0,0.4021143262138687
17124,185.0,1.0,298.89,298.89,31.0,0.0,0.0,2011-06-07 14:02:00,0,0.3961536303551132
17125,50.0,1.0,259.35,259.35,34.0,0.0,0.0,2011-10-20 14:41:00,0,0.3826878406989671
17126,152.0,7.0,991.85,141.69285714285715,189.0,210.0,0.0076335877862595,2010-12-12 11:19:00,0,0.4768167318116091
17128,335.0,1.0,157.09,157.09,14.0,0.0,0.0,2011-01-09 12:02:00,0,0.43827321352412857
17131,5.0,5.0,2463.17,492.634,78.0,70.0,0.0,2011-09-25 12:42:00,0,0.42908145502817396
17133,16.0,7.0,4892.240000000001,698.8914285714287,13.0,250.0,0.0,2011-03-18 13:47:00,0,0.4675347634418604
17134,107.0,2.0,425.0,212.5,21.0,157.0,0.0,2011-03-20 11:56:00,0,0.4029306286661754
17135,16.0,7.0,1139.73,162.81857142857143,34.0,355.0,0.0,2010-12-03 09:31:00,0,0.43016270272595736
17138,276.0,1.0,380.5,380.5,24.0,0.0,0.0,2011-03-09 11:54:00,0,0.4079443024734637
17139,16.0,15.0,10585.57,705.7046666666666,309.0,273.0,0.0184804928131416,2011-02-24 09:32:00,0,0.5019860383159956
17140,247.0,1.0,465.32,465.32,16.0,0.0,0.0,2011-04-06 13:33:00,0,0.41890269476772485
17142,239.0,1.0,579.0,579.0,15.0,0.0,0.0,2011-04-14 18:22:00,0,0.4270606295054616
17144,1.0,2.0,984.57,492.285,42.0,83.0,0.0,2011-09-16 12:50:00,0,0.4073791486158785
17146,106.0,3.0,749.78,249.92666666666665,33.0,253.0,0.0,2010-12-16 12:20:00,0,0.4145395988111353
17147,23.0,6.0,1679.64,279.94,70.0,289.0,0.0470588235294117,2011-02-01 09:36:00,0,0.4105684966618938
17148,52.0,1.0,124.88,124.88,9.0,0.0,0.0,2011-10-19 09:59:00,0,0.40027285930730394
17152,195.0,4.0,1503.5,375.875,9.0,68.0,0.125,2011-03-21 16:20:00,0,0.5114181752418931
17153,24.0,1.0,213.78,213.78,14.0,0.0,0.0,2011-11-15 13:42:00,0,0.3870043687877221
17154,75.0,1.0,329.34,329.34,23.0,0.0,0.0,2011-09-25 13:42:00,0,0.3802500107750243
17155,18.0,2.0,251.7,125.85,19.0,160.0,0.0,2011-06-15 10:22:00,0,0.402180426736622
17157,8.0,3.0,306.55,102.18333333333334,11.0,168.0,0.1333333333333333,2011-06-16 15:08:00,0,0.4712194956429676
17158,32.0,3.0,1266.97,422.3233333333333,53.0,328.0,0.0,2010-12-14 13:03:00,0,0.4142083636752408
17159,22.0,4.0,1534.73,383.6825,96.0,150.0,0.0098039215686274,2011-06-21 09:49:00,0,0.40126656912724806
17160,31.0,6.0,3518.03,586.3383333333334,111.0,210.0,0.0,2011-04-12 12:00:00,0,0.4213610777050858
17162,29.0,11.0,1707.21,155.2009090909091,81.0,276.0,0.0095238095238095,2011-02-07 12:27:00,0,0.4204317747615718
17163,22.0,2.0,293.1,146.55,3.0,56.0,0.0,2011-09-22 15:54:00,0,0.4515627951735996
17164,33.0,8.0,2466.4,308.3,92.0,240.0,0.0068965517241379,2011-03-11 14:26:00,0,0.40274498039735585
17165,284.0,1.0,158.68,158.68,10.0,0.0,0.0,2011-02-28 16:39:00,0,0.4108727572959737
17166,39.0,3.0,189.49,63.16333333333333,11.0,165.0,0.1428571428571428,2011-05-20 08:18:00,0,0.4905356519798378
17169,50.0,4.0,816.88,204.22,51.0,133.0,0.1,2011-06-09 13:16:00,0,0.4298196725483076
17171,289.0,1.0,224.91,224.91,16.0,0.0,0.0,2011-02-23 16:37:00,0,0.4083211046379049
17172,75.0,2.0,313.26,156.63,16.0,4.0,0.0625,2011-09-22 09:36:00,0,0.4173085607273103
17173,5.0,9.0,3755.65,417.2944444444445,36.0,125.0,0.0114942528735632,2011-07-31 15:26:00,0,0.4511197543124302
17174,218.0,1.0,59.9,59.9,4.0,0.0,0.0,2011-05-06 11:47:00,0,0.47872350527766394
17175,44.0,5.0,1430.94,286.188,42.0,252.0,0.015625,2011-02-16 14:56:00,0,0.4003091114028055
17176,202.0,1.0,306.13,306.13,15.0,0.0,0.0,2011-05-22 12:41:00,0,0.3961768638475343
17179,178.0,3.0,711.79,237.2633333333333,56.0,183.0,0.0,2010-12-13 14:24:00,0,0.4299157622745111
17180,56.0,6.0,780.38,130.06333333333333,91.0,259.0,0.0229007633587786,2011-01-27 18:05:00,0,0.42028213994054026
17181,57.0,2.0,239.92,119.96,23.0,316.0,0.0,2010-12-01 12:38:00,0,0.4402145225984515
17183,8.0,8.0,3286.9100000000003,410.86375,42.0,97.0,0.0394736842105263,2011-08-26 15:25:00,0,0.4536314746116626
17186,47.0,2.0,144.0,72.0,1.0,13.0,0.0,2011-10-10 12:52:00,0,0.48633535814880996
17187,227.0,1.0,203.95,203.95,10.0,0.0,0.0,2011-04-27 12:39:00,0,0.40332699589308907
17188,11.0,9.0,2275.58,252.8422222222222,71.0,351.0,0.0561797752808988,2010-12-12 12:56:00,0,0.43594470447621025
17189,106.0,2.0,384.4,192.2,52.0,253.0,0.0,2010-12-15 17:28:00,0,0.42611383772632283
17190,59.0,3.0,249.74,83.24666666666667,19.0,148.0,0.05,2011-05-16 15:29:00,0,0.44046159116357225
17191,28.0,7.0,2095.13,299.3042857142857,163.0,340.0,0.0,2010-12-06 14:36:00,0,0.4259096391099506
17193,36.0,9.0,1674.46,186.0511111111111,17.0,141.0,0.0857142857142857,2011-06-16 10:04:00,0,0.4701457831201721
17194,274.0,2.0,262.62,131.31,26.0,86.0,0.0,2010-12-14 12:06:00,0,0.44440461918101637
17197,30.0,1.0,1013.01,1013.01,29.0,0.0,0.0,2011-11-10 10:32:00,0,0.4335471212781892
17198,24.0,3.0,692.22,230.74,89.0,347.0,0.0,2010-12-03 14:54:00,0,0.43089778726012806
17201,54.0,1.0,342.63,342.63,38.0,0.0,0.0,2011-10-17 11:55:00,0,0.3843132831337933
17203,36.0,6.0,3563.85,593.975,116.0,24.0,0.0,2011-10-10 14:37:00,0,0.45691179887414696
17204,169.0,9.0,1352.91,150.32333333333335,47.0,185.0,0.1492537313432835,2010-12-20 12:01:00,0,0.5177731612653272
17205,54.0,1.0,384.08,384.08,13.0,0.0,0.0,2011-10-17 12:46:00,0,0.38582222819246514
17206,53.0,1.0,204.24,204.24,7.0,0.0,0.0,2011-10-17 13:25:00,0,0.39750865903695787
17211,27.0,9.0,2299.67,255.5188888888889,150.0,342.0,0.0093896713615023,2010-12-05 12:44:00,0,0.42885188649082506
17212,253.0,1.0,226.85,226.85,4.0,0.0,0.0,2011-03-31 19:42:00,0,0.4311186493272008
17213,40.0,11.0,2741.08,249.1890909090909,85.0,326.0,0.0426829268292682,2010-12-08 13:03:00,0,0.4294571639213921
17214,60.0,7.0,984.12,140.58857142857144,79.0,298.0,0.0096153846153846,2010-12-15 15:14:00,0,0.42096404282235617
17217,234.0,1.0,113.5,113.5,9.0,0.0,0.0,2011-04-19 17:19:00,0,0.41630613866985217
17218,4.0,10.0,1960.72,196.072,146.0,363.0,0.0,2010-12-06 15:25:00,0,0.4403565421823033
17219,32.0,1.0,114.23,114.23,24.0,0.0,0.0,2011-11-08 11:25:00,0,0.4067025156431735
17220,24.0,14.0,3198.25,228.44642857142856,303.0,339.0,0.0,2010-12-10 14:54:00,0,0.46375586414265
17221,7.0,2.0,335.13,167.565,59.0,28.0,0.0,2011-11-03 17:39:00,0,0.4003978987235725
17222,65.0,1.0,354.15,354.15,27.0,0.0,0.0,2011-10-05 13:58:00,0,0.3802307695517588
17223,310.0,2.0,426.79,213.395,43.0,58.0,0.0,2010-12-06 14:08:00,0,0.4623957014046301
17226,309.0,1.0,393.49,393.49,21.0,0.0,0.0,2011-02-04 11:52:00,0,0.4203922684905138
17227,19.0,6.0,939.32,156.55333333333334,28.0,349.0,0.0,2010-12-06 11:16:00,0,0.4331848120854649
17228,16.0,8.0,1906.09,238.26125,140.0,356.0,0.0,2010-12-02 16:00:00,0,0.4261011499854636
17229,96.0,2.0,318.76,159.38,39.0,46.0,0.0,2011-07-20 12:38:00,0,0.39928233543557773
17230,264.0,11.0,3466.67,315.1518181818182,51.0,95.0,0.0547945205479452,2010-12-15 11:22:00,0,0.5450299266461103
17231,12.0,14.0,3127.82,223.4157142857143,294.0,349.0,0.0091575091575091,2010-12-13 13:09:00,0,0.45943520983826097
17232,3.0,2.0,421.52,210.76,30.0,11.0,0.0,2011-11-25 12:24:00,0,0.3960458602787957
17233,35.0,1.0,190.88,190.88,25.0,0.0,0.0,2011-11-04 14:06:00,0,0.3879168864933169
17234,183.0,1.0,149.89,149.89,14.0,0.0,0.0,2011-06-10 11:20:00,0,0.39636834313661967
17235,25.0,2.0,550.06,275.03,24.0,347.0,0.0,2010-12-02 13:38:00,0,0.43707287885717744
17236,13.0,6.0,916.13,152.68833333333333,88.0,350.0,0.0,2010-12-12 11:49:00,0,0.4241021370140412
17237,11.0,2.0,314.69,157.345,18.0,11.0,0.0,2011-11-17 12:55:00,0,0.39508542670599156
17238,3.0,17.0,3744.65,220.2735294117647,297.0,368.0,0.0,2010-12-03 15:05:00,0,0.4835782604333505
17239,313.0,2.0,379.95,189.975,15.0,39.0,0.0625,2010-12-22 13:20:00,0,0.47716607279007334
17242,108.0,2.0,1135.04,567.52,30.0,72.0,0.0,2011-06-12 13:04:00,0,0.4139211126578407
17243,1.0,30.0,8628.55,287.6183333333333,180.0,368.0,0.0171990171990172,2010-12-05 10:03:00,0,0.5073742389929526
17244,53.0,1.0,954.9,954.9,31.0,0.0,0.0,2011-10-17 15:19:00,0,0.42330205856618747
17245,205.0,1.0,171.45,171.45,9.0,0.0,0.0,2011-05-19 10:43:00,0,0.40218692822258467
17247,15.0,1.0,282.19,282.19,53.0,0.0,0.0,2011-11-24 15:21:00,0,0.40198234895795615
17248,120.0,1.0,318.65,318.65,68.0,0.0,0.0,2011-08-11 13:34:00,0,0.40322491274307837
17250,4.0,2.0,384.52,192.26,55.0,257.0,0.0,2011-03-23 16:45:00,0,0.40733496763821136
17251,363.0,1.0,283.28000000000003,283.28000000000003,37.0,0.0,0.0,2010-12-12 11:06:00,0,0.46028492367581636
17252,117.0,2.0,353.86,176.93,86.0,69.0,0.0,2011-06-06 16:41:00,0,0.4131452885596895
17253,18.0,1.0,178.26,178.26,18.0,0.0,0.0,2011-11-21 12:59:00,0,0.3885664398095165
17254,5.0,2.0,272.44,136.22,100.0,10.0,0.0,2011-11-24 14:09:00,0,0.4261545124066119
17255,41.0,2.0,298.41,149.205,69.0,258.0,0.0,2011-02-13 15:18:00,0,0.4123967672480477
17256,107.0,2.0,240.0,120.0,12.0,204.0,0.0,2011-01-31 14:53:00,0,0.432125496702404
17259,148.0,2.0,603.37,301.685,104.0,220.0,0.0,2010-12-06 12:55:00,0,0.44673470796376996
17262,52.0,5.0,1253.36,250.67200000000005,9.0,313.0,0.0,2010-12-08 13:30:00,0,0.44486283883900957
17263,208.0,1.0,63.440000000000005,63.440000000000005,23.0,0.0,0.0,2011-05-15 14:32:00,0,0.4680952127325604
17265,139.0,2.0,562.9,281.45,106.0,41.0,0.0,2011-06-12 12:00:00,0,0.427244385558838
17266,2.0,3.0,310.64,103.54666666666668,60.0,145.0,0.0,2011-07-15 11:57:00,0,0.4175390533386146
17267,127.0,2.0,317.62,158.81,37.0,0.0,0.0,2011-08-04 17:19:00,0,0.39503455663434556
17268,108.0,4.0,763.64,190.91,3.0,137.0,0.0,2011-04-08 13:20:00,0,0.47072973615557884
17272,42.0,5.0,2144.53,428.90600000000006,70.0,220.0,0.0172413793103448,2011-03-22 12:05:00,0,0.4063879651124744
17274,35.0,1.0,111.98,111.98,24.0,0.0,0.0,2011-11-04 13:16:00,0,0.4090413958254094
17277,228.0,2.0,1065.35,532.6750000000001,67.0,95.0,0.0,2011-01-21 12:37:00,0,0.45527831579141964
17278,241.0,1.0,246.04,246.04,15.0,0.0,0.0,2011-04-12 13:10:00,0,0.39805856271247714
17279,58.0,1.0,187.83,187.83,8.0,0.0,0.0,2011-10-13 11:58:00,0,0.3920964294995432
17282,130.0,3.0,1703.41,567.8033333333334,79.0,169.0,0.0,2011-02-13 11:36:00,0,0.42833501416603315
17284,60.0,7.0,1641.68,234.5257142857143,229.0,276.0,0.0068027210884353,2011-01-07 14:31:00,0,0.4345572089882788
17286,22.0,1.0,153.92,153.92,44.0,0.0,0.0,2011-11-18 12:47:00,0,0.40389463616250776
17287,26.0,7.0,1064.11,152.01571428571427,88.0,346.0,0.0,2010-12-02 12:22:00,0,0.4230752993196661
17288,9.0,7.0,1419.73,202.81857142857143,118.0,349.0,0.0,2010-12-16 13:33:00,0,0.42281942747864976
17289,32.0,4.0,936.16,234.04,86.0,148.0,0.0089285714285714,2011-06-12 13:51:00,0,0.3954517469944837
17290,4.0,2.0,525.24,262.62,92.0,12.0,0.0,2011-11-23 15:53:00,0,0.41272573931408285
17291,308.0,1.0,550.8000000000001,550.8000000000001,1.0,0.0,0.0,2011-02-04 13:04:00,0,0.5084037074499639
17293,8.0,9.0,1875.11,208.3455555555556,93.0,352.0,0.0,2010-12-13 14:55:00,0,0.4247354387333514
17295,29.0,3.0,556.95,185.65,53.0,35.0,0.0,2011-10-06 12:22:00,0,0.3922782382381879
17297,17.0,1.0,131.78,131.78,49.0,0.0,0.0,2011-11-22 14:43:00,0,0.418368377732881
17298,101.0,2.0,498.42,249.21,30.0,23.0,0.0,2011-08-07 12:21:00,0,0.39150642867721447
17299,12.0,4.0,669.11,167.2775,50.0,161.0,0.0,2011-06-19 16:04:00,0,0.39055988641758166
17301,21.0,1.0,197.63,197.63,59.0,0.0,0.0,2011-11-18 13:43:00,0,0.4064969807884801
17302,15.0,6.0,1119.93,186.655,68.0,290.0,0.0246913580246913,2011-02-07 10:14:00,0,0.40411699021239333
17303,361.0,1.0,250.04,250.04,53.0,0.0,0.0,2010-12-13 13:32:00,0,0.4737080677746014
17306,11.0,21.0,8600.73,409.5585714285714,13.0,342.0,0.0434782608695652,2010-12-21 13:34:00,0,0.5115584053407697
17307,365.0,1.0,0.01,0.01,1.0,0.0,1.0,2010-12-09 15:24:00,0,0.731582250148938
17309,95.0,1.0,82.75,82.75,11.0,0.0,0.0,2011-09-05 15:20:00,0,0.43092479543521606
17311,78.0,2.0,1384.85,692.425,55.0,238.0,0.0,2011-01-27 10:56:00,0,0.42173757027231623
17312,139.0,3.0,644.3,214.76666666666665,11.0,20.0,0.0,2011-07-03 13:12:00,0,0.4165255624002097
17313,18.0,2.0,2288.13,1144.065,24.0,13.0,0.1428571428571428,2011-11-08 15:45:00,0,0.5145741930422576
17314,25.0,11.0,2514.76,228.61454545454544,120.0,287.0,0.0367647058823529,2011-01-31 11:25:00,0,0.419488203042962
17315,1.0,43.0,6204.46,144.28976744186048,259.0,356.0,0.028747433264887,2010-12-17 12:19:00,0,0.5357646847039661
17317,46.0,5.0,2524.02,504.804,8.0,43.0,0.1818181818181818,2011-09-11 12:45:00,0,0.5279466448581044
17320,100.0,3.0,1200.62,400.2066666666667,57.0,267.0,0.0,2010-12-06 15:38:00,0,0.42232373681522545
17321,8.0,2.0,700.86,350.43,94.0,59.0,0.0,2011-10-03 11:34:00,0,0.4052304298108128
17323,15.0,9.0,908.99,100.99888888888889,125.0,277.0,0.0196078431372549,2011-02-20 14:38:00,0,0.4443939363382029
17324,18.0,4.0,990.23,247.5575,43.0,348.0,0.0,2010-12-08 12:45:00,0,0.41909609145236065
17325,280.0,1.0,96.8,96.8,6.0,0.0,0.0,2011-03-04 13:09:00,0,0.4459907589870026
17329,14.0,2.0,523.11,261.555,29.0,300.0,0.0,2011-01-28 15:29:00,0,0.41016638003172146
17330,23.0,2.0,363.9,181.95,5.0,44.0,0.0,2011-10-03 11:26:00,0,0.427273873149547
17331,124.0,1.0,175.2,175.2,1.0,0.0,0.0,2011-08-08 11:55:00,0,0.4568385661559254
17333,86.0,1.0,494.25,494.25,28.0,0.0,0.0,2011-09-15 10:11:00,0,0.39049142707333523
17334,301.0,3.0,306.6,102.2,11.0,7.0,0.0833333333333333,2011-02-04 09:03:00,0,0.492259289352283
17337,151.0,7.0,1944.32,277.76,421.0,158.0,0.0091240875912408,2011-02-02 17:06:00,0,0.5102658520809858
17338,17.0,10.0,6612.18,661.2180000000001,390.0,344.0,0.0052840158520475,2010-12-13 12:57:00,0,0.49822655520932707
17339,94.0,2.0,243.36,121.68,9.0,270.0,0.0,2010-12-09 14:44:00,0,0.4522609808853296
17340,9.0,16.0,11891.18,743.19875,231.0,357.0,0.0400943396226415,2010-12-08 15:56:00,0,0.5118705260666037
17341,157.0,3.0,781.36,260.4533333333333,147.0,209.0,0.0,2010-12-08 12:46:00,0,0.45252321743375257
17343,355.0,1.0,193.64,193.64,17.0,0.0,0.0,2010-12-19 15:07:00,0,0.4490327011904087
17344,46.0,1.0,160.57,160.57,31.0,0.0,0.0,2011-10-24 12:56:00,0,0.3910881257159496
17345,15.0,4.0,537.74,134.435,70.0,181.0,0.0,2011-05-27 12:26:00,0,0.3984243340486012
17346,4.0,16.0,2611.58,163.22375,299.0,369.0,0.0059642147117296,2010-12-01 14:34:00,0,0.48456544986568106
17347,86.0,1.0,228.96,228.96,1.0,0.0,0.0,2011-09-14 13:12:00,0,0.45389531686681966
17348,15.0,5.0,1159.52,231.904,180.0,283.0,0.0,2011-02-15 10:49:00,0,0.4140857621355813
17349,179.0,1.0,110.75,110.75,8.0,0.0,0.0,2011-06-13 14:29:00,0,0.416613103159668
17350,8.0,5.0,1256.19,251.238,66.0,42.0,0.0138888888888888,2011-10-19 16:05:00,0,0.4194644090881763
17351,36.0,3.0,587.15,195.71666666666667,22.0,237.0,0.0,2011-03-11 16:05:00,0,0.39466366636572053
17353,129.0,2.0,1740.0,870.0,5.0,25.0,0.0,2011-07-08 16:17:00,0,0.4828155476062562
17354,51.0,1.0,1393.06,1393.06,15.0,0.0,0.0,2011-10-20 10:34:00,0,0.4485943087365128
17356,312.0,1.0,178.22,178.22,19.0,0.0,0.0,2011-02-01 11:07:00,0,0.42243779683487714
17357,24.0,2.0,388.14,194.07,41.0,0.0,0.0,2011-11-15 16:29:00,0,0.3919400080933396
17358,303.0,2.0,365.85,182.925,55.0,52.0,0.0,2010-12-19 14:16:00,0,0.46289570691999654
17359,11.0,1.0,127.86,127.86,13.0,0.0,0.0,2011-11-28 14:37:00,0,0.4028232682605943
17360,17.0,3.0,585.79,195.2633333333333,113.0,166.0,0.0,2011-06-08 17:09:00,0,0.40045092180352854
17361,49.0,3.0,488.2,162.73333333333332,26.0,242.0,0.0,2011-02-21 09:55:00,0,0.39814525254728
17362,239.0,2.0,312.23,156.115,30.0,70.0,0.0,2011-02-03 10:26:00,0,0.42320945924596565
17364,1.0,12.0,4455.73,371.3108333333333,288.0,330.0,0.0072463768115942,2011-01-12 16:57:00,0,0.462084781333705
17365,13.0,8.0,4801.56,600.195,278.0,320.0,0.0,2011-01-11 12:11:00,0,0.4641326759737327
17367,238.0,1.0,168.4,168.4,33.0,0.0,0.0,2011-04-15 14:21:00,0,0.4124723176606304
17368,23.0,9.0,1349.52,149.94666666666666,93.0,314.0,0.1328125,2011-01-06 11:57:00,0,0.4731836536601185
17370,73.0,4.0,446.18,111.545,31.0,96.0,0.0,2011-06-23 11:50:00,0,0.4060248093010616
17371,17.0,3.0,423.89,141.29666666666665,83.0,343.0,0.0,2010-12-13 15:20:00,0,0.4411516283812105
17372,41.0,8.0,1342.68,167.835,215.0,321.0,0.0,2010-12-12 12:00:00,0,0.438596213171764
17373,40.0,4.0,646.92,161.73,47.0,272.0,0.0,2011-01-31 11:46:00,0,0.3977778327920417
17374,219.0,2.0,495.77,247.885,24.0,62.0,0.0,2011-03-03 12:53:00,0,0.42126317729249424
17375,190.0,4.0,372.5,93.125,65.0,171.0,0.028169014084507,2010-12-13 15:16:00,0,0.4681668895022971
17376,71.0,2.0,203.2,101.6,23.0,240.0,0.0,2011-02-01 14:12:00,0,0.43166337486970713
17377,24.0,21.0,3925.92,186.94857142857143,191.0,349.0,0.0023866348448687,2010-12-01 12:35:00,0,0.4695515579164227
17379,11.0,1.0,404.66,404.66,71.0,0.0,0.0,2011-11-28 13:56:00,0,0.41169242903715797
17381,9.0,30.0,20272.43,675.7476666666666,40.0,363.0,0.009090909090909,2010-12-02 12:58:00,0,0.5443517067287796
17382,65.0,1.0,65.4,65.4,2.0,0.0,0.0,2011-10-05 13:05:00,0,0.4762783901295504
17383,4.0,1.0,199.29,199.29,49.0,0.0,0.0,2011-12-05 17:36:00,0,0.40655541047298127
17384,19.0,2.0,336.4,168.2,12.0,199.0,0.0,2011-05-04 16:07:00,0,0.407994062698792
17385,15.0,1.0,261.11,261.11,42.0,0.0,0.0,2011-11-25 11:02:00,0,0.39406848167113084
17386,8.0,6.0,2686.42,447.7366666666667,23.0,157.0,0.0,2011-06-27 12:11:00,0,0.42451575542282566
17387,20.0,2.0,784.11,392.055,71.0,13.0,0.0,2011-11-06 11:25:00,0,0.40221120561285256
17388,78.0,4.0,1259.56,314.89,13.0,209.0,0.0,2011-02-25 12:28:00,0,0.4147222528709304
17389,1.0,43.0,31300.08,727.9088372093023,48.0,338.0,0.0491071428571428,2011-01-04 17:12:00,0,0.5765095160455691
17391,164.0,2.0,508.8,254.4,2.0,0.0,0.0,2011-06-28 12:21:00,0,0.4570962675593672
17392,307.0,2.0,457.91,228.955,53.0,51.0,0.0,2010-12-16 19:04:00,0,0.46423788701390967
17394,219.0,1.0,203.87,203.87,4.0,0.0,0.0,2011-05-04 13:22:00,0,0.42548103586984015
17396,39.0,8.0,7330.8,916.35,24.0,332.0,0.0,2010-12-03 09:45:00,0,0.4905532772641789
17397,22.0,2.0,696.41,348.205,88.0,0.0,0.0,2011-11-17 13:58:00,0,0.41009236366770413
17398,115.0,3.0,653.38,217.7933333333333,30.0,140.0,0.0,2011-03-29 13:04:00,0,0.3960120714137835
17400,126.0,5.0,2129.96,425.992,175.0,226.0,0.0,2010-12-21 17:16:00,0,0.4532406854558507
17402,5.0,13.0,2633.85,202.60384615384612,33.0,364.0,0.0,2010-12-05 13:53:00,0,0.4588892211015997
17403,36.0,1.0,281.62,281.62,32.0,0.0,0.0,2011-11-03 15:18:00,0,0.3856779962925623
17404,4.0,18.0,30300.82,1683.378888888889,111.0,356.0,0.0149253731343283,2010-12-14 13:27:00,0,0.5415545903914099
17405,1.0,5.0,967.22,193.444,77.0,149.0,0.1276595744680851,2011-07-12 14:17:00,0,0.45137510372058987
17406,330.0,5.0,1928.72,385.744,99.0,36.0,0.0258620689655172,2010-12-08 10:35:00,0,0.5437622850243339
17408,163.0,1.0,32.65,32.65,2.0,0.0,0.0,2011-06-29 12:53:00,0,0.5355279391408552
17409,185.0,2.0,771.85,385.925,13.0,63.0,0.0,2011-04-05 16:42:00,0,0.4261804451847941
17410,16.0,5.0,1214.72,242.944,57.0,199.0,0.0,2011-05-08 15:21:00,0,0.38677202170150077
17411,12.0,4.0,748.94,187.235,41.0,353.0,0.0465116279069767,2010-12-09 11:42:00,0,0.4381194336209495
17412,3.0,7.0,1258.06,179.72285714285712,48.0,369.0,0.0,2010-12-02 16:29:00,0,0.434913068584037
17414,44.0,2.0,778.0,389.0,5.0,141.0,0.0,2011-06-08 11:43:00,0,0.4347354795240153
17415,80.0,1.0,507.84,507.84,14.0,0.0,0.0,2011-09-21 12:50:00,0,0.39620862088188513
17416,30.0,9.0,6838.34,759.8155555555555,186.0,251.0,0.007380073800738,2011-03-03 13:45:00,0,0.46765738612227314
17418,42.0,2.0,463.46,231.73,29.0,281.0,0.0,2011-01-20 11:39:00,0,0.4077380688664565
17419,11.0,14.0,4200.97,300.06928571428574,155.0,355.0,0.0096153846153846,2010-12-07 15:03:00,0,0.4361524323557746
17420,50.0,3.0,598.83,199.61,28.0,323.0,0.0,2010-12-01 09:56:00,0,0.4208903776504902
17422,16.0,10.0,1853.13,185.313,93.0,279.0,0.1333333333333333,2011-02-16 14:44:00,0,0.4694512764207923
17423,45.0,4.0,663.63,165.9075,26.0,172.0,0.0714285714285714,2011-05-06 09:14:00,0,0.4171671561441334
17425,19.0,2.0,759.17,379.585,42.0,41.0,0.0,2011-10-10 11:37:00,0,0.389095047143546
17426,4.0,7.0,5022.26,717.4657142857143,179.0,277.0,0.0036764705882352,2011-03-02 16:34:00,0,0.457615107512864
17427,72.0,1.0,100.8,100.8,2.0,0.0,0.0,2011-09-29 11:29:00,0,0.449914180580899
17428,1.0,33.0,17078.45,517.5287878787879,255.0,368.0,0.0437317784256559,2010-12-06 09:37:00,0,0.5542513133613842
17429,121.0,4.0,512.12,128.03,36.0,98.0,0.0714285714285714,2011-05-05 09:53:00,0,0.441364908255569
17430,33.0,2.0,265.76,132.88,14.0,332.0,0.0,2010-12-09 13:05:00,0,0.44804416006392406
17431,313.0,1.0,403.3,403.3,41.0,0.0,0.0,2011-01-30 14:36:00,0,0.4381175822780754
17432,18.0,2.0,365.76,182.88,44.0,19.0,0.0,2011-11-02 17:30:00,0,0.39040880169870124
17433,88.0,1.0,303.16,303.16,53.0,0.0,0.0,2011-09-12 14:24:00,0,0.3958855453108788
17434,2.0,9.0,2333.42,259.2688888888889,100.0,82.0,0.0289855072463768,2011-09-15 13:54:00,0,0.4581677337999662
17436,2.0,2.0,216.3,108.15,7.0,225.0,0.0,2011-04-27 11:33:00,0,0.4564545753623038
17438,247.0,2.0,378.3,189.15,17.0,6.0,0.1052631578947368,2011-03-31 10:26:00,0,0.4613414554635499
17440,148.0,5.0,177.1,35.42,3.0,99.0,0.375,2011-04-06 12:05:00,0,0.6135120741545791
17442,29.0,10.0,2210.26,221.026,97.0,335.0,0.0357142857142857,2010-12-09 15:13:00,0,0.42248523684750316
17443,220.0,1.0,534.24,534.24,1.0,0.0,0.0,2011-05-04 10:47:00,0,0.4925750239180147
17444,148.0,3.0,2940.04,980.0133333333332,132.0,25.0,0.0,2011-06-20 09:04:00,0,0.4843806869981793
17446,177.0,2.0,120.9,60.45,6.0,133.0,0.0,2011-02-02 14:40:00,0,0.49255521779677325
17447,40.0,2.0,541.53,270.765,33.0,31.0,0.0,2011-09-29 10:10:00,0,0.386898948484427
17448,145.0,1.0,0.01,0.01,1.0,0.0,1.0,2011-07-18 12:26:00,0,0.7278646085781666
17449,2.0,8.0,2504.86,313.1075,178.0,357.0,0.007168458781362,2010-12-15 10:57:00,0,0.4422680153859099
17450,8.0,55.0,187482.17,3408.766727272728,127.0,359.0,0.0398860398860398,2010-12-07 09:23:00,0,0.6208885993558747
17451,1.0,10.0,1648.95,164.895,83.0,104.0,0.0654205607476635,2011-08-26 11:54:00,0,0.46269088571058886
17453,18.0,2.0,486.72,243.36,19.0,46.0,0.0,2011-10-06 17:02:00,0,0.3915283154297238
17454,192.0,4.0,517.53,129.3825,57.0,167.0,0.0,2010-12-15 10:54:00,0,0.4433603650626593
17455,204.0,1.0,131.7,131.7,8.0,0.0,0.0,2011-05-20 12:31:00,0,0.4107007047503196
17456,365.0,1.0,249.86,249.86,17.0,0.0,0.0,2010-12-09 15:23:00,0,0.4487196930264898
17457,127.0,5.0,1737.7,347.54,14.0,212.0,0.0,2011-01-04 14:33:00,0,0.4443984815225063
17458,15.0,1.0,316.5,316.5,52.0,0.0,0.0,2011-11-24 13:01:00,0,0.3990299629778535
17459,43.0,2.0,657.3,328.65,88.0,16.0,0.0,2011-10-10 17:00:00,0,0.4003772168144935
17460,79.0,8.0,452.63,56.57875,18.0,294.0,0.2162162162162162,2010-12-01 16:24:00,0,0.5532815338838267
17461,23.0,3.0,757.46,252.48666666666668,104.0,6.0,0.0,2011-11-10 12:01:00,0,0.41240748702852137
17462,51.0,3.0,662.94,220.98,25.0,232.0,0.0357142857142857,2011-02-28 17:01:00,0,0.40856871513452997
17463,16.0,6.0,1881.36,313.56,162.0,296.0,0.0182648401826484,2011-01-30 15:48:00,0,0.41438625017937575
17464,158.0,1.0,289.96000000000004,289.96000000000004,9.0,0.0,0.0,2011-07-04 13:19:00,0,0.3982054900972953
17466,10.0,2.0,763.28,381.64,41.0,68.0,0.0,2011-09-22 09:16:00,0,0.39182629472463515
17468,10.0,2.0,137.0,68.5,5.0,4.0,0.0,2011-11-25 12:52:00,0,0.4582174853351436
17469,16.0,6.0,1843.06,307.1766666666667,61.0,188.0,0.0222222222222222,2011-05-19 08:55:00,0,0.40109770405573586
17470,45.0,5.0,1125.07,225.014,67.0,323.0,0.0,2010-12-07 09:57:00,0,0.40686937700657333
17472,191.0,3.0,710.29,236.7633333333333,142.0,108.0,0.0,2011-02-13 14:40:00,0,0.4510663394172049
17475,79.0,1.0,194.37,194.37,14.0,0.0,0.0,2011-09-21 14:55:00,0,0.38372398693792
17480,74.0,2.0,506.51,253.255,29.0,3.0,0.064516129032258,2011-09-23 11:39:00,0,0.423420482634699
17481,4.0,5.0,1249.34,249.868,69.0,90.0,0.0120481927710843,2011-09-07 09:57:00,0,0.4143730992639338
17483,65.0,3.0,414.04,138.01333333333335,18.0,117.0,0.0,2011-06-09 19:40:00,0,0.3964106723890342
17486,261.0,1.0,396.87,396.87,24.0,0.0,0.0,2011-03-23 14:00:00,0,0.4104143429115185
17489,59.0,2.0,376.64,188.32,28.0,153.0,0.0,2011-05-11 11:34:00,0,0.38804903939942725
17490,1.0,11.0,1926.88,175.17090909090908,64.0,175.0,0.1162790697674418,2011-06-16 09:15:00,0,0.4676165927417407
17491,1.0,11.0,3541.92,321.9927272727273,72.0,366.0,0.009090909090909,2010-12-07 12:18:00,0,0.4451722095468021
17492,248.0,1.0,374.57,374.57,12.0,0.0,0.0,2011-04-05 15:21:00,0,0.40899687597769735
17495,8.0,2.0,497.56,248.78,21.0,31.0,0.0,2011-11-01 12:06:00,0,0.39357281189379795
17496,359.0,1.0,271.05,271.05,10.0,0.0,0.0,2010-12-16 08:39:00,0,0.45166613984863785
17498,76.0,1.0,272.22,272.22,17.0,0.0,0.0,2011-09-25 12:25:00,0,0.3789689666963803
17499,290.0,1.0,622.88,622.88,40.0,0.0,0.0,2011-02-23 09:14:00,0,0.45129522146615797
17500,17.0,3.0,1138.0,379.3333333333333,3.0,12.0,0.0,2011-11-10 09:08:00,0,0.46648161007381284
17501,221.0,2.0,288.6,144.3,18.0,0.0,0.0,2011-05-03 09:46:00,0,0.4115027502329216
17502,9.0,4.0,689.1,172.275,25.0,19.0,0.0,2011-11-10 16:39:00,0,0.40720960127143396
17503,3.0,2.0,558.96,279.48,36.0,35.0,0.0,2011-11-01 11:12:00,0,0.39519658413932274
17504,206.0,10.0,2745.28,274.528,112.0,116.0,0.0928571428571428,2011-01-21 11:09:00,0,0.5386788910645662
17505,162.0,2.0,1145.84,572.92,48.0,44.0,0.0,2011-05-18 09:01:00,0,0.42984115209801227
17506,70.0,2.0,294.29,147.145,14.0,5.0,0.125,2011-09-25 11:39:00,0,0.44622185634584566
17507,262.0,2.0,605.58,302.79,79.0,47.0,0.0,2011-02-03 18:08:00,0,0.4491536822246748
17508,281.0,1.0,387.31,387.31,22.0,0.0,0.0,2011-03-04 08:10:00,0,0.4107176596894705
17509,58.0,11.0,6100.74,554.6127272727273,75.0,5.0,0.008130081300813,2011-10-07 13:14:00,0,0.4942803414475905
17510,25.0,1.0,308.48,308.48,20.0,0.0,0.0,2011-11-15 10:00:00,0,0.38437951040967966
17511,3.0,46.0,88125.38,1915.7691304347827,467.0,370.0,0.1050185873605948,2010-12-01 10:19:00,0,0.6552206882260457
17512,29.0,11.0,2920.04,265.4581818181818,61.0,272.0,0.0094339622641509,2011-02-11 12:22:00,0,0.4149733467658288
17513,72.0,1.0,513.2,513.2,6.0,0.0,0.0,2011-09-28 16:42:00,0,0.42191635912957
17514,128.0,1.0,208.65,208.65,40.0,0.0,0.0,2011-08-03 15:45:00,0,0.3968997501306993
17515,31.0,4.0,639.02,159.755,49.0,286.0,0.0,2011-01-25 14:33:00,0,0.4014243375064489
17516,15.0,5.0,768.08,153.616,113.0,270.0,0.0,2011-02-27 12:41:00,0,0.404157197750272
17517,309.0,1.0,153.94,153.94,11.0,0.0,0.0,2011-02-04 11:48:00,0,0.4186794527926323
17519,17.0,7.0,1839.07,262.7242857142857,60.0,351.0,0.0120481927710843,2010-12-06 15:18:00,0,0.4184656579735926
17520,54.0,1.0,546.81,546.81,30.0,0.0,0.0,2011-10-17 12:04:00,0,0.39575269370780886
17521,24.0,4.0,721.9599999999999,180.49,38.0,174.0,0.0217391304347826,2011-05-24 15:14:00,0,0.39603346475998924
17522,2.0,5.0,1070.71,214.142,59.0,216.0,0.0,2011-05-05 16:31:00,0,0.3947722059811816
17523,11.0,4.0,652.74,163.185,25.0,7.0,0.0,2011-11-20 13:40:00,0,0.4091338122666346
17524,361.0,1.0,145.0,145.0,6.0,0.0,0.0,2010-12-13 14:32:00,0,0.46366484432978805
17525,360.0,1.0,422.7000000000001,422.7000000000001,9.0,0.0,0.0,2010-12-15 12:05:00,0,0.4701759744388955
17526,1.0,8.0,706.7,88.3375,17.0,364.0,0.1739130434782608,2010-12-09 12:20:00,0,0.5405697735393958
17527,54.0,6.0,888.86,148.14333333333337,45.0,164.0,0.0408163265306122,2011-05-05 13:43:00,0,0.4110468445103992
17528,1.0,11.0,3540.1,321.8272727272727,183.0,70.0,0.0269230769230769,2011-09-29 13:04:00,0,0.4859657125916233
17530,1.0,10.0,2385.0,238.5,306.0,363.0,0.0,2010-12-09 20:01:00,0,0.46539061729954595
17531,121.0,2.0,293.45,146.725,15.0,69.0,0.0666666666666666,2011-06-02 19:17:00,0,0.43468765398896264
17534,54.0,1.0,223.36,223.36,9.0,0.0,0.0,2011-10-17 12:47:00,0,0.3892718994481343
17535,280.0,1.0,164.4,164.4,13.0,0.0,0.0,2011-03-04 15:20:00,0,0.4097204416624001
17536,177.0,1.0,76.5,76.5,3.0,0.0,0.0,2011-06-15 13:23:00,0,0.4624749463469047
17537,30.0,2.0,897.62,448.81,74.0,273.0,0.0,2011-02-09 13:37:00,0,0.40795748442668744
17538,26.0,1.0,98.42,98.42,9.0,0.0,0.0,2011-11-14 12:12:00,0,0.42458386092089695
17540,9.0,3.0,570.4,190.13333333333333,20.0,307.0,0.0384615384615384,2011-01-27 14:35:00,0,0.4301745681062675
17542,270.0,1.0,170.75,170.75,24.0,0.0,0.0,2011-03-15 11:45:00,0,0.4117356501130241
17545,43.0,3.0,645.96,215.32,122.0,0.0,0.0,2011-10-27 13:48:00,0,0.42075749171521126
17547,372.0,1.0,0.01,0.01,2.0,0.0,1.0,2010-12-02 14:29:00,0,0.7333994245640223
17548,218.0,3.0,0.01,0.01,12.0,155.0,0.7058823529411765,2010-12-01 10:24:00,0,0.7142130248673231
17549,24.0,2.0,148.86,74.43,5.0,27.0,0.0,2011-10-19 10:05:00,0,0.45340380972556066
17550,197.0,3.0,267.16,89.05333333333334,42.0,45.0,0.0,2011-04-10 15:19:00,0,0.44852016408022327
17551,359.0,1.0,306.84,306.84,39.0,0.0,0.0,2010-12-15 14:12:00,0,0.458779147460444
17552,43.0,6.0,909.96,151.66,45.0,329.0,0.0392156862745098,2010-12-02 18:45:00,0,0.4284319257432181
17553,130.0,1.0,1487.6,1487.6,2.0,0.0,0.0,2011-08-02 10:00:00,0,0.5082730566109823
17554,1.0,5.0,1952.45,390.49,58.0,146.0,0.0,2011-07-14 20:01:00,0,0.40586203986797054
17555,20.0,2.0,483.26,241.63,101.0,314.0,0.0,2011-01-09 12:31:00,0,0.42463991189317307
17556,206.0,1.0,157.9,157.9,6.0,0.0,0.0,2011-05-18 10:48:00,0,0.4128048689348666
17557,14.0,3.0,541.46,180.48666666666668,27.0,66.0,0.0,2011-09-19 14:23:00,0,0.3930167705865416
17560,95.0,4.0,854.95,213.7375,22.0,215.0,0.0,2011-02-02 11:14:00,0,0.4053381858284608
17561,19.0,1.0,167.62,167.62,44.0,0.0,0.0,2011-11-20 12:53:00,0,0.4027682545672084
17562,14.0,8.0,1107.38,138.4225,48.0,159.0,0.015625,2011-06-19 13:06:00,0,0.41752868261001913
17564,24.0,3.0,454.01,151.33666666666667,38.0,55.0,0.0,2011-09-20 14:00:00,0,0.392490256570635
17566,8.0,2.0,901.21,450.605,113.0,17.0,0.0,2011-11-14 13:42:00,0,0.42282821805662935
17567,7.0,10.0,4012.56,401.256,110.0,365.0,0.0677966101694915,2010-12-02 15:18:00,0,0.4619552259769885
17569,332.0,1.0,344.14,344.14,29.0,0.0,0.0,2011-01-11 14:15:00,0,0.43959704417460793
17571,50.0,4.0,1498.51,374.6275,247.0,248.0,0.0,2011-02-14 15:15:00,0,0.42769673523401586
17572,71.0,4.0,226.75000000000003,56.68750000000001,7.0,302.0,0.0,2010-12-01 12:51:00,0,0.5057896330448686
17573,29.0,4.0,362.9,90.725,24.0,64.0,0.0384615384615384,2011-09-07 10:36:00,0,0.4316297591943875
17574,243.0,1.0,185.65,185.65,8.0,0.0,0.0,2011-04-11 09:47:00,0,0.40594223591551637
17576,8.0,22.0,3457.78,157.1718181818182,245.0,357.0,0.014388489208633,2010-12-09 16:57:00,0,0.4809553704607526
17578,191.0,2.0,124.74,62.37,5.0,27.0,0.1666666666666666,2011-05-05 18:38:00,0,0.5333511024772332
17579,5.0,4.0,440.2,110.05,46.0,174.0,0.0384615384615384,2011-06-13 14:12:00,0,0.4208247878237532
17580,253.0,3.0,215.72,71.90666666666667,43.0,105.0,0.0,2010-12-16 15:27:00,0,0.48585713638233136
17581,1.0,31.0,10736.11,346.3261290322581,231.0,371.0,0.0265486725663716,2010-12-02 14:47:00,0,0.5267373858556267
17582,236.0,1.0,175.27,175.27,28.0,0.0,0.0,2011-04-17 13:18:00,0,0.40584666525709834
17584,7.0,3.0,1227.3,409.1,30.0,120.0,0.0277777777777777,2011-08-04 14:12:00,0,0.41360485557847854
17585,109.0,4.0,1133.07,283.2675,176.0,228.0,0.0,2011-01-05 15:09:00,0,0.4360674211525765
17588,100.0,3.0,1240.2,413.4,19.0,132.0,0.0,2011-04-21 10:31:00,0,0.41007076385972663
17589,60.0,4.0,2404.17,601.0425,172.0,180.0,0.0,2011-04-13 13:47:00,0,0.43272652971123904
17590,2.0,3.0,1479.22,493.0733333333333,162.0,37.0,0.0,2011-10-30 14:05:00,0,0.44062206264790355
17591,73.0,8.0,2215.02,276.8775,81.0,293.0,0.0059880239520958,2010-12-07 15:39:00,0,0.41971047807730266
17593,4.0,6.0,3911.56,651.9266666666666,190.0,349.0,0.0093023255813953,2010-12-22 10:29:00,0,0.4624052781427531
17594,85.0,2.0,993.18,496.59,42.0,169.0,0.0,2011-03-30 10:32:00,0,0.39985384039842964
17595,12.0,2.0,388.79,194.395,68.0,24.0,0.0,2011-11-02 16:19:00,0,0.40009808592665497
17596,23.0,7.0,2827.93,403.99,168.0,345.0,0.0,2010-12-06 12:34:00,0,0.43286997732820814
17597,214.0,1.0,2044.37,2044.37,55.0,0.0,0.0,2011-05-10 11:54:00,0,0.5042691962986973
17600,18.0,1.0,161.67000000000002,161.67000000000002,13.0,0.0,0.0,2011-11-22 09:43:00,0,0.39279721208168755
17601,239.0,1.0,116.01,116.01,9.0,0.0,0.0,2011-04-14 18:02:00,0,0.4147022451813768
17602,2.0,8.0,5050.77,631.34625,335.0,321.0,0.0088495575221238,2011-01-19 16:18:00,0,0.484753534311513
17603,50.0,5.0,0.01,0.01,12.0,217.0,0.2666666666666666,2011-03-17 14:39:00,0,0.6657478057473357
17604,217.0,2.0,309.36,154.68,57.0,94.0,0.0,2011-01-31 15:09:00,0,0.4332141040212091
17608,33.0,2.0,193.42,96.71,54.0,0.0,0.0,2011-11-06 13:00:00,0,0.41746359299600627
17609,41.0,6.0,1103.92,183.98666666666668,199.0,286.0,0.0042016806722689,2011-01-16 16:23:00,0,0.42612210874100015
17611,4.0,19.0,3947.87,207.78263157894736,440.0,357.0,0.0103092783505154,2010-12-13 13:52:00,0,0.4921601648843251
17612,53.0,10.0,1992.76,199.276,117.0,244.0,0.0492957746478873,2011-02-15 10:40:00,0,0.4340518532310291
17613,23.0,17.0,4509.37,265.2570588235294,211.0,282.0,0.0219435736677116,2011-02-07 11:20:00,0,0.45028696966156223
17614,57.0,1.0,390.07,390.07,97.0,0.0,0.0,2011-10-13 16:01:00,0,0.4142685393734991
17615,130.0,3.0,329.6,109.86666666666667,13.0,91.0,0.0,2011-05-01 15:33:00,0,0.4207198072282227
17616,174.0,3.0,571.1999999999999,190.4,1.0,194.0,0.0,2010-12-07 10:04:00,0,0.5091165238176774
17618,6.0,3.0,971.58,323.86,56.0,356.0,0.0,2010-12-12 16:05:00,0,0.42676998393687954
17619,312.0,1.0,218.52,218.52,71.0,0.0,0.0,2011-01-31 14:18:00,0,0.45738252357127207
17620,60.0,1.0,81.44,81.44,4.0,0.0,0.0,2011-10-11 12:08:00,0,0.44942455465711184
17621,21.0,4.0,1336.1,334.025,25.0,333.0,0.037037037037037,2010-12-20 13:31:00,0,0.4310252826538465
17623,33.0,1.0,527.0500000000001,527.0500000000001,33.0,0.0,0.0,2011-11-07 11:32:00,0,0.399417232638289
17624,15.0,2.0,843.48,421.74,49.0,203.0,0.0,2011-05-05 17:59:00,0,0.39606210866943015
17625,18.0,4.0,2047.0,511.75,223.0,239.0,0.0,2011-03-27 12:21:00,0,0.430527553696289
17628,81.0,1.0,75.75,75.75,5.0,0.0,0.0,2011-09-19 15:21:00,0,0.44887928952081735
17629,6.0,9.0,1784.12,198.23555555555555,106.0,354.0,0.0080645161290322,2010-12-15 09:58:00,0,0.42795466567164236
17630,170.0,2.0,503.6,251.8,24.0,62.0,0.0,2011-04-21 14:03:00,0,0.4056111458563778
17631,2.0,3.0,528.33,176.11,39.0,230.0,0.0,2011-04-21 13:22:00,0,0.3994917426396978
17633,31.0,6.0,1242.34,207.05666666666664,60.0,327.0,0.0277777777777777,2010-12-15 16:42:00,0,0.411966753689685
17634,36.0,9.0,2361.9700000000003,262.4411111111111,209.0,301.0,0.0,2011-01-06 12:45:00,0,0.4235659668123617
17636,9.0,2.0,265.93,132.965,20.0,10.0,0.1666666666666666,2011-11-20 14:40:00,0,0.46743623552321506
17637,31.0,2.0,547.0600000000001,273.53000000000003,35.0,83.0,0.0,2011-08-16 13:25:00,0,0.38607082984056784
17639,276.0,1.0,108.5,108.5,7.0,0.0,0.0,2011-03-08 15:22:00,0,0.4342948957952006
17640,87.0,1.0,621.66,621.66,5.0,0.0,0.0,2011-09-14 09:13:00,0,0.4354662376428504
17642,120.0,2.0,712.29,356.145,34.0,56.0,0.0,2011-06-16 12:55:00,0,0.3965956525144659
17643,373.0,1.0,101.55,101.55,8.0,0.0,0.0,2010-12-01 14:38:00,0,0.4860953988796798
17644,1.0,17.0,2768.98,162.88117647058823,103.0,320.0,0.0710059171597633,2011-01-21 17:18:00,0,0.4705172649934688
17646,219.0,4.0,995.66,248.915,46.0,145.0,0.0555555555555555,2010-12-09 14:28:00,0,0.4655733419952099
17647,65.0,1.0,133.06,133.06,7.0,0.0,0.0,2011-10-05 15:38:00,0,0.40335656114552887
17648,61.0,5.0,1789.55,357.91,81.0,188.0,0.0108695652173913,2011-04-04 10:29:00,0,0.39983084191152374
17649,135.0,2.0,861.74,430.87,52.0,3.0,0.0188679245283018,2011-07-24 15:53:00,0,0.4336119340612167
17650,21.0,1.0,166.08,166.08,8.0,0.0,0.0,2011-11-18 14:52:00,0,0.4023319459168
17651,12.0,14.0,3886.67,277.6192857142857,149.0,165.0,0.0292887029288702,2011-06-15 15:57:00,0,0.4576384919431959
17652,25.0,18.0,4737.13,263.1738888888889,118.0,255.0,0.0407407407407407,2011-03-03 14:05:00,0,0.45305277763905966
17653,29.0,5.0,1175.88,235.176,44.0,90.0,0.12,2011-08-11 15:24:00,0,0.4471424746878984
17654,277.0,1.0,117.55,117.55,22.0,0.0,0.0,2011-03-07 13:17:00,0,0.42481003402073464
17655,11.0,8.0,2571.74,321.46750000000003,66.0,355.0,0.021505376344086,2010-12-08 16:45:00,0,0.4229799349062586
17656,73.0,5.0,1674.69,334.938,67.0,55.0,0.0,2011-08-03 10:45:00,0,0.4171749200777283
17658,11.0,3.0,485.88,161.96,17.0,200.0,0.1739130434782608,2011-05-12 15:23:00,0,0.4728400302829439
17659,4.0,14.0,2954.75,211.05357142857144,127.0,368.0,0.0186335403726708,2010-12-02 16:46:00,0,0.45229705566593637
17660,141.0,1.0,196.0,196.0,37.0,0.0,0.0,2011-07-21 13:37:00,0,0.39797112287300895
17663,26.0,9.0,1788.27,198.69666666666663,63.0,261.0,0.0444444444444444,2011-02-25 14:11:00,0,0.41255385155141056
17664,19.0,2.0,604.64,302.32,41.0,193.0,0.0,2011-05-11 14:17:00,0,0.38711149888783697
17666,4.0,2.0,728.16,364.08,14.0,61.0,0.0,2011-10-05 11:06:00,0,0.4049087264716791
17667,66.0,5.0,2055.51,411.102,85.0,232.0,0.0,2011-02-14 09:24:00,0,0.40378802073739567
17668,1.0,2.0,347.75,173.875,14.0,36.0,0.0,2011-11-01 14:45:00,0,0.4039564333903513
17669,43.0,7.0,3406.7200000000003,486.67428571428576,45.0,206.0,0.0,2011-04-04 10:11:00,0,0.417700246977381
17670,228.0,1.0,205.7,205.7,11.0,0.0,0.0,2011-04-26 09:12:00,0,0.4017330793469936
17671,16.0,6.0,1284.08,214.0133333333333,40.0,349.0,0.1311475409836065,2010-12-09 14:27:00,0,0.47503420884465036
17672,44.0,4.0,3106.62,776.655,105.0,265.0,0.0434782608695652,2011-02-03 13:29:00,0,0.4526007613967141
17673,1.0,7.0,1622.22,231.74571428571429,118.0,318.0,0.0043859649122807,2011-01-23 15:16:00,0,0.41880331638292206
17674,74.0,2.0,551.04,275.52,19.0,294.0,0.0,2010-12-06 10:20:00,0,0.4219005334758157
17675,1.0,41.0,20098.1,490.19756097560975,240.0,366.0,0.0221914008321775,2010-12-07 13:22:00,0,0.5540508449523325
17676,4.0,7.0,1383.27,197.61,50.0,362.0,0.0126582278481012,2010-12-08 13:49:00,0,0.4280044199731669
17677,2.0,43.0,16219.22,377.19116279069766,179.0,367.0,0.0529595015576324,2010-12-06 08:42:00,0,0.5501031528501743
17678,264.0,1.0,298.11,298.11,16.0,0.0,0.0,2011-03-21 11:52:00,0,0.40361456447829697
17679,53.0,2.0,1992.11,996.055,29.0,32.0,0.0,2011-09-15 10:35:00,0,0.4291039677290451
17680,24.0,1.0,184.4,184.4,11.0,0.0,0.0,2011-11-16 12:42:00,0,0.39339340681475593
17682,10.0,7.0,2459.33,351.3328571428571,48.0,358.0,0.0084033613445378,2010-12-06 13:35:00,0,0.42714297204530416
17684,44.0,1.0,239.41,239.41,15.0,0.0,0.0,2011-10-27 11:10:00,0,0.3815555158184282
17685,17.0,7.0,3191.53,455.9328571428572,88.0,355.0,0.0,2010-12-02 14:42:00,0,0.4265672549713981
17686,7.0,7.0,5739.46,819.9228571428572,205.0,295.0,0.0,2011-02-10 10:18:00,0,0.46705857094849873
17690,30.0,16.0,4748.45,296.778125,186.0,342.0,0.0077519379844961,2010-12-01 16:15:00,0,0.4569132573652046
17691,358.0,2.0,290.40000000000003,145.20000000000002,18.0,10.0,0.0,2010-12-06 11:10:00,0,0.47760927124234503
17692,127.0,5.0,733.4399999999999,146.688,34.0,232.0,0.0212765957446808,2010-12-15 13:37:00,0,0.43776719936972547
17693,136.0,3.0,187.02,62.34,16.0,1.0,0.1111111111111111,2011-07-25 15:48:00,0,0.47815712571949187
17694,142.0,1.0,283.12,283.12,15.0,0.0,0.0,2011-07-21 12:00:00,0,0.3886862889755678
17695,132.0,2.0,765.34,382.67,30.0,39.0,0.0,2011-06-21 12:35:00,0,0.39865717266569534
17696,38.0,14.0,2201.05,157.21785714285716,79.0,326.0,0.0873015873015873,2010-12-10 09:51:00,0,0.4691332358995467
17697,236.0,1.0,338.95,338.95,19.0,0.0,0.0,2011-04-17 15:40:00,0,0.40155861767157003
17698,261.0,1.0,154.95,154.95,8.0,0.0,0.0,2011-03-24 11:34:00,0,0.4116622740805222
17700,17.0,6.0,2508.89,418.1483333333333,118.0,348.0,0.0273972602739726,2010-12-09 15:33:00,0,0.43073719147611683
17701,253.0,1.0,417.95,417.95,24.0,0.0,0.0,2011-04-01 12:25:00,0,0.4151187856555564
17702,30.0,6.0,1719.72,286.62,62.0,335.0,0.075,2010-12-09 13:40:00,0,0.4394357692166864
17703,35.0,3.0,798.74,266.24666666666667,47.0,103.0,0.0,2011-07-24 13:30:00,0,0.38674262165026546
17704,169.0,2.0,885.19,442.595,27.0,71.0,0.0,2011-04-14 09:28:00,0,0.4169512164912635
17705,3.0,10.0,1781.12,178.112,63.0,298.0,0.0462962962962962,2011-02-11 10:57:00,0,0.42913943592388704
17706,4.0,22.0,10097.37,458.97136363636366,270.0,362.0,0.0329113924050632,2010-12-08 11:02:00,0,0.5035288224822285
17707,185.0,2.0,152.4,76.2,3.0,151.0,0.0,2011-01-07 13:30:00,0,0.5032084046126184
17708,188.0,2.0,267.08,133.54,28.0,137.0,0.0,2011-01-19 10:09:00,0,0.42342049438600987
17709,170.0,1.0,137.45,137.45,7.0,0.0,0.0,2011-06-23 11:55:00,0,0.40864184491686045
17711,11.0,2.0,385.1,192.55,22.0,279.0,0.0,2011-02-23 11:32:00,0,0.41227760052645146
17712,45.0,1.0,522.91,522.91,29.0,0.0,0.0,2011-10-26 12:28:00,0,0.39566486167023496
17714,321.0,1.0,153.0,153.0,10.0,0.0,0.0,2011-01-23 10:32:00,0,0.42860872199662303
17715,201.0,1.0,326.4,326.4,1.0,0.0,0.0,2011-05-23 12:32:00,0,0.4690501896088444
17716,23.0,12.0,5505.79,458.8158333333333,172.0,245.0,0.0354330708661417,2011-03-17 10:38:00,0,0.4558509590156269
17718,232.0,1.0,139.35,139.35,6.0,0.0,0.0,2011-04-21 13:39:00,0,0.41830912579972596
17719,38.0,18.0,5367.8,298.2111111111111,111.0,217.0,0.014388489208633,2011-03-29 11:29:00,0,0.4593274247974738
17720,26.0,4.0,1195.94,298.985,39.0,341.0,0.0,2010-12-07 10:43:00,0,0.41496616186325747
17722,96.0,6.0,2380.64,396.7733333333333,112.0,270.0,0.0416666666666666,2010-12-08 12:41:00,0,0.45027401078010143
17723,127.0,6.0,3276.4000000000005,546.0666666666667,4.0,87.0,0.0,2011-05-09 14:44:00,0,0.5126508373410518
17724,58.0,4.0,995.65,248.9125,38.0,80.0,0.1111111111111111,2011-07-24 13:26:00,0,0.44279385423743856
17725,16.0,14.0,3371.13,240.795,115.0,250.0,0.0303030303030303,2011-03-17 19:47:00,0,0.4314538275203509
17727,9.0,2.0,1042.55,521.275,66.0,5.0,0.0149253731343283,2011-11-24 17:06:00,0,0.4343582667459459
17728,4.0,5.0,2515.68,503.136,154.0,82.0,0.0236686390532544,2011-09-14 11:39:00,0,0.45534805507505266
17730,3.0,15.0,5288.83,352.58866666666665,127.0,323.0,0.009090909090909,2011-01-17 14:49:00,0,0.4408152651009518
17731,79.0,5.0,878.2,175.64,54.0,104.0,0.1927710843373494,2011-06-09 14:18:00,0,0.4836003716586386
17732,373.0,1.0,303.97,303.97,18.0,0.0,0.0,2010-12-02 09:29:00,0,0.4626247960975295
17733,39.0,2.0,692.19,346.095,33.0,222.0,0.0,2011-03-23 09:54:00,0,0.39234371688178976
17734,54.0,3.0,700.63,233.5433333333333,40.0,180.0,0.0,2011-04-20 10:04:00,0,0.3874912585283403
17735,2.0,19.0,13110.02,690.001052631579,319.0,365.0,0.0,2010-12-07 10:32:00,0,0.5283148380413859
17736,9.0,4.0,337.49,84.3725,24.0,104.0,0.0384615384615384,2011-08-18 14:33:00,0,0.43771987427388426
17737,9.0,2.0,168.24,84.12,8.0,49.0,0.0,2011-10-12 14:42:00,0,0.4411633962155717
17738,19.0,5.0,1863.35,372.67,89.0,262.0,0.0202020202020202,2011-03-02 16:26:00,0,0.39793144909511957
17739,12.0,8.0,2786.05,348.25625,29.0,348.0,0.0208333333333333,2010-12-14 14:26:00,0,0.4436819307221895
17742,113.0,2.0,355.11,177.555,13.0,219.0,0.0,2011-01-11 10:04:00,0,0.4270342285496527
17744,4.0,7.0,2291.08,327.29714285714283,111.0,354.0,0.0072992700729927,2010-12-16 14:17:00,0,0.42391523733715425
17746,235.0,2.0,98.8,49.4,6.0,5.0,0.25,2011-04-13 14:31:00,0,0.5655277430531719
17747,100.0,2.0,64.65,32.325,1.0,12.0,0.5,2011-08-19 08:13:00,0,0.6481167727412327
17749,178.0,2.0,674.52,337.26,33.0,78.0,0.0,2011-03-28 13:39:00,0,0.4108019879128791
17750,5.0,9.0,1797.57,199.73,101.0,158.0,0.0,2011-06-28 15:44:00,0,0.42126384801852756
17752,359.0,1.0,80.64,80.64,1.0,0.0,0.0,2010-12-15 16:19:00,0,0.5415054993777852
17754,1.0,6.0,1739.92,289.9866666666667,82.0,259.0,0.010752688172043,2011-03-24 13:54:00,0,0.40264300481471516
17757,1.0,31.0,5585.49,180.17709677419356,275.0,370.0,0.0013477088948787,2010-12-02 17:17:00,0,0.5253153487328813
17758,19.0,8.0,3456.7000000000003,432.0875,310.0,230.0,0.0,2011-04-03 15:22:00,0,0.4465388249545309
17759,17.0,3.0,834.99,278.33,82.0,152.0,0.0,2011-06-23 13:35:00,0,0.39000963608515554
17760,22.0,2.0,287.59,143.795,25.0,351.0,0.0,2010-12-01 15:08:00,0,0.4457410764467373
17761,33.0,1.0,712.78,712.78,19.0,0.0,0.0,2011-11-07 10:23:00,0,0.4166871272880996
17763,263.0,1.0,15.0,15.0,1.0,0.0,0.0,2011-03-21 14:25:00,0,0.5888735154850483
17764,51.0,2.0,818.8199999999999,409.41,71.0,160.0,0.0,2011-05-12 16:11:00,0,0.39693528064127603
17765,159.0,3.0,371.88,123.96,51.0,98.0,0.0,2011-03-28 11:58:00,0,0.426812798348779
17767,15.0,1.0,271.2,271.2,21.0,0.0,0.0,2011-11-24 14:42:00,0,0.3861434597063473
17768,8.0,3.0,2273.1800000000003,757.7266666666668,77.0,157.0,0.0,2011-06-26 13:46:00,0,0.42636846249609933
17769,13.0,12.0,3960.63,330.0525,200.0,308.0,0.0095846645367412,2011-01-23 11:15:00,0,0.4328997537751897
17770,199.0,5.0,1143.27,228.654,33.0,83.0,0.0,2011-03-02 13:35:00,0,0.4452399561821297
17771,57.0,2.0,245.81,122.905,51.0,266.0,0.0,2011-01-20 14:13:00,0,0.42391061229906946
17772,11.0,2.0,182.77,91.385,50.0,0.0,0.0,2011-11-29 10:57:00,0,0.4221125380532038
17774,97.0,5.0,1215.46,243.092,124.0,208.0,0.0063694267515923,2011-02-07 13:13:00,0,0.4251127749896164
17775,255.0,1.0,56.4,56.4,3.0,0.0,0.0,2011-03-30 10:50:00,0,0.4978207149418168
17777,25.0,3.0,665.86,221.95333333333332,141.0,75.0,0.0,2011-08-31 14:35:00,0,0.4093583766096883
17779,21.0,5.0,642.17,128.434,73.0,122.0,0.0238095238095238,2011-07-19 12:19:00,0,0.4138736787023834
17781,159.0,2.0,188.02,94.01,12.0,93.0,0.0,2011-03-31 19:54:00,0,0.43807341169110026
17783,72.0,2.0,283.47,141.735,67.0,175.0,0.0,2011-04-06 10:07:00,0,0.41107234617242494
17785,53.0,1.0,131.94,131.94,13.0,0.0,0.0,2011-10-17 13:43:00,0,0.3938437158998626
17786,85.0,2.0,278.74,139.37,57.0,231.0,0.0,2011-01-26 14:35:00,0,0.41892029944142606
17787,153.0,4.0,1865.19,466.2975,94.0,218.0,0.0,2010-12-03 13:43:00,0,0.45005463318771516
17788,74.0,2.0,1117.9,558.95,3.0,55.0,0.0,2011-08-02 10:38:00,0,0.47123767346009304
17789,281.0,1.0,225.9,225.9,14.0,0.0,0.0,2011-03-03 13:14:00,0,0.40558654938328464
17790,27.0,14.0,1965.55,140.39642857142857,121.0,338.0,0.0,2010-12-10 10:47:00,0,0.4455947992453814
17791,30.0,1.0,106.1,106.1,10.0,0.0,0.0,2011-11-10 12:09:00,0,0.414169770073151
17793,25.0,1.0,323.04,323.04,49.0,0.0,0.0,2011-11-14 14:24:00,0,0.39509612829773905
17795,180.0,2.0,350.39,175.195,43.0,85.0,0.0,2011-03-20 12:02:00,0,0.4132249360233893
17796,40.0,4.0,697.9,174.475,63.0,329.0,0.0,2010-12-05 12:23:00,0,0.41793127680681824
17797,22.0,3.0,780.43,260.1433333333333,102.0,160.0,0.0,2011-06-10 11:29:00,0,0.3961375112751562
17799,22.0,11.0,3026.08,275.0981818181818,280.0,339.0,0.0048780487804878,2010-12-13 13:10:00,0,0.45081128893621136
17800,37.0,9.0,1199.01,133.22333333333333,51.0,296.0,0.0,2011-01-09 13:50:00,0,0.4216285321940075
17802,82.0,4.0,1251.84,312.96,105.0,290.0,0.0476190476190476,2010-12-02 13:44:00,0,0.43787887782557333
17805,74.0,1.0,512.31,512.31,10.0,0.0,0.0,2011-09-27 11:49:00,0,0.40491796459085044
17806,11.0,1.0,546.04,546.04,43.0,0.0,0.0,2011-11-28 14:12:00,0,0.41071704657444386
17809,16.0,15.0,4627.62,308.508,47.0,357.0,0.046875,2010-12-01 09:41:00,0,0.45598899163270734
17811,4.0,51.0,7677.71,150.54333333333332,359.0,329.0,0.0240825688073394,2011-01-10 10:58:00,0,0.5487149438572667
17812,13.0,4.0,732.16,183.04,113.0,355.0,0.0,2010-12-06 15:27:00,0,0.43044604882703213
17813,14.0,7.0,1714.6,244.94285714285712,297.0,57.0,0.0185185185185185,2011-09-29 15:57:00,0,0.4735078711044098
17816,37.0,4.0,36.56,9.14,16.0,328.0,0.0,2010-12-09 14:10:00,0,0.5684328059055946
17817,4.0,3.0,387.68,129.22666666666666,32.0,272.0,0.0,2011-03-07 17:30:00,0,0.41693713822647704
17819,72.0,8.0,3661.07,457.63375,36.0,299.0,0.0204081632653061,2010-12-03 14:26:00,0,0.4519160752778821
17820,191.0,2.0,0.01,0.01,5.0,167.0,1.0,2010-12-15 17:04:00,0,0.734566123649468
17824,51.0,1.0,298.4,298.4,13.0,0.0,0.0,2011-10-19 14:14:00,0,0.3824894693314682
17827,5.0,5.0,1995.46,399.092,190.0,359.0,0.0,2010-12-10 10:18:00,0,0.4438087356420572
17828,9.0,9.0,1599.97,177.77444444444444,54.0,176.0,0.1829268292682926,2011-06-08 08:31:00,0,0.4901550683498259
17829,299.0,1.0,889.24,889.24,30.0,0.0,0.0,2011-02-14 12:46:00,0,0.4663379040613716
17830,2.0,3.0,398.7,132.9,18.0,287.0,0.0,2011-02-24 10:15:00,0,0.42733938359107804
17831,33.0,1.0,35.400000000000006,35.400000000000006,2.0,0.0,0.0,2011-11-06 15:09:00,0,0.537510458498101
17832,50.0,1.0,155.37,155.37,61.0,0.0,0.0,2011-10-21 11:43:00,0,0.4113276201301685
17835,3.0,3.0,350.64,116.88,45.0,20.0,0.0,2011-11-16 16:30:00,0,0.41037435285311147
17836,47.0,1.0,110.21,110.21,23.0,0.0,0.0,2011-10-23 16:13:00,0,0.4076859840095612
17837,42.0,10.0,1560.53,156.053,110.0,120.0,0.0174418604651162,2011-06-29 16:44:00,0,0.444115382893388
17838,27.0,6.0,2312.7,385.45,96.0,345.0,0.1167883211678832,2010-12-02 15:55:00,0,0.480757399473059
17839,42.0,1.0,338.8,338.8,50.0,0.0,0.0,2011-10-28 17:27:00,0,0.393120704046455
17841,2.0,169.0,40340.78,238.7028402366864,1331.0,371.0,0.0170362019290993,2010-12-01 14:30:00,0,0.6309084934360726
17843,303.0,1.0,205.48,205.48,36.0,0.0,0.0,2011-02-09 15:33:00,0,0.4283062332778652
17844,107.0,1.0,51.56,51.56,5.0,0.0,0.0,2011-08-25 11:27:00,0,0.4925653593834448
17846,85.0,1.0,2033.1,2033.1,1.0,0.0,0.0,2011-09-15 15:20:00,0,0.5380918466950988
17848,81.0,9.0,901.2,100.13333333333333,41.0,276.0,0.0,2010-12-16 18:38:00,0,0.45280920873180275
17849,218.0,4.0,605.8000000000001,151.45000000000002,14.0,115.0,0.0,2011-01-10 11:59:00,0,0.4457497543980874
17850,302.0,35.0,5288.63,151.1037142857143,24.0,71.0,0.048076923076923,2010-12-01 08:26:00,0,0.5983422511118506
17852,12.0,2.0,114.34,57.17,21.0,0.0,0.0,2011-11-28 12:31:00,0,0.4528933418446196
17854,185.0,2.0,311.26,155.63,15.0,41.0,0.0,2011-04-26 16:53:00,0,0.41252764219528937
17855,373.0,1.0,208.97,208.97,17.0,0.0,0.0,2010-12-02 09:44:00,0,0.46136853859334015
17856,2.0,6.0,1393.79,232.2983333333333,12.0,279.0,0.1176470588235294,2011-03-03 11:40:00,0,0.4786367962407932
17857,3.0,25.0,26763.34,1070.5336,19.0,362.0,0.0357142857142857,2010-12-09 11:35:00,0,0.5698932154025372
17858,6.0,12.0,5155.66,429.6383333333333,101.0,363.0,0.0,2010-12-05 13:08:00,0,0.4479939617375295
17859,305.0,1.0,148.21,148.21,23.0,0.0,0.0,2011-02-08 10:32:00,0,0.4232893450277082
17860,369.0,1.0,252.8,252.8,49.0,0.0,0.0,2010-12-06 12:41:00,0,0.4772056513001787
17861,3.0,9.0,2059.2,228.8,172.0,316.0,0.0044843049327354,2011-01-24 11:34:00,0,0.42936593299700554
17862,324.0,1.0,330.9,330.9,11.0,0.0,0.0,2011-01-20 12:23:00,0,0.43116843132335464
17863,59.0,6.0,3160.0,526.6666666666666,110.0,310.0,0.0,2010-12-05 13:21:00,0,0.43060130700083904
17864,13.0,3.0,597.5,199.16666666666663,70.0,262.0,0.0,2011-03-09 11:44:00,0,0.39683088728876065
17865,31.0,27.0,10158.54,376.2422222222223,191.0,333.0,0.0488431876606683,2010-12-10 14:53:00,0,0.5052739926997214
17866,143.0,2.0,325.7,162.85,9.0,0.0,0.1,2011-07-20 11:07:00,0,0.44658944773482934
17867,30.0,8.0,622.75,77.84375,62.0,258.0,0.0246913580246913,2011-02-24 12:25:00,0,0.4437828980798642
17869,107.0,5.0,428.18,85.636,37.0,260.0,0.0,2010-12-06 17:16:00,0,0.452080632733053
17870,2.0,13.0,1889.4,145.33846153846156,214.0,364.0,0.0035714285714285,2010-12-08 08:12:00,0,0.4727255745708095
17871,205.0,1.0,155.9,155.9,10.0,0.0,0.0,2011-05-19 11:32:00,0,0.4025500459829745
17873,80.0,6.0,1764.36,294.06,24.0,293.0,0.0434782608695652,2010-12-01 14:54:00,0,0.4462230875705779
17874,185.0,7.0,658.26,94.03714285714284,37.0,70.0,0.0212765957446808,2011-03-29 11:25:00,0,0.4810700713642601
17877,170.0,1.0,237.61,237.61,12.0,0.0,0.0,2011-06-22 13:00:00,0,0.39003154788049565
17878,44.0,1.0,379.45,379.45,26.0,0.0,0.0,2011-10-27 11:24:00,0,0.3847041130924295
17879,174.0,1.0,178.51999999999998,178.51999999999998,6.0,0.0,0.0,2011-06-19 12:36:00,0,0.4091767045326731
17880,365.0,1.0,458.92,458.92,26.0,0.0,0.0,2010-12-10 10:21:00,0,0.4682572751210459
17881,304.0,1.0,133.35000000000002,133.35000000000002,8.0,0.0,0.0,2011-02-08 17:16:00,0,0.42511613351119726
17883,3.0,4.0,671.77,167.9425,133.0,242.0,0.0,2011-04-07 19:16:00,0,0.4155535119993156
17884,4.0,4.0,717.45,179.3625,107.0,367.0,0.0,2010-12-03 12:11:00,0,0.4451573700645561
17885,12.0,1.0,190.19,190.19,50.0,0.0,0.0,2011-11-27 14:40:00,0,0.40349444014051766
17886,32.0,3.0,899.61,299.87,93.0,217.0,0.0,2011-04-04 12:34:00,0,0.392919268455482
17887,129.0,1.0,111.35,111.35,10.0,0.0,0.0,2011-08-02 17:29:00,0,0.40589278343094715
17888,19.0,10.0,525.78,52.578,60.0,338.0,0.1728395061728395,2010-12-17 13:56:00,0,0.5368832676699197
17889,212.0,2.0,203.87,101.935,20.0,109.0,0.0,2011-01-21 17:14:00,0,0.44370969628443774
17890,323.0,2.0,602.09,301.045,88.0,38.0,0.0,2010-12-13 15:12:00,0,0.48603628762440215
17891,162.0,1.0,203.86,203.86,34.0,0.0,0.0,2011-06-30 20:08:00,0,0.39875208319261085
17892,56.0,3.0,244.1,81.36666666666666,27.0,99.0,0.0,2011-07-07 12:56:00,0,0.42267819238731746
17893,225.0,1.0,112.25,112.25,15.0,0.0,0.0,2011-04-28 13:50:00,0,0.416455624959073
17894,72.0,8.0,1119.81,139.97625,127.0,294.0,0.0,2010-12-08 14:50:00,0,0.43309885021045413
17895,44.0,1.0,98.0,98.0,15.0,0.0,0.0,2011-10-26 17:00:00,0,0.4144613305890778
17896,23.0,1.0,256.32,256.32,2.0,0.0,0.0,2011-11-16 13:59:00,0,0.4434277542365604
17897,173.0,4.0,541.1,135.275,100.0,200.0,0.008695652173913,2010-12-01 12:31:00,0,0.4563103909300623
17898,85.0,2.0,152.06,76.03,27.0,121.0,0.0,2011-05-16 17:13:00,0,0.43327075783227115
17899,159.0,1.0,155.8,155.8,29.0,0.0,0.0,2011-07-03 14:58:00,0,0.3985006452568459
17900,165.0,4.0,15.0,3.75,4.0,25.0,0.4545454545454545,2011-06-02 14:28:00,0,0.6681019819719605
17901,29.0,1.0,110.38,110.38,19.0,0.0,0.0,2011-11-10 17:29:00,0,0.4087533146122229
17904,21.0,2.0,178.92,89.46,33.0,0.0,0.0256410256410256,2011-11-18 12:57:00,0,0.42896117892760927
17905,71.0,4.0,800.24,200.06,33.0,302.0,0.0,2010-12-01 13:21:00,0,0.41181251564583365
17906,247.0,1.0,72.9,72.9,12.0,0.0,0.0,2011-04-06 17:25:00,0,0.452767890986226
17908,374.0,1.0,243.28,243.28,51.0,0.0,0.0,2010-12-01 11:45:00,0,0.48217705737880884
17911,9.0,1.0,366.23,366.23,39.0,0.0,0.0,2011-11-30 14:52:00,0,0.39491013352500876
17912,310.0,6.0,295.61,49.26833333333334,35.0,54.0,0.05,2010-12-10 11:11:00,0,0.5402262722694472
17913,59.0,2.0,411.6,205.8,55.0,296.0,0.0,2010-12-19 11:35:00,0,0.41667932639483307
17914,4.0,1.0,336.43,336.43,72.0,0.0,0.0,2011-12-06 11:58:00,0,0.40948045215827766
17917,45.0,3.0,341.28,113.76,77.0,317.0,0.0,2010-12-12 12:08:00,0,0.43690750660317074
17919,88.0,1.0,1304.04,1304.04,23.0,0.0,0.0,2011-09-12 13:41:00,0,0.44635944279713075
17920,4.0,17.0,4204.1,247.3,407.0,369.0,0.0,2010-12-01 11:49:00,0,0.5011025314740736
17921,64.0,4.0,826.52,206.63,114.0,202.0,0.0,2011-03-18 13:19:00,0,0.3968798487703922
17923,282.0,1.0,207.50000000000003,207.50000000000003,1.0,0.0,0.0,2011-03-02 15:15:00,0,0.47523754436376076
17924,1.0,13.0,2894.33,222.6407692307692,27.0,372.0,0.1842105263157894,2010-12-01 10:51:00,0,0.5506360586284172
17925,373.0,1.0,244.08,244.08,1.0,0.0,0.0,2010-12-02 10:10:00,0,0.521236218634304
17926,133.0,2.0,397.29,198.645,17.0,70.0,0.0,2011-05-20 09:24:00,0,0.40231799145346897
17928,45.0,2.0,212.54,106.27,23.0,200.0,0.0,2011-04-07 18:03:00,0,0.4181950534816191
17929,11.0,5.0,834.5,166.9,4.0,297.0,0.1666666666666666,2011-02-04 11:40:00,0,0.528336581436246
17930,36.0,5.0,1740.48,348.096,26.0,203.0,0.0,2011-04-14 15:46:00,0,0.39779107149573445
17931,134.0,2.0,408.36,204.18,63.0,121.0,0.0,2011-03-29 12:31:00,0,0.4132711083594746
17932,29.0,3.0,1331.57,443.8566666666666,84.0,182.0,0.0,2011-05-12 13:58:00,0,0.39591599208621164
17934,52.0,2.0,704.25,352.125,21.0,7.0,0.0,2011-10-12 10:50:00,0,0.3889855628844472
17935,138.0,2.0,145.79,72.895,28.0,3.0,0.0,2011-07-21 11:23:00,0,0.4290418749232718
17936,5.0,1.0,389.84,389.84,68.0,0.0,0.0,2011-12-04 13:32:00,0,0.4122943361900731
17937,9.0,7.0,4301.22,614.46,19.0,353.0,0.0,2010-12-12 14:43:00,0,0.46845619079215883
17939,160.0,1.0,99.14,99.14,12.0,0.0,0.0,2011-07-03 12:27:00,0,0.4199237899164497
17940,49.0,14.0,1983.58,141.68428571428572,8.0,253.0,0.1739130434782608,2011-02-10 09:29:00,0,0.5431472078938251
17941,131.0,1.0,304.56,304.56,2.0,0.0,0.0,2011-08-01 08:30:00,0,0.4437973099611908
17942,8.0,1.0,77.50000000000001,77.50000000000001,2.0,0.0,0.0,2011-12-02 10:45:00,0,0.47856739454967456
17946,233.0,2.0,149.57999999999998,74.78999999999999,18.0,26.0,0.0,2011-03-25 14:34:00,0,0.451342380058934
17947,37.0,1.0,176.68,176.68,9.0,0.0,0.0,2011-11-02 13:05:00,0,0.3942816211265745
17948,147.0,1.0,358.56000000000006,358.56000000000006,1.0,0.0,0.0,2011-07-15 12:58:00,0,0.4684246976533186
17949,1.0,52.0,52750.84,1014.4392307692308,29.0,370.0,0.1139240506329113,2010-12-03 13:12:00,0,0.63313381095743
17950,72.0,4.0,472.12,118.03,63.0,293.0,0.0138888888888888,2010-12-09 15:16:00,0,0.4322424784271465
17951,40.0,4.0,990.84,247.71000000000004,18.0,333.0,0.0476190476190476,2010-12-01 12:40:00,0,0.44450610964426845
17954,5.0,16.0,2295.37,143.460625,327.0,365.0,0.0081799591002045,2010-12-03 14:18:00,0,0.4864251119056607
17955,199.0,4.0,557.3,139.325,14.0,20.0,0.0,2011-05-04 12:29:00,0,0.44061237412027615
17956,249.0,1.0,12.75,12.75,1.0,0.0,0.0,2011-04-04 13:47:00,0,0.5920272844148279
17957,66.0,1.0,111.68,111.68,31.0,0.0,0.0,2011-10-04 14:58:00,0,0.4093314104775436
17958,117.0,1.0,508.4599999999999,508.4599999999999,7.0,0.0,0.0,2011-08-15 12:19:00,0,0.42112091087813974
17960,171.0,1.0,73.78,73.78,26.0,0.0,0.0,2011-06-21 14:15:00,0,0.449712952345326
17961,21.0,39.0,1296.44,33.242051282051285,211.0,350.0,0.0,2010-12-02 19:18:00,0,0.5555396175384801
17962,142.0,1.0,102.83,102.83,33.0,0.0,0.0,2011-07-20 14:16:00,0,0.42620876084462095
17964,32.0,2.0,471.7,235.85,84.0,340.0,0.0,2010-12-02 13:32:00,0,0.43919621600926756
17965,38.0,14.0,2622.57,187.32642857142855,274.0,331.0,0.0,2010-12-05 15:54:00,0,0.4716296022893598
17966,38.0,5.0,1098.43,219.686,53.0,223.0,0.0,2011-03-23 17:25:00,0,0.3862608558808431
17967,372.0,1.0,123.07,123.07,41.0,0.0,0.0,2010-12-03 11:19:00,0,0.4840727404733323
17968,374.0,1.0,277.35,277.35,74.0,0.0,0.0,2010-12-01 12:23:00,0,0.49422644682561645
17969,166.0,2.0,228.2,114.1,14.0,194.0,0.0,2010-12-13 15:34:00,0,0.4448220723487468
17970,211.0,1.0,582.59,582.59,27.0,0.0,0.0,2011-05-12 20:03:00,0,0.420438612945306
17972,242.0,1.0,136.04,136.04,30.0,0.0,0.0,2011-04-12 12:16:00,0,0.41777622115208496
17973,52.0,1.0,337.04,337.04,15.0,0.0,0.0,2011-10-19 10:34:00,0,0.3824280294536921
17974,25.0,3.0,740.79,246.93,143.0,194.0,0.0,2011-05-04 11:50:00,0,0.40341135174717635
17975,15.0,14.0,4393.61,313.8292857142857,189.0,351.0,0.0033670033670033,2010-12-08 11:38:00,0,0.4445597691709123
17976,372.0,1.0,353.19,353.19,56.0,0.0,0.0,2010-12-02 13:49:00,0,0.4850331764491532
17977,29.0,1.0,288.14,288.14,19.0,0.0,0.0,2011-11-10 13:28:00,0,0.3835376200667961
17978,365.0,1.0,300.92,300.92,12.0,0.0,0.0,2010-12-09 14:05:00,0,0.4498715361235844
17979,36.0,5.0,737.81,147.56199999999998,116.0,224.0,0.0068027210884353,2011-03-25 11:34:00,0,0.4059729981733439
17980,166.0,3.0,811.45,270.4833333333333,23.0,193.0,0.0,2010-12-15 15:50:00,0,0.42659741360930237
17984,145.0,1.0,152.68,152.68,48.0,0.0,0.0,2011-07-17 15:59:00,0,0.41410686499242577
17985,22.0,1.0,634.95,634.95,20.0,0.0,0.0,2011-11-17 14:24:00,0,0.4111983518350307
17986,56.0,1.0,20.8,20.8,1.0,0.0,0.0,2011-10-14 14:22:00,0,0.5709167049257671
17987,185.0,1.0,198.57,198.57,13.0,0.0,0.0,2011-06-07 14:22:00,0,0.3909721452334237
17988,12.0,8.0,191.17,23.89625,37.0,314.0,0.0256410256410256,2011-01-17 11:59:00,0,0.5129689617238395
17990,237.0,3.0,630.84,210.28,27.0,124.0,0.0,2010-12-13 12:10:00,0,0.4380521267108832
17991,225.0,2.0,93.35,46.675,4.0,0.0,0.0,2011-04-27 16:39:00,0,0.4893967282583498
17994,122.0,6.0,629.6899999999999,104.94833333333332,63.0,169.0,0.0357142857142857,2011-02-22 11:02:00,0,0.4484216999822755
17995,282.0,1.0,76.1,76.1,2.0,0.0,0.0,2011-03-03 12:30:00,0,0.4853205867401104
17997,74.0,12.0,1511.3,125.94166666666666,134.0,89.0,0.0777777777777777,2011-06-28 17:28:00,0,0.5012129975771865
17999,37.0,2.0,382.06,191.03,87.0,329.0,0.0,2010-12-08 15:17:00,0,0.4364497004713859
18001,12.0,2.0,417.23,208.615,56.0,74.0,0.0,2011-09-14 11:21:00,0,0.39095489562830726
18004,362.0,1.0,169.47,169.47,32.0,0.0,0.0,2010-12-12 13:47:00,0,0.4628882502242359
18005,4.0,2.0,249.72,124.86,52.0,43.0,0.0,2011-10-23 14:40:00,0,0.4080991014519488
18006,23.0,1.0,444.68,444.68,21.0,0.0,0.0,2011-11-16 16:52:00,0,0.3953423109150529
18008,70.0,9.0,2116.19,235.13222222222225,24.0,248.0,0.0,2011-01-25 12:26:00,0,0.43038080188525846
18009,235.0,2.0,252.24,126.12,31.0,0.0,0.0303030303030303,2011-04-18 13:36:00,0,0.43914513193182114
18010,257.0,1.0,174.8,174.8,14.0,0.0,0.0,2011-03-28 12:27:00,0,0.4053000646309305
18011,373.0,1.0,102.79,102.79,28.0,0.0,0.0,2010-12-01 17:35:00,0,0.4939258334611049
18013,155.0,2.0,187.29,93.645,31.0,0.0,0.0,2011-07-07 14:08:00,0,0.4198510905173518
18014,28.0,1.0,166.42,166.42,29.0,0.0,0.0,2011-11-11 15:28:00,0,0.3928061253038287
18015,4.0,1.0,120.03,120.03,46.0,0.0,0.0,2011-12-05 14:49:00,0,0.4239212504040658
18016,32.0,5.0,1483.56,296.712,90.0,331.0,0.0,2010-12-10 17:14:00,0,0.4066520118311611
18017,81.0,3.0,523.0,174.33333333333334,1.0,229.0,0.0,2011-02-02 13:57:00,0,0.4841606396079447
18018,108.0,2.0,122.14,61.07,29.0,91.0,0.0,2011-05-24 13:22:00,0,0.4473727222460759
18019,52.0,1.0,38.45,38.45,5.0,0.0,0.0,2011-10-19 12:10:00,0,0.5148775062080889
18022,36.0,1.0,668.11,668.11,141.0,0.0,0.0,2011-11-04 12:45:00,0,0.44269281032623026
18024,153.0,3.0,236.78,78.92666666666666,21.0,0.0,0.0454545454545454,2011-07-10 12:28:00,0,0.45415510350121363
18027,99.0,1.0,115.31,115.31,21.0,0.0,0.0,2011-09-02 10:38:00,0,0.4008879544228271
18030,4.0,3.0,220.7,73.56666666666666,8.0,38.0,0.1,2011-10-28 13:55:00,0,0.4783253789726822
18032,334.0,1.0,73.5,73.5,5.0,0.0,0.0,2011-01-09 15:32:00,0,0.49701593428215535
18033,65.0,1.0,97.97,97.97,32.0,0.0,0.0,2011-10-05 17:28:00,0,0.41922540011686926
18034,22.0,2.0,422.88,211.44,99.0,0.0,0.0,2011-11-18 12:08:00,0,0.4157416448910201
18035,36.0,3.0,730.4,243.46666666666667,44.0,7.0,0.0,2011-10-27 17:48:00,0,0.39718763430272414
18036,32.0,3.0,405.62,135.20666666666668,77.0,213.0,0.0,2011-04-08 11:26:00,0,0.40423482241069475
18037,154.0,6.0,70.02,11.67,19.0,207.0,0.0,2010-12-12 16:20:00,0,0.5577961172688112
18040,19.0,2.0,357.20000000000005,178.60000000000002,18.0,226.0,0.0,2011-04-08 08:27:00,0,0.4009417590309761
18041,12.0,22.0,4161.14,189.14272727272729,285.0,361.0,0.0042194092827004,2010-12-02 11:21:00,0,0.4854064886776403
18042,54.0,1.0,165.04999999999998,165.04999999999998,7.0,0.0,0.0,2011-10-17 11:49:00,0,0.39867868266962364
18043,25.0,3.0,559.51,186.50333333333333,106.0,342.0,0.0,2010-12-08 12:35:00,0,0.43401098580485137
18044,4.0,11.0,2085.65,189.60454545454547,88.0,356.0,0.0078125,2010-12-14 12:25:00,0,0.4321394629075513
18045,45.0,1.0,189.4,189.4,43.0,0.0,0.0,2011-10-25 13:07:00,0,0.39322293398863256
18048,203.0,2.0,172.29000000000002,86.14500000000001,6.0,0.0,0.0,2011-05-20 14:54:00,0,0.44351397283956556
18050,359.0,1.0,74.4,74.4,5.0,0.0,0.0,2010-12-15 14:25:00,0,0.5092769911397963
18053,66.0,2.0,297.07,148.535,20.0,4.0,0.0476190476190476,2011-09-30 09:05:00,0,0.41218369693203266
18055,7.0,11.0,6752.14,613.8309090909091,223.0,362.0,0.0082644628099173,2010-12-05 10:52:00,0,0.4704554553959367
18056,288.0,1.0,363.65,363.65,19.0,0.0,0.0,2011-02-24 14:27:00,0,0.41288454166570115
18058,10.0,1.0,170.16,170.16,3.0,0.0,0.0,2011-11-30 08:38:00,0,0.44048897045363933
18059,9.0,4.0,296.71,74.1775,17.0,58.0,0.1,2011-10-03 09:30:00,0,0.46548577740997216
18061,22.0,10.0,2119.41,211.941,18.0,344.0,0.0,2010-12-08 13:03:00,0,0.4578315869733275
18062,173.0,3.0,720.52,240.1733333333333,23.0,164.0,0.0,2011-01-06 10:03:00,0,0.42298848304103165
18064,133.0,2.0,814.0,407.0,7.0,102.0,0.0,2011-04-18 15:08:00,0,0.44159381472910675
18065,6.0,15.0,2380.08,158.672,110.0,358.0,0.0072463768115942,2010-12-10 12:44:00,0,0.44677733556116217
18066,75.0,1.0,318.0,318.0,10.0,0.0,0.0,2011-09-25 15:30:00,0,0.38842102674108664
18067,40.0,1.0,396.33,396.33,36.0,0.0,0.0,2011-10-30 15:58:00,0,0.392223147628855
18068,289.0,1.0,101.7,101.7,1.0,0.0,0.0,2011-02-23 14:50:00,0,0.49170436039665577
18069,26.0,7.0,2021.82,288.83142857142855,334.0,301.0,0.0042372881355932,2011-01-16 14:48:00,0,0.4471028457257633
18071,258.0,2.0,453.0,226.5,23.0,108.0,0.0,2010-12-09 10:33:00,0,0.4378837381580562
18072,155.0,2.0,0.01,0.01,20.0,30.0,0.5,2011-06-07 10:44:00,0,0.6948106541596181
18073,114.0,13.0,3864.44,297.2646153846154,23.0,82.0,0.0394736842105263,2011-05-26 19:38:00,0,0.509608965792028
18074,374.0,1.0,489.6,489.6,13.0,0.0,0.0,2010-12-01 09:53:00,0,0.4807492646248503
18075,23.0,14.0,2538.7200000000003,181.33714285714288,97.0,337.0,0.0718954248366013,2010-12-14 10:48:00,0,0.4521946343364343
18077,8.0,11.0,2633.01,239.36454545454544,101.0,358.0,0.0,2010-12-08 10:21:00,0,0.42772449769905363
18078,217.0,2.0,336.13,168.065,27.0,41.0,0.0,2011-03-25 15:08:00,0,0.419109162991031
18079,45.0,4.0,3651.97,912.9925,99.0,193.0,0.0,2011-04-15 12:14:00,0,0.438393921607984
18080,19.0,2.0,1231.5,615.75,2.0,223.0,0.0,2011-04-11 10:10:00,0,0.48295081734012596
18081,36.0,3.0,343.45,114.48333333333332,14.0,97.0,0.0,2011-07-29 11:56:00,0,0.4085111241142296
18082,26.0,1.0,703.37,703.37,62.0,0.0,0.0,2011-11-14 12:45:00,0,0.4252280979944546
18084,16.0,2.0,87.52999999999999,43.76499999999999,2.0,284.0,0.5,2011-02-11 16:30:00,0,0.6470442167422176
18085,330.0,2.0,689.95,344.975,25.0,43.0,0.0,2010-12-01 12:08:00,0,0.47196841699734043
18086,274.0,1.0,101.34,101.34,7.0,0.0,0.0,2011-03-10 13:34:00,0,0.4409457985689705
18087,98.0,4.0,3770.12,942.53,7.0,203.0,0.7142857142857143,2011-02-11 11:24:00,0,0.6347889325009219
18088,61.0,1.0,167.67000000000002,167.67000000000002,35.0,0.0,0.0,2011-10-09 13:41:00,0,0.3904290330101133
18092,2.0,12.0,9065.76,755.48,28.0,363.0,0.0111111111111111,2010-12-09 10:00:00,0,0.5059444564549691
18093,93.0,5.0,2083.42,416.684,31.0,209.0,0.0526315789473684,2011-02-10 12:15:00,0,0.4428075387064328
18094,82.0,7.0,3017.3,431.04285714285714,39.0,210.0,0.0,2011-02-21 08:50:00,0,0.42415546796920434
18095,313.0,2.0,580.0500000000001,290.02500000000003,20.0,20.0,0.0,2011-01-11 12:37:00,0,0.45242766488260977
18096,12.0,3.0,911.15,303.71666666666664,157.0,52.0,0.0,2011-10-07 11:55:00,0,0.4174697932711942
18097,8.0,7.0,2692.85,384.6928571428571,66.0,346.0,0.0091743119266055,2010-12-20 14:49:00,0,0.42373538154045187
18099,127.0,1.0,168.31,168.31,19.0,0.0,0.0,2011-08-04 15:52:00,0,0.38975880681918973
18101,11.0,2.0,223.65,111.825,37.0,132.0,0.0,2011-07-19 13:05:00,0,0.4066794143135338
18102,1.0,62.0,256438.49,4136.104677419355,151.0,366.0,0.0046189376443418,2010-12-07 16:42:00,0,0.6313465613709847
18104,37.0,1.0,754.64,754.64,38.0,0.0,0.0,2011-11-02 14:07:00,0,0.4170792393816192
18105,38.0,1.0,113.48000000000002,113.48000000000002,18.0,0.0,0.0,2011-11-02 12:04:00,0,0.40328728698848887
18106,330.0,1.0,430.7,430.7,33.0,0.0,0.0,2011-01-14 12:23:00,0,0.44953774886529974
18108,249.0,2.0,264.65,132.325,17.0,5.0,0.1052631578947368,2011-03-30 13:56:00,0,0.46308366469549966
18109,2.0,31.0,7925.32,255.6554838709677,120.0,368.0,0.0220264317180616,2010-12-05 10:58:00,0,0.5023784700142498
18110,19.0,2.0,206.05,103.025,33.0,0.0,0.0612244897959183,2011-11-20 12:34:00,0,0.43427805142416703
18112,12.0,2.0,352.69,176.345,26.0,154.0,0.0,2011-06-26 13:56:00,0,0.39334966776980046
18113,369.0,1.0,76.32000000000001,76.32000000000001,1.0,0.0,0.0,2010-12-06 12:31:00,0,0.5502312446638465
18114,290.0,1.0,220.1,220.1,28.0,0.0,0.0,2011-02-22 13:20:00,0,0.4157664610132523
18116,68.0,8.0,1418.03,177.25375,230.0,296.0,0.0,2010-12-10 12:14:00,0,0.4455148568601471
18117,26.0,1.0,320.72,320.72,68.0,0.0,0.0,2011-11-14 12:47:00,0,0.40225021353302437
18118,11.0,31.0,5595.77,180.50870967741935,424.0,358.0,0.0038940809968847,2010-12-05 12:13:00,0,0.5270987930855295
18119,368.0,1.0,181.12,181.12,29.0,0.0,0.0,2010-12-07 11:59:00,0,0.4627703331513627
18120,214.0,1.0,111.15,111.15,17.0,0.0,0.0,2011-05-09 13:45:00,0,0.4165559472946472
18121,149.0,2.0,673.1,336.55,28.0,5.0,0.0,2011-07-08 12:14:00,0,0.39998562107912017
18122,8.0,6.0,1826.21,304.36833333333334,239.0,142.0,0.0,2011-07-12 11:37:00,0,0.4364208835721229
18123,24.0,2.0,589.4399999999999,294.72,31.0,7.0,0.0,2011-11-08 13:31:00,0,0.3875008054109748
18125,30.0,5.0,1141.34,228.268,164.0,286.0,0.0050761421319796,2011-01-27 15:02:00,0,0.4120902648446186
18126,61.0,1.0,206.83,206.83,52.0,0.0,0.0,2011-10-10 12:19:00,0,0.4008985557763023
18127,19.0,3.0,348.73,116.24333333333334,41.0,114.0,0.0,2011-07-29 10:06:00,0,0.3960817087888
18129,243.0,1.0,112.55,112.55,13.0,0.0,0.0,2011-04-10 14:16:00,0,0.41485848058030117
18130,9.0,4.0,1045.74,261.435,58.0,48.0,0.0140845070422535,2011-10-13 15:58:00,0,0.4098685195319542
18133,211.0,2.0,715.4999999999999,357.74999999999994,2.0,1.0,0.5,2011-05-11 14:14:00,0,0.6174336690960994
18135,29.0,5.0,681.9100000000001,136.382,11.0,161.0,0.0,2011-06-02 14:04:00,0,0.42238874528428544
18136,63.0,4.0,761.83,190.4575,34.0,256.0,0.0256410256410256,2011-01-24 12:08:00,0,0.40645655141512355
18138,295.0,1.0,152.65,152.65,8.0,0.0,0.0,2011-02-17 14:51:00,0,0.4187066183660253
18139,17.0,8.0,8393.22,1049.1525,36.0,1.0,0.0185185185185185,2011-11-21 14:06:00,0,0.5150685247758039
18141,361.0,1.0,0.01,0.01,1.0,0.0,1.0,2010-12-14 11:09:00,0,0.7310874390202325
18142,151.0,4.0,1014.9,253.725,9.0,64.0,0.1666666666666666,2011-05-08 12:31:00,0,0.500536307021887
18143,117.0,2.0,1000.16,500.08,59.0,25.0,0.0,2011-07-21 10:44:00,0,0.4153446549816082
18144,8.0,12.0,2888.75,240.72916666666663,27.0,365.0,0.0,2010-12-01 13:45:00,0,0.46419221659225646
18145,13.0,4.0,2861.55,715.3875,174.0,299.0,0.0,2011-01-31 12:10:00,0,0.4426479881270135
18146,141.0,2.0,160.35000000000002,80.17500000000001,10.0,79.0,0.0,2011-05-03 16:35:00,0,0.44164088733560636
18147,46.0,2.0,179.33999999999995,89.66999999999999,7.0,62.0,0.0,2011-08-23 12:22:00,0,0.43402148753408404
18149,51.0,3.0,612.0799999999999,204.02666666666664,11.0,222.0,0.0,2011-03-11 12:44:00,0,0.4101160084260757
18150,32.0,3.0,566.58,188.86,29.0,169.0,0.0,2011-05-22 10:47:00,0,0.38762509442255705
18151,135.0,2.0,653.35,326.675,38.0,155.0,0.0,2011-02-23 08:29:00,0,0.4075820694148952
18154,3.0,2.0,399.19,199.595,15.0,40.0,0.0,2011-10-27 10:40:00,0,0.40234732418758895
18155,75.0,4.0,347.82,86.955,19.0,216.0,0.1071428571428571,2011-02-21 10:36:00,0,0.4595273561187959
18156,13.0,2.0,734.94,367.47,100.0,356.0,0.0,2010-12-05 12:29:00,0,0.4414710431937664
18158,9.0,3.0,451.75,150.58333333333334,24.0,79.0,0.0285714285714285,2011-09-12 09:03:00,0,0.40992933867108644
18159,301.0,1.0,530.15,530.15,23.0,0.0,0.0,2011-02-11 14:26:00,0,0.43697152054206945
18160,57.0,2.0,638.0600000000001,319.03000000000003,37.0,143.0,0.0,2011-05-23 13:41:00,0,0.3822208311886795
18161,10.0,6.0,1612.79,268.79833333333335,49.0,309.0,0.0123456790123456,2011-01-24 11:56:00,0,0.4046055756989646
18164,31.0,2.0,394.7,197.35,24.0,6.0,0.04,2011-11-02 12:56:00,0,0.4077916846431743
18165,177.0,1.0,302.46000000000004,302.46000000000004,10.0,0.0,0.0,2011-06-15 13:23:00,0,0.397144475153864
18167,4.0,6.0,1355.51,225.9183333333333,25.0,101.0,0.1395348837209302,2011-08-26 11:40:00,0,0.4727483081113816
18168,176.0,9.0,1133.64,125.96,101.0,196.0,0.0642857142857142,2010-12-02 17:14:00,0,0.5037138244798
18169,61.0,1.0,202.65,202.65,9.0,0.0,0.0,2011-10-10 12:18:00,0,0.3904244947277185
18170,33.0,3.0,980.31,326.77,29.0,183.0,0.0,2011-05-06 15:13:00,0,0.38805293509971567
18171,59.0,7.0,1208.51,172.6442857142857,43.0,274.0,0.0357142857142857,2011-01-10 09:55:00,0,0.41770777957481026
18172,15.0,25.0,7490.17,299.6068,101.0,279.0,0.0406091370558375,2011-02-18 16:52:00,0,0.4753840532610027
18173,87.0,4.0,2106.84,526.71,23.0,187.0,0.0,2011-03-10 11:56:00,0,0.4189891446760791
18174,7.0,1.0,104.0,104.0,1.0,0.0,0.0,2011-12-02 16:56:00,0,0.4825613298539658
18176,354.0,2.0,448.65,224.325,30.0,4.0,0.0909090909090909,2010-12-16 15:45:00,0,0.5118708855151942
18177,31.0,7.0,1314.17,187.73857142857145,53.0,224.0,0.0133333333333333,2011-03-29 08:46:00,0,0.3992709034716571
18178,114.0,6.0,1573.41,262.235,80.0,250.0,0.0202020202020202,2010-12-10 12:42:00,0,0.42881346244030116
18179,9.0,6.0,1793.17,298.8616666666667,86.0,327.0,0.0,2011-01-07 14:22:00,0,0.405214558508817
18180,5.0,6.0,1843.75,307.2916666666667,108.0,137.0,0.0,2011-07-20 08:59:00,0,0.41291679196622355
18181,24.0,1.0,382.8,382.8,40.0,0.0,0.0,2011-11-15 15:08:00,0,0.3916428574698283
18183,218.0,6.0,600.52,100.08666666666666,36.0,56.0,0.1590909090909091,2011-03-10 10:08:00,0,0.5232411946668357
18184,15.0,1.0,49.8,49.8,1.0,0.0,0.0,2011-11-24 15:28:00,0,0.5333168172557998
18185,249.0,1.0,304.25,304.25,17.0,0.0,0.0,2011-04-04 13:42:00,0,0.4018531849042355
18188,15.0,4.0,1998.49,499.6225,63.0,275.0,0.0138888888888888,2011-02-22 14:43:00,0,0.4101017873638733
18189,78.0,3.0,1084.34,361.44666666666666,65.0,190.0,0.0144927536231884,2011-03-17 09:49:00,0,0.40230872675535173
18190,192.0,3.0,274.51,91.50333333333332,14.0,138.0,0.0625,2011-01-13 10:35:00,0,0.4727811884870472
18191,262.0,1.0,207.8,207.8,7.0,0.0,0.0,2011-03-23 12:08:00,0,0.4161570042476947
18192,72.0,1.0,957.97,957.97,45.0,0.0,0.0,2011-09-29 09:53:00,0,0.4262498935591693
18193,151.0,3.0,212.96,70.98666666666666,17.0,215.0,0.1111111111111111,2010-12-08 14:20:00,0,0.4994009841940859
18194,64.0,2.0,896.0,448.0,7.0,18.0,0.2222222222222222,2011-09-18 13:29:00,0,0.5200368114846999
18196,95.0,2.0,689.13,344.565,131.0,195.0,0.0,2011-02-22 16:13:00,0,0.42129782484572126
18198,4.0,21.0,5083.06,242.05047619047625,81.0,332.0,0.0421686746987951,2011-01-07 13:39:00,0,0.45653638370635297
18200,106.0,1.0,163.8,163.8,29.0,0.0,0.0,2011-08-25 18:45:00,0,0.39126251821147506
18202,200.0,3.0,1396.99,465.66333333333336,55.0,111.0,0.0,2011-02-01 13:36:00,0,0.44635414453959577
18203,157.0,1.0,160.42000000000002,160.42000000000002,19.0,0.0,0.0,2011-07-05 13:07:00,0,0.39262159503650784
18204,71.0,4.0,1979.3,494.825,159.0,121.0,0.0099009900990099,2011-05-31 15:26:00,0,0.4352772714864965
18205,36.0,2.0,517.36,258.68,30.0,38.0,0.0,2011-09-26 12:02:00,0,0.38675768823599677
18209,29.0,1.0,139.10000000000002,139.10000000000002,8.0,0.0,0.0,2011-11-11 12:07:00,0,0.40459899539410005
18210,2.0,6.0,2621.38,436.8966666666667,109.0,265.0,0.0,2011-03-17 16:58:00,0,0.41388506581295814
18211,26.0,5.0,600.07,120.014,37.0,252.0,0.0,2011-03-06 12:09:00,0,0.4057379567141317
18212,326.0,1.0,248.42,248.42,30.0,0.0,0.0,2011-01-17 16:14:00,0,0.43111250838086584
18213,237.0,1.0,232.48,232.48,15.0,0.0,0.0,2011-04-17 10:21:00,0,0.39842052482586626
18215,89.0,1.0,299.34000000000003,299.34000000000003,13.0,0.0,0.0,2011-09-11 16:05:00,0,0.38279763189986554
18216,31.0,1.0,481.75,481.75,26.0,0.0,0.0,2011-11-08 16:55:00,0,0.39600106103359844
18217,29.0,2.0,621.75,310.875,27.0,41.0,0.0,2011-09-30 10:44:00,0,0.3859518132409648
18218,206.0,4.0,626.38,156.595,17.0,75.0,0.125,2011-03-03 12:24:00,0,0.47704065672829626
18219,3.0,11.0,2019.77,183.61545454545453,58.0,366.0,0.008695652173913,2010-12-06 10:05:00,0,0.44335780761769406
18220,220.0,2.0,297.78000000000003,148.89,2.0,7.0,0.5,2011-04-27 09:03:00,0,0.6119483072833787
18221,22.0,6.0,1033.31,172.21833333333333,59.0,189.0,0.0153846153846153,2011-05-12 14:13:00,0,0.39672245085067126
18222,93.0,1.0,443.0,443.0,19.0,0.0,0.0,2011-09-08 10:45:00,0,0.39034138181305555
18223,2.0,27.0,6315.2300000000005,233.89740740740743,119.0,356.0,0.0903010033444816,2010-12-16 16:42:00,0,0.5109118894350261
18224,264.0,1.0,158.95000000000002,158.95000000000002,10.0,0.0,0.0,2011-03-21 10:30:00,0,0.4089161289801442
18225,3.0,17.0,5361.02,315.35411764705884,151.0,368.0,0.0524475524475524,2010-12-03 10:11:00,0,0.47471819384236186
18226,39.0,14.0,5192.1,370.86428571428576,141.0,299.0,0.0122448979591836,2011-01-06 09:00:00,0,0.44161678757663164
18227,218.0,1.0,93.75,93.75,5.0,0.0,0.0,2011-05-06 12:23:00,0,0.4431524024446924
18228,50.0,3.0,769.2,256.40000000000003,23.0,29.0,0.0625,2011-09-21 10:48:00,0,0.42056553127851704
18229,12.0,20.0,7276.900000000001,363.845,66.0,361.0,0.0,2010-12-01 16:25:00,0,0.46487967949297865
18230,9.0,10.0,2716.6000000000004,271.66,32.0,355.0,0.0337078651685393,2010-12-09 14:47:00,0,0.4444375581224385
18231,192.0,6.0,2066.17,344.3616666666667,106.0,96.0,0.0158730158730158,2011-02-24 09:08:00,0,0.48289940520756497
18232,82.0,5.0,582.47,116.494,31.0,115.0,0.075,2011-05-26 16:30:00,0,0.43507806124331505
18233,326.0,1.0,440.0,440.0,1.0,0.0,0.0,2011-01-18 08:44:00,0,0.5092724749366929
18235,72.0,3.0,1796.48,598.8266666666667,100.0,145.0,0.0,2011-05-06 13:35:00,0,0.41827976001382267
18236,30.0,6.0,882.24,147.04,42.0,210.0,0.0,2011-04-13 09:52:00,0,0.3953508578293163
18237,3.0,5.0,987.1,197.42,40.0,131.0,0.0,2011-07-28 13:05:00,0,0.39991406205665964
18239,219.0,5.0,1561.61,312.322,80.0,153.0,0.0,2010-12-02 17:48:00,0,0.4586921078219617
18240,46.0,1.0,422.58,422.58,6.0,0.0,0.0,2011-10-24 13:06:00,0,0.4133092195552883
18241,10.0,18.0,2058.09,114.33833333333334,60.0,208.0,0.0095238095238095,2011-05-06 09:22:00,0,0.4664923958327679
18242,72.0,4.0,2232.49,558.1225000000001,72.0,141.0,0.0,2011-05-10 11:20:00,0,0.4098836970298936
18245,7.0,8.0,2507.56,313.445,155.0,347.0,0.0112994350282485,2010-12-19 14:58:00,0,0.429089636306054
18246,24.0,2.0,596.1,298.05,3.0,209.0,0.0,2011-04-20 13:55:00,0,0.45714709660654895
18248,114.0,4.0,783.02,195.755,39.0,72.0,0.0408163265306122,2011-06-06 13:18:00,0,0.4243840068322863
18249,17.0,1.0,95.34,95.34,8.0,0.0,0.0,2011-11-22 15:07:00,0,0.4281509239964935
18250,301.0,2.0,342.92,171.46,21.0,9.0,0.0454545454545454,2011-02-02 13:16:00,0,0.4546273029704717
18251,87.0,1.0,4314.72,4314.72,16.0,0.0,0.0,2011-09-13 15:03:00,0,0.5049921708214474
18252,51.0,2.0,526.67,263.335,90.0,121.0,0.0,2011-06-21 11:47:00,0,0.4030934925902135
18255,89.0,1.0,103.3,103.3,6.0,0.0,0.0,2011-09-11 13:16:00,0,0.42141240653314355
18256,355.0,1.0,0.01,0.01,4.0,0.0,1.0,2010-12-20 08:27:00,0,0.7270768412455937
18257,39.0,12.0,2265.38,188.78166666666667,98.0,256.0,0.040650406504065,2011-02-16 15:13:00,0,0.43478109481676236
18259,25.0,3.0,2338.6000000000004,779.5333333333334,27.0,341.0,0.0,2010-12-08 13:38:00,0,0.46110245015440104
18260,173.0,8.0,2595.0,324.375,86.0,185.0,0.0428571428571428,2010-12-16 18:23:00,0,0.4779221840308106
18261,43.0,2.0,324.24,162.12,19.0,52.0,0.0,2011-09-05 09:34:00,0,0.392364141873843
18262,140.0,1.0,149.48,149.48,13.0,0.0,0.0,2011-07-22 16:04:00,0,0.3929409282180756
18263,23.0,4.0,1211.08,302.77,59.0,229.0,0.0161290322580645,2011-04-01 11:48:00,0,0.389745911241211
18265,72.0,2.0,801.51,400.755,44.0,85.0,0.0,2011-07-04 15:26:00,0,0.3941526337178893
18268,134.0,2.0,0.01,0.01,1.0,0.0,0.5,2011-07-28 11:16:00,0,0.7031554702162266
18269,358.0,2.0,138.9,69.45,7.0,8.0,0.125,2010-12-08 13:53:00,0,0.5473826154026489
18270,38.0,3.0,238.95,79.65,12.0,228.0,0.1538461538461538,2011-03-18 12:41:00,0,0.4966855171682048
18272,3.0,7.0,3064.78,437.8257142857143,99.0,244.0,0.0235294117647058,2011-04-07 09:35:00,0,0.4239633953848412
18273,2.0,3.0,204.0,68.0,1.0,255.0,0.0,2011-03-27 11:22:00,0,0.5306598526637472
18274,18.0,2.0,0.01,0.01,11.0,12.0,0.5,2011-11-09 17:03:00,0,0.6969551993787542
18276,21.0,3.0,323.36,107.78666666666668,14.0,22.0,0.125,2011-10-27 10:54:00,0,0.4580626594035094
18277,58.0,2.0,97.63,48.815,9.0,260.0,0.1111111111111111,2011-01-25 12:34:00,0,0.530921490360869
18278,74.0,1.0,173.9,173.9,9.0,0.0,0.0,2011-09-27 11:58:00,0,0.38815940327805004
18280,278.0,1.0,180.6,180.6,10.0,0.0,0.0,2011-03-07 09:52:00,0,0.4085090656763863
18281,181.0,1.0,80.82,80.82,7.0,0.0,0.0,2011-06-12 10:53:00,0,0.4469520937424847
18282,8.0,3.0,176.6,58.86666666666667,12.0,118.0,0.0769230769230769,2011-08-05 13:35:00,0,0.4740574279640554
18283,4.0,16.0,2094.88,130.93,263.0,333.0,0.0,2011-01-06 14:14:00,0,0.48147499647865777
18287,43.0,3.0,1837.28,612.4266666666666,59.0,158.0,0.0,2011-05-22 10:39:00,0,0.40587333453385827
