CustomerID,Recency,Frequency,Monetary,AvgBasketValue,DistinctProducts,TenureDays,CancellationRate,FirstPurchase
12346,326,2,0.01,0.01,1,0,0.5,2011-01-18 10:01:00
12347,2,7,4310.0,615.7142857142857,103,365,0.0,2010-12-07 14:57:00
12348,75,4,1797.24,449.31,22,282,0.0,2010-12-16 19:09:00
12349,19,1,1757.55,1757.55,73,0,0.0,2011-11-21 09:51:00
12350,310,1,334.4,334.4,17,0,0.0,2011-02-02 16:01:00
12352,36,11,1545.41,140.4918181818182,59,260,0.10526315789473684,2011-02-16 12:33:00
12353,204,1,89.0,89.0,4,0,0.0,2011-05-19 17:47:00
12354,232,1,1079.4,1079.4,58,0,0.0,2011-04-21 13:11:00
12355,214,1,459.4,459.4,13,0,0.0,2011-05-09 13:49:00
12356,23,3,2811.43,937.1433333333333,53,302,0.0,2011-01-18 09:50:00
12357,33,1,6207.67,6207.67,131,0,0.0,2011-11-06 16:07:00
12358,2,2,1168.06,584.03,13,149,0.0,2011-07-12 10:04:00
12359,8,6,6245.53,1040.9216666666666,214,323,0.023622047244094488,2011-01-12 12:43:00
12360,52,3,2662.06,887.3533333333334,105,148,0.0,2011-05-23 09:43:00
12361,287,1,189.9,189.9,10,0,0.0,2011-02-25 13:51:00
12362,3,13,5154.58,396.50615384615384,201,292,0.029197080291970802,2011-02-17 10:30:00
12363,110,2,552.0,276.0,23,132,0.0,2011-04-11 13:29:00
12364,8,4,1313.1,328.275,70,104,0.0,2011-08-19 15:24:00
12365,291,3,320.69,106.89666666666666,22,0,0.043478260869565216,2011-02-21 13:51:00
12367,4,1,168.9,168.9,11,0,0.0,2011-12-05 16:48:00
12370,51,4,3545.69,886.4225,143,309,0.0,2010-12-14 12:58:00
12371,45,2,1887.96,943.98,63,14,0.0,2011-10-11 10:43:00
12372,72,3,1298.04,432.68,34,224,0.0,2011-02-16 12:46:00
12373,311,1,364.6,364.6,14,0,0.0,2011-02-01 13:10:00
12374,25,1,742.9300000000001,742.9300000000001,33,0,0.0,2011-11-14 15:37:00
12375,3,3,455.42,151.80666666666667,14,95,0.05555555555555555,2011-09-02 14:23:00
12377,315,2,1628.12,814.06,72,39,0.0,2010-12-20 09:37:00
12378,130,1,4008.62,4008.62,219,0,0.0,2011-08-02 10:34:00
12379,82,3,850.29,283.43,39,88,0.024390243902439025,2011-06-22 16:32:00
12380,22,5,2720.56,544.112,77,164,0.009523809523809525,2011-06-07 09:49:00
12381,5,6,1803.96,300.66,70,115,0.04395604395604396,2011-08-12 09:57:00
12383,185,6,1839.31,306.5516666666667,84,167,0.01,2010-12-22 14:28:00
12384,29,3,566.16,188.72,26,92,0.1,2011-08-10 11:23:00
12386,338,2,401.9,200.95,10,29,0.0,2010-12-08 09:53:00
12388,16,6,2780.66,463.4433333333333,57,311,0.0,2011-01-17 11:12:00
12390,80,1,549.84,549.84,32,0,0.0,2011-09-21 09:33:00
12391,22,1,460.89,460.89,92,0,0.0,2011-11-18 12:07:00
12393,72,4,1582.6000000000001,395.65000000000003,47,260,0.0,2011-01-11 09:47:00
12394,64,2,1272.48,636.24,26,153,0.0,2011-05-06 14:01:00
12395,16,15,2998.28,199.88533333333334,91,355,0.018867924528301886,2010-12-03 16:35:00
12397,36,2,2409.9,1204.95,110,99,0.0,2011-07-27 14:21:00
12398,46,1,1635.6599999999999,1635.6599999999999,85,0,0.0,2011-10-25 10:27:00
12399,119,4,1108.65,277.1625,47,142,0.0,2011-03-23 09:42:00
12401,303,1,84.3,84.3,5,0,0.0,2011-02-09 13:50:00
12402,323,1,225.6,225.6,11,0,0.0,2011-01-20 13:49:00
12403,50,2,409.7,204.85,5,0,0.16666666666666666,2011-10-21 10:51:00
12405,149,1,1710.39,1710.39,54,0,0.0,2011-07-14 08:52:00
12406,22,3,3280.75,1093.5833333333333,92,161,0.027777777777777776,2011-06-09 10:23:00
12407,50,5,1708.1200000000001,341.624,57,214,0.0,2011-03-20 13:21:00
12408,33,9,2842.57,315.8411111111111,81,227,0.07079646017699115,2011-03-24 14:46:00
12409,79,7,11056.93,1579.5614285714287,91,103,0.043859649122807015,2011-06-10 12:19:00
12410,301,3,681.0799999999999,227.02666666666664,26,7,0.07142857142857142,2011-02-04 10:38:00
12412,75,3,1226.88,408.96000000000004,43,94,0.0,2011-06-23 13:51:00
12413,67,5,694.15,138.82999999999998,29,270,0.05,2011-01-06 16:12:00
12414,217,3,562.41,187.47,16,93,0.0,2011-02-02 14:51:00
12415,24,26,123725.45,4758.671153846154,444,313,0.07989690721649484,2011-01-06 11:12:00
12417,3,12,3578.8,298.23333333333335,158,354,0.030303030303030304,2010-12-17 11:51:00
12418,113,1,668.58,668.58,34,0,0.0,2011-08-19 11:08:00
12420,64,1,600.39,600.39,29,0,0.0,2011-10-07 08:55:00
12421,16,5,806.27,161.254,33,303,0.021739130434782608,2011-01-24 15:09:00
12422,96,3,803.5600000000001,267.85333333333335,39,229,0.0,2011-01-19 09:13:00
12423,1,9,1849.11,205.45666666666665,97,352,0.007936507936507936,2010-12-21 10:54:00
12424,163,2,1760.96,880.48,30,0,0.0,2011-06-30 12:06:00
12425,78,1,777.2,777.2,36,0,0.0,2011-09-22 17:31:00
12426,195,1,582.73,582.73,30,0,0.0,2011-05-29 12:26:00
12427,12,5,708.37,141.674,26,360,0.11428571428571428,2010-12-03 10:44:00
12428,26,12,7877.2,656.4333333333333,258,257,0.02,2011-03-01 09:33:00
12429,9,4,3750.4,937.6,82,356,0.0,2010-12-09 12:05:00
12430,43,1,256.4,256.4,11,0,0.0,2011-10-27 15:09:00
12431,36,18,6416.39,356.4661111111111,163,338,0.016736401673640166,2010-12-01 10:03:00
12432,43,5,5059.32,1011.8639999999999,107,129,0.0,2011-06-20 13:27:00
12433,1,7,13375.87,1910.8385714285716,219,372,0.0,2010-12-01 13:24:00
12434,85,4,765.19,191.2975,49,276,0.07407407407407407,2010-12-14 11:12:00
12435,80,2,7829.89,3914.945,31,188,0.0,2011-03-17 07:40:00
12436,100,1,509.01,509.01,16,0,0.0,2011-09-01 12:09:00
12437,2,19,4896.66,257.718947368421,118,329,0.005,2011-01-12 14:13:00
12438,14,2,2906.85,1453.425,84,125,0.0,2011-07-22 13:29:00
12441,367,1,173.55,173.55,11,0,0.0,2010-12-08 10:45:00
12442,3,1,172.06,172.06,12,0,0.0,2011-12-06 14:22:00
12444,21,5,5005.46,1001.092,138,149,0.0,2011-06-21 14:00:00
12445,22,1,133.4,133.4,4,0,0.0,2011-11-17 18:43:00
12446,58,1,1002.3100000000001,1002.3100000000001,57,0,0.0,2011-10-13 12:50:00
12447,243,1,476.49,476.49,26,0,0.0,2011-04-10 13:25:00
12448,44,1,449.45,449.45,22,0,0.0,2011-10-26 13:46:00
12449,22,4,4067.29,1016.8225,118,164,0.0,2011-06-05 15:37:00
12450,156,2,197.88,98.94,7,17,0.0,2011-06-19 14:36:00
12451,11,6,8933.52,1488.92,265,313,0.0028169014084507044,2011-01-19 09:05:00
12452,17,3,428.57,142.85666666666665,21,0,0.043478260869565216,2011-11-23 08:05:00
12453,134,1,707.09,707.09,43,0,0.0,2011-07-28 14:08:00
12454,53,2,0.01,0.01,15,2,0.5,2011-10-14 17:13:00
12455,73,6,2466.86,411.1433333333334,85,223,0.0,2011-02-16 09:56:00
12456,44,4,3153.89,788.4725,105,210,0.031007751937984496,2011-03-30 09:12:00
12457,58,12,1917.78,159.815,53,180,0.07462686567164178,2011-04-14 18:57:00
12458,71,2,947.4,473.7,35,213,0.0,2011-02-28 10:55:00
12461,94,2,826.88,413.44,35,60,0.0,2011-07-08 10:23:00
12462,2,4,1124.01,281.0025,51,300,0.1388888888888889,2011-02-09 14:44:00
12463,46,7,1303.63,186.23285714285717,66,195,0.056818181818181816,2011-04-12 12:47:00
12464,10,8,1212.05,151.50625,6,299,0.0,2011-02-03 13:30:00
12465,8,3,733.89,244.63,46,161,0.0784313725490196,2011-06-23 13:37:00
12468,143,3,724.0400000000001,241.3466666666667,36,173,0.05,2011-01-27 13:29:00
12471,2,49,18740.92,382.46775510204077,152,370,0.1337099811676083,2010-12-02 10:37:00
12472,31,13,6229.48,479.1907692307692,226,342,0.1329923273657289,2010-12-01 14:33:00
12473,29,9,2848.23,316.47,140,162,0.061452513966480445,2011-06-01 10:15:00
12474,17,30,7116.47,237.21566666666666,253,351,0.07221006564551423,2010-12-06 12:00:00
12475,54,1,723.38,723.38,36,0,0.0,2011-10-17 10:10:00
12476,1,20,6546.58,327.329,177,359,0.11742424242424243,2010-12-13 14:37:00
12477,23,9,13117.01,1457.4455555555555,192,288,0.025974025974025976,2011-02-01 11:09:00
12478,4,1,680.99,680.99,36,0,0.0,2011-12-06 09:56:00
12479,4,3,477.3,159.1,31,7,0.11428571428571428,2011-11-28 13:26:00
12480,28,4,3281.63,820.4075,129,307,0.0,2011-01-07 15:27:00
12481,23,11,5590.86,508.26,150,342,0.0045871559633027525,2010-12-09 10:13:00
12483,17,13,2327.13,179.01000000000002,46,322,0.07407407407407407,2011-01-04 14:20:00
12484,33,8,4495.27,561.90875,256,303,0.011428571428571429,2011-01-07 14:04:00
12488,10,3,1298.66,432.8866666666667,46,65,0.0,2011-09-25 10:34:00
12489,336,1,334.93,334.93,15,0,0.0,2011-01-07 13:13:00
12490,5,10,5417.93,541.793,131,324,0.0,2011-01-14 09:13:00
12491,39,1,460.40000000000003,460.40000000000003,25,0,0.0,2011-11-01 12:18:00
12492,63,2,263.21000000000004,131.60500000000002,19,42,0.0,2011-08-26 14:51:00
12493,166,3,416.79,138.93,20,31,0.043478260869565216,2011-05-26 14:53:00
12494,10,13,1139.3500000000001,87.6423076923077,63,355,0.08333333333333333,2010-12-09 11:31:00
12497,82,1,1043.1,1043.1,14,0,0.0,2011-09-19 12:29:00
12498,21,3,403.70000000000005,134.5666666666667,21,36,0.0,2011-10-13 09:30:00
12500,23,13,4206.27,323.5592307692308,34,310,0.06153846153846154,2011-01-10 09:48:00
12501,315,2,2089.68,1044.84,149,21,0.06875,2011-01-07 12:28:00
12502,96,5,3723.87,744.774,102,214,0.0,2011-02-03 10:41:00
12503,338,1,0.01,0.01,1,0,1.0,2011-01-06 11:51:00
12504,18,4,114.0,28.5,6,12,0.4,2011-11-09 14:56:00
12505,301,1,0.01,0.01,1,0,1.0,2011-02-11 13:39:00
12506,233,1,73.5,73.5,23,0,0.0,2011-04-21 08:54:00
12507,134,4,1258.06,314.515,19,164,0.045454545454545456,2011-02-14 09:24:00
12508,26,2,398.27,199.135,57,2,0.0,2011-11-10 16:27:00
12509,284,1,176.5,176.5,7,0,0.0,2011-02-28 14:45:00
12510,143,2,982.5699999999999,491.28499999999997,29,182,0.0,2011-01-18 14:04:00
12512,66,2,138.03,69.015,31,0,0.0,2011-10-04 14:53:00
12513,85,2,586.79,293.395,35,28,0.027777777777777776,2011-08-19 10:51:00
12514,267,1,1017.68,1017.68,51,0,0.0,2011-03-17 16:38:00
12515,353,1,383.7,383.7,16,0,0.0,2010-12-21 15:43:00
12516,78,2,1312.06,656.03,20,102,0.0,2011-06-12 11:37:00
12517,28,6,2464.89,410.815,232,161,0.006993006993006993,2011-06-02 15:13:00
12518,1,5,2056.89,411.378,84,109,0.0,2011-08-21 13:18:00
12519,64,1,340.84,340.84,17,0,0.0,2011-10-07 09:26:00
12520,79,6,2582.51,430.41833333333335,121,194,0.01935483870967742,2011-03-11 11:35:00
12521,143,1,599.68,599.68,38,0,0.0,2011-07-20 10:51:00
12522,39,2,192.72,96.36,11,12,0.0,2011-10-19 14:41:00
12523,2,13,1745.57,134.27461538461537,84,330,0.03636363636363636,2011-01-12 09:43:00
12524,9,8,4485.72,560.715,113,324,0.0,2011-01-10 10:35:00
12526,1,3,1316.66,438.8866666666667,64,93,0.0,2011-09-06 14:19:00
12527,82,3,348.71000000000004,116.23666666666668,18,243,0.0,2011-01-18 12:05:00
12528,9,8,1922.28,240.285,50,303,0.031578947368421054,2011-01-31 09:05:00
12530,60,5,1623.63,324.726,51,277,0.029411764705882353,2011-01-07 10:04:00
12531,15,1,125.22,125.22,17,0,0.0,2011-11-25 11:12:00
12532,30,1,349.83000000000004,349.83000000000004,16,0,0.0,2011-11-09 13:47:00
12534,131,1,1089.18,1089.18,63,0,0.0,2011-08-01 10:26:00
12535,92,2,716.35,358.175,28,94,0.0,2011-06-06 12:47:00
12536,8,5,4106.82,821.3639999999999,260,51,0.04395604395604396,2011-10-11 14:52:00
12538,29,1,363.95,363.95,21,0,0.0,2011-11-10 17:16:00
12539,22,5,3852.5,770.5,158,311,0.0036496350364963502,2011-01-10 09:11:00
12540,20,19,13309.039999999999,700.4757894736841,278,342,0.006237006237006237,2010-12-13 09:39:00
12541,30,3,981.18,327.06,46,251,0.0,2011-03-04 09:32:00
12544,30,2,355.7,177.85,19,6,0.05,2011-11-03 16:15:00
12545,75,2,1000.39,500.195,42,184,0.0,2011-03-25 12:04:00
12546,47,3,1141.5,380.5,59,31,0.014285714285714285,2011-09-23 09:44:00
12547,198,2,207.79999999999998,103.89999999999999,7,82,0.0,2011-03-04 12:46:00
12548,166,1,95.19999999999999,95.19999999999999,5,0,0.0,2011-06-26 15:35:00
12550,79,1,964.83,964.83,57,0,0.0,2011-09-21 14:35:00
12551,358,1,168.0,168.0,10,0,0.0,2010-12-17 11:23:00
12552,39,2,437.82,218.91,20,0,0.0,2011-10-31 12:11:00
12553,8,14,3652.25,260.875,95,321,0.025510204081632654,2011-01-14 10:42:00
12556,50,2,603.71,301.855,100,100,0.0,2011-07-11 13:35:00
12557,16,5,11990.960000000001,2398.192,15,355,0.0,2010-12-03 12:20:00
12558,2,2,0.01,0.01,11,5,0.5,2011-12-02 10:41:00
12559,311,3,536.21,178.73666666666668,21,8,0.045454545454545456,2011-01-24 10:12:00
12560,5,4,2101.39,525.3475,92,137,0.05405405405405406,2011-07-19 15:55:00
12561,303,1,238.85,238.85,16,0,0.0,2011-02-10 11:39:00
12562,8,7,3781.7400000000002,540.2485714285715,99,190,0.0,2011-05-25 12:44:00
12564,261,1,456.9,456.9,21,0,0.0,2011-03-23 14:55:00
12565,282,2,131.17,65.585,9,7,0.1,2011-02-24 10:34:00
12566,73,2,346.7,173.35,19,13,0.05,2011-09-14 14:30:00
12567,23,11,9114.94,828.6309090909091,323,346,0.0367170626349892,2010-12-05 11:57:00
12569,2,35,4064.9900000000002,116.14257142857143,92,250,0.015706806282722512,2011-04-01 13:47:00
12571,40,2,519.61,259.805,31,81,0.0,2011-08-10 12:35:00
12572,9,3,1004.72,334.9066666666667,53,43,0.03225806451612903,2011-10-19 08:20:00
12573,227,1,160.54000000000002,160.54000000000002,26,0,0.0,2011-04-26 15:52:00
12574,316,1,218.45,218.45,11,0,0.0,2011-01-28 09:20:00
12576,36,6,1306.98,217.83,72,268,0.011235955056179775,2011-02-08 11:31:00
12577,35,4,595.4,148.85,137,323,0.006756756756756757,2010-12-15 16:21:00
12578,21,4,2753.36,688.34,112,317,0.05,2011-01-05 10:46:00
12579,73,3,410.72,136.90666666666667,29,4,0.06451612903225806,2011-09-22 17:15:00
12580,247,1,415.7,415.7,24,0,0.0,2011-04-07 10:24:00
12581,40,1,197.71,197.71,15,0,0.0,2011-10-31 08:56:00
12582,239,2,511.36,255.68,21,49,0.0,2011-02-24 11:42:00
12583,3,18,7187.34,399.2966666666667,115,370,0.01593625498007968,2010-12-01 08:45:00
12584,4,18,1893.95,105.21944444444445,44,276,0.23809523809523808,2011-03-04 15:15:00
12585,234,4,1982.81,495.7025,77,117,0.10309278350515463,2010-12-23 12:58:00
12586,17,2,179.94000000000003,89.97000000000001,12,351,0.08333333333333333,2010-12-06 09:31:00
12587,8,1,144.0,144.0,4,0,0.0,2011-12-02 12:47:00
12588,39,1,214.89999999999998,214.89999999999998,10,0,0.0,2011-10-31 15:01:00
12589,29,2,646.68,323.34,29,115,0.0,2011-07-18 12:05:00
12590,190,3,9861.38,3287.1266666666666,68,20,0.02857142857142857,2011-05-12 14:46:00
12591,317,1,452.84999999999997,452.84999999999997,26,0,0.0,2011-01-26 14:35:00
12592,92,2,437.6,218.8,11,121,0.0,2011-05-10 13:44:00
12593,109,3,418.09999999999997,139.36666666666665,14,110,0.0,2011-05-05 09:29:00
12594,38,11,3320.2200000000003,301.83818181818185,50,285,0.008403361344537815,2011-01-21 09:52:00
12596,51,2,618.27,309.135,25,190,0.0,2011-04-11 13:22:00
12597,19,5,3683.13,736.626,184,248,0.037383177570093455,2011-03-16 14:00:00
12598,10,9,3002.68,333.63111111111107,84,275,0.007518796992481203,2011-02-28 11:58:00
12599,29,7,1032.58,147.51142857142855,32,275,0.0,2011-02-08 13:28:00
12600,29,11,2581.04,234.64,32,342,0.015384615384615385,2010-12-03 12:57:00
12601,190,6,569.5600000000001,94.92666666666668,21,142,0.034482758620689655,2011-01-11 10:38:00
12602,59,1,153.12,153.12,12,0,0.0,2011-10-12 11:22:00
12603,22,1,739.1999999999999,739.1999999999999,2,0,0.0,2011-11-18 10:42:00
12604,79,2,254.18,127.09,15,182,0.0,2011-03-23 12:06:00
12605,365,1,0.01,0.01,3,0,1.0,2010-12-09 15:41:00
12607,58,2,0.01,0.01,101,2,0.5,2011-10-10 16:06:00
12609,78,3,1126.85,375.6166666666666,57,240,0.0,2011-01-25 15:13:00
12610,23,7,2057.99,293.9985714285714,85,103,0.04504504504504504,2011-08-05 13:52:00
12611,52,1,1193.32,1193.32,65,0,0.0,2011-10-18 13:12:00
12612,58,2,643.59,321.795,19,16,0.09523809523809523,2011-09-26 15:35:00
12613,31,6,3218.98,536.4966666666667,124,230,0.06134969325153374,2011-03-22 15:42:00
12614,278,1,315.6,315.6,20,0,0.0,2011-03-07 10:22:00
12615,2,4,2291.19,572.7975,82,166,0.0,2011-06-24 13:35:00
12616,85,5,657.25,131.45,25,212,0.1111111111111111,2011-02-15 14:17:00
12617,29,1,355.53,355.53,39,0,0.0,2011-11-10 14:39:00
12618,22,1,177.31,177.31,11,0,0.0,2011-11-18 11:10:00
12619,16,13,3214.81,247.2930769230769,50,237,0.05263157894736842,2011-03-31 13:10:00
12620,15,3,1339.41,446.47,89,189,0.0,2011-05-19 12:10:00
12621,2,23,13612.07,591.8291304347825,261,364,0.014767932489451477,2010-12-09 10:16:00
12622,232,1,180.1,180.1,11,0,0.0,2011-04-21 16:39:00
12623,276,1,305.1,305.1,18,0,0.0,2011-03-08 13:50:00
12624,106,2,641.13,320.565,36,71,0.0,2011-06-15 12:34:00
12625,212,3,2614.32,871.44,74,107,0.054945054945054944,2011-01-24 13:27:00
12626,23,13,6388.35,491.4115384615385,232,303,0.04234527687296417,2011-01-17 11:01:00
12627,11,7,4478.53,639.79,162,129,0.0,2011-07-22 13:59:00
12628,4,4,769.61,192.4025,34,60,0.046511627906976744,2011-10-06 09:28:00
12630,10,2,1270.88,635.44,60,34,0.0,2011-10-27 10:41:00
12631,57,1,640.5,640.5,31,0,0.0,2011-10-13 13:53:00
12633,59,5,2140.63,428.12600000000003,73,229,0.019417475728155338,2011-02-25 08:44:00
12635,90,2,1689.18,844.59,96,65,0.0,2011-07-08 08:43:00
12637,67,10,5953.25,595.325,205,256,0.01015228426395939,2011-01-20 10:47:00
12638,33,1,671.69,671.69,39,0,0.0,2011-11-06 13:11:00
12639,239,1,486.1,486.1,22,0,0.0,2011-04-15 12:48:00
12640,24,3,1174.58,391.52666666666664,47,57,0.0,2011-09-19 12:01:00
12641,115,1,185.9,185.9,10,0,0.0,2011-08-16 13:26:00
12642,25,3,1013.26,337.75333333333333,39,82,0.0,2011-08-24 09:23:00
12643,128,6,3344.64,557.4399999999999,11,204,0.0,2011-01-11 11:48:00
12644,130,1,477.91,477.91,31,0,0.0,2011-08-02 10:33:00
12645,34,5,1755.38,351.076,58,282,0.013513513513513514,2011-01-27 13:08:00
12646,5,2,1346.97,673.485,43,44,0.0,2011-10-21 12:52:00
12647,22,13,3669.92,282.3015384615385,78,346,0.047244094488188976,2010-12-05 14:02:00
12648,155,1,318.05,318.05,21,0,0.0,2011-07-08 11:55:00
12649,107,4,603.71,150.9275,30,257,0.06060606060606061,2010-12-09 14:42:00
12650,3,1,314.44,314.44,20,0,0.0,2011-12-06 16:34:00
12651,335,1,114.0,114.0,9,0,0.0,2011-01-09 12:46:00
12652,322,2,914.53,457.265,48,9,0.058823529411764705,2011-01-12 15:00:00
12653,149,2,2209.85,1104.925,37,147,0.0,2011-02-16 10:53:00
12654,11,5,601.98,120.396,31,284,0.0,2011-02-17 13:16:00
12656,17,8,3982.72,497.84,89,225,0.03076923076923077,2011-04-11 09:45:00
12657,11,5,1152.06,230.41199999999998,35,67,0.16071428571428573,2011-09-22 11:40:00
12658,19,1,686.05,686.05,36,0,0.0,2011-11-21 10:22:00
12659,30,1,91.68,91.68,5,0,0.0,2011-11-10 11:53:00
12660,11,1,245.1,245.1,13,0,0.0,2011-11-28 13:26:00
12662,1,12,3817.08,318.09,129,372,0.008620689655172414,2010-12-01 13:04:00
12664,8,10,4863.88,486.38800000000003,10,314,0.02631578947368421,2011-01-21 11:42:00
12665,325,2,61.75,30.875,3,6,0.25,2011-01-12 09:41:00
12666,359,1,0.01,0.01,2,0,1.0,2010-12-15 14:42:00
12667,58,1,620.13,620.13,33,0,0.0,2011-10-12 17:00:00
12668,7,6,3743.18,623.8633333333333,115,348,0.041666666666666664,2010-12-19 12:46:00
12669,151,4,1607.73,401.9325,98,105,0.00980392156862745,2011-03-28 10:15:00
12670,10,6,2986.15,497.69166666666666,58,222,0.02127659574468085,2011-04-21 10:16:00
12672,330,1,225.89999999999998,225.89999999999998,10,0,0.0,2011-01-14 09:20:00
12673,5,2,610.52,305.26,42,321,0.0,2011-01-17 11:46:00
12674,12,7,1919.31,274.1871428571429,52,196,0.08791208791208792,2011-05-16 09:10:00
12676,25,6,1331.39,221.89833333333334,33,286,0.0,2011-02-01 15:41:00
12678,42,13,17588.26,1352.943076923077,105,311,0.011976047904191617,2010-12-21 11:00:00
12679,52,9,1058.67,117.63000000000001,45,231,0.14285714285714285,2011-03-01 12:26:00
12680,1,4,862.81,215.7025,33,112,0.0,2011-08-18 15:44:00
12681,15,27,13677.59,506.5774074074074,267,353,0.01238390092879257,2010-12-07 10:08:00
12682,4,31,12288.22,396.3941935483871,209,367,0.0,2010-12-03 13:59:00
12683,4,20,8221.09,411.0545,177,361,0.049723756906077346,2010-12-09 10:37:00
12684,8,7,2283.63,326.23285714285714,61,205,0.0,2011-05-10 12:55:00
12685,28,6,2863.08,477.18,117,65,0.0,2011-09-07 10:28:00
12686,372,1,89.14,89.14,7,0,0.0,2010-12-03 09:51:00
12688,114,1,4873.8099999999995,4873.8099999999995,171,0,0.0,2011-08-18 08:49:00
12689,26,2,1247.61,623.805,57,101,0.0,2011-08-04 10:04:00
12690,206,1,389.01,389.01,16,0,0.0,2011-05-18 09:09:00
12691,28,6,1035.8,172.63333333333333,21,329,0.0,2010-12-17 14:46:00
12693,121,6,830.96,138.49333333333334,35,198,0.04878048780487805,2011-01-24 12:58:00
12694,70,2,869.67,434.835,32,112,0.0,2011-06-09 17:48:00
12695,7,4,582.1,145.525,23,203,0.0,2011-05-13 13:15:00
12697,21,5,939.02,187.804,37,148,0.046511627906976744,2011-06-23 15:44:00
12700,8,6,4867.99,811.3316666666666,193,207,0.007407407407407408,2011-05-08 16:10:00
12701,80,2,797.71,398.855,50,162,0.0,2011-04-11 13:02:00
12702,20,1,219.0,219.0,12,0,0.0,2011-11-20 10:36:00
12703,64,2,274.7,137.35,21,7,0.045454545454545456,2011-09-29 17:52:00
12704,7,10,2220.84,222.084,64,162,0.022222222222222223,2011-06-23 10:20:00
12705,15,14,6814.24,486.7314285714286,228,341,0.040229885057471264,2010-12-17 15:58:00
12707,292,1,603.42,603.42,33,0,0.0,2011-02-21 08:38:00
12708,30,16,2616.32,163.52,86,338,0.09770114942528736,2010-12-06 10:43:00
12709,3,26,9294.1,357.4653846153846,103,363,0.19066147859922178,2010-12-08 09:49:00
12710,97,4,1130.57,282.6425,75,104,0.02531645569620253,2011-05-22 14:05:00
12712,23,17,4241.63,249.50764705882352,59,348,0.06338028169014084,2010-12-03 14:30:00
12713,1,1,848.55,848.55,38,0,0.0,2011-12-09 12:16:00
12714,9,5,4708.86,941.7719999999999,216,285,0.0,2011-02-18 10:53:00
12715,106,1,353.86,353.86,20,0,0.0,2011-08-25 15:22:00
12716,4,2,1053.49,526.745,60,129,0.0,2011-07-29 13:28:00
12717,151,3,980.98,326.99333333333334,49,94,0.017857142857142856,2011-04-08 10:32:00
12718,71,1,238.25,238.25,19,0,0.0,2011-09-29 16:38:00
12719,5,3,608.1,202.70000000000002,34,59,0.07142857142857142,2011-10-05 14:50:00
12720,3,29,5713.28,197.00965517241377,211,366,0.013927576601671309,2010-12-05 15:21:00
12721,32,7,2628.98,375.56857142857143,134,334,0.018292682926829267,2010-12-09 10:14:00
12722,85,6,904.33,150.72166666666666,50,65,0.07017543859649122,2011-07-12 11:55:00
12723,4,5,725.07,145.014,53,61,0.0,2011-10-05 15:52:00
12724,5,4,1031.41,257.8525,47,327,0.0,2011-01-11 15:00:00
12725,371,1,427.8,427.8,24,0,0.0,2010-12-03 15:45:00
12726,28,7,2609.1,372.7285714285714,57,329,0.0,2010-12-17 12:56:00
12727,11,9,3947.7,438.6333333333333,109,309,0.014184397163120567,2011-01-23 15:17:00
12728,71,4,836.33,209.0825,38,261,0.0,2011-01-11 13:31:00
12729,114,1,453.01,453.01,26,0,0.0,2011-08-18 11:40:00
12731,24,14,18793.41,1342.3864285714285,109,341,0.010830324909747292,2010-12-10 10:56:00
12732,180,1,236.26000000000002,236.26000000000002,12,0,0.0,2011-06-13 11:33:00
12733,234,1,383.95,383.95,22,0,0.0,2011-04-19 16:19:00
12734,353,1,110.39999999999999,110.39999999999999,4,0,0.0,2010-12-22 12:47:00
12735,315,2,779.5699999999999,389.78499999999997,38,21,0.0,2011-01-06 14:26:00
12736,333,1,234.0,234.0,4,0,0.0,2011-01-11 07:57:00
12738,372,1,155.35,155.35,11,0,0.0,2010-12-02 18:27:00
12739,78,2,1013.04,506.52,38,20,0.0,2011-09-01 17:45:00
12740,64,1,427.6,427.6,27,0,0.0,2011-10-07 10:44:00
12743,134,2,546.43,273.215,114,0,0.0,2011-07-28 16:06:00
12744,52,10,9120.39,912.039,178,266,0.03056768558951965,2011-01-25 13:26:00
12747,2,11,4196.01,381.4554545454546,42,366,0.0,2010-12-05 15:38:00
12748,1,223,29072.1,130.36816143497757,1769,372,0.0099116569704805,2010-12-01 12:48:00
12749,4,8,3868.2,483.525,160,209,0.13852813852813853,2011-05-10 15:25:00
12750,129,1,275.88,275.88,15,0,0.0,2011-08-03 09:13:00
12752,81,1,4366.78,4366.78,53,0,0.0,2011-09-19 13:32:00
12753,4,11,21024.01,1911.2736363636361,132,358,0.14347826086956522,2010-12-12 11:44:00
12754,236,5,2949.12,589.824,50,72,0.03076923076923077,2011-02-04 10:31:00
12755,250,4,2203.2,550.8,5,115,0.3333333333333333,2010-12-09 10:44:00
12756,87,1,112.07999999999998,112.07999999999998,4,0,0.0,2011-09-14 09:31:00
12757,16,19,4227.7,222.51052631578946,237,195,0.015915119363395226,2011-05-12 19:01:00
12758,117,2,2791.59,1395.795,84,159,0.0,2011-03-08 12:05:00
12759,52,3,1531.44,510.48,81,223,0.0,2011-03-09 08:09:00
12762,8,2,1898.52,949.26,62,17,0.0,2011-11-14 14:23:00
12763,138,2,494.08,247.04,16,230,0.0,2010-12-05 15:46:00
12764,317,1,1693.88,1693.88,45,0,0.0,2011-01-27 10:19:00
12766,4,7,6989.63,998.5185714285715,205,362,0.0,2010-12-08 13:53:00
12769,239,1,1143.6,1143.6,32,0,0.0,2011-04-15 10:25:00
12770,211,1,1351.45,1351.45,12,0,0.0,2011-05-13 09:33:00
12772,60,1,892.47,892.47,55,0,0.0,2011-10-11 09:19:00
12775,17,6,1351.24,225.20666666666668,47,294,0.014925373134328358,2011-02-01 13:45:00
12778,20,7,804.23,114.89,40,292,0.0196078431372549,2011-01-31 14:35:00
12779,21,12,3868.7,322.39166666666665,88,350,0.06289308176100629,2010-12-03 13:40:00
12781,21,5,707.72,141.544,25,263,0.16666666666666666,2011-02-28 08:43:00
12782,5,6,2273.32,378.8866666666667,81,352,0.037383177570093455,2010-12-17 11:30:00
12783,2,8,1603.87,200.48375,76,73,0.023255813953488372,2011-09-25 15:35:00
12784,9,2,574.42,287.21,54,6,0.0,2011-11-24 12:53:00
12785,3,2,305.71,152.855,14,361,0.06666666666666667,2010-12-10 13:48:00
12787,10,3,463.66,154.55333333333334,17,182,0.0,2011-05-31 09:36:00
12789,65,1,91.85,91.85,4,0,0.0,2011-10-05 13:34:00
12790,192,1,324.92,324.92,21,0,0.0,2011-05-31 14:14:00
12791,374,1,192.60000000000002,192.60000000000002,2,0,0.0,2010-12-01 11:27:00
12792,257,1,400.53999999999996,400.53999999999996,25,0,0.0,2011-03-28 11:36:00
12793,335,2,545.48,272.74,21,36,0.0,2010-12-03 15:14:00
12794,53,2,860.41,430.205,43,45,0.0,2011-09-02 12:01:00
12795,19,1,430.48,430.48,14,0,0.0,2011-11-21 10:27:00
12797,360,3,194.18,64.72666666666667,13,5,0.23529411764705882,2010-12-09 10:55:00
12798,10,3,6977.04,2325.68,6,160,0.0,2011-06-22 10:11:00
12802,184,2,412.58,206.29,25,3,0.038461538461538464,2011-06-06 09:36:00
12808,37,3,483.65000000000003,161.21666666666667,27,331,0.0,2010-12-06 10:27:00
12809,168,2,484.36,242.18,25,9,0.038461538461538464,2011-06-15 10:51:00
12811,261,3,514.85,171.61666666666667,27,23,0.0,2011-02-28 15:39:00
12812,45,1,229.64000000000001,229.64000000000001,15,0,0.0,2011-10-26 09:54:00
12814,102,1,125.92,125.92,2,0,0.0,2011-08-30 12:11:00
12815,148,2,1063.46,531.73,38,50,0.0,2011-05-25 13:34:00
12816,96,2,572.2,286.1,27,80,0.0,2011-06-16 13:24:00
12817,281,1,166.04,166.04,4,0,0.0,2011-03-03 16:28:00
12818,178,2,1517.88,758.94,14,83,0.125,2011-03-23 12:06:00
12820,3,4,942.34,235.585,55,323,0.0,2011-01-17 12:34:00
12821,214,1,92.72,92.72,6,0,0.0,2011-05-09 15:51:00
12822,71,3,918.98,306.32666666666665,41,16,0.02127659574468085,2011-09-13 13:46:00
12823,75,5,1759.5,351.9,1,221,0.0,2011-02-16 12:15:00
12824,60,1,397.12,397.12,25,0,0.0,2011-10-11 12:49:00
12826,3,8,1468.1200000000001,183.51500000000001,58,362,0.031914893617021274,2010-12-09 15:21:00
12827,6,3,430.15000000000003,143.38333333333335,19,38,0.0,2011-10-26 15:44:00
12828,3,6,1018.71,169.785,46,127,0.0,2011-08-01 16:16:00
12829,322,3,253.05,84.35000000000001,9,37,0.08333333333333333,2010-12-14 14:54:00
12830,38,7,6748.4,964.0571428571428,14,134,0.02564102564102564,2011-06-21 10:53:00
12831,262,1,215.05,215.05,9,0,0.0,2011-03-22 13:02:00
12832,32,2,383.03,191.515,27,65,0.0,2011-09-02 13:48:00
12833,145,1,417.38,417.38,24,0,0.0,2011-07-17 13:46:00
12834,283,1,312.38,312.38,18,0,0.0,2011-03-02 09:49:00
12836,59,4,2612.86,653.215,148,252,0.0,2011-02-01 11:19:00
12837,173,1,134.1,134.1,12,0,0.0,2011-06-19 16:07:00
12838,34,2,683.13,341.565,115,340,0.0,2010-12-01 11:57:00
12839,3,16,5583.62,348.97625,96,364,0.006329113924050633,2010-12-07 15:48:00
12840,144,6,2714.27,452.37833333333333,67,82,0.02586206896551724,2011-04-27 12:21:00
12841,5,26,3876.4,149.09230769230768,230,367,0.04328018223234624,2010-12-03 10:43:00
12842,70,2,1118.99,559.495,34,238,0.0,2011-02-04 12:36:00
12843,66,9,1680.76,186.7511111111111,69,198,0.046296296296296294,2011-03-20 14:38:00
12844,29,2,325.96000000000004,162.98000000000002,47,101,0.0,2011-08-01 13:11:00
12845,267,4,354.09,88.5225,26,22,0.0,2011-02-22 14:10:00
12847,22,1,871.54,871.54,72,0,0.0,2011-11-17 13:16:00
12849,31,2,1050.8899999999999,525.4449999999999,47,237,0.0,2011-03-16 12:26:00
12851,97,1,135.18,135.18,43,0,0.0,2011-09-04 12:41:00
12852,290,2,299.75,149.875,17,4,0.15,2011-02-18 08:47:00
12853,108,9,1881.7,209.07777777777778,66,208,0.07142857142857142,2011-01-28 10:28:00
12854,79,5,1289.15,257.83000000000004,97,240,0.043478260869565216,2011-01-25 12:11:00
12855,373,1,38.1,38.1,3,0,0.0,2010-12-02 09:37:00
12856,8,8,2162.68,270.335,155,55,0.00946372239747634,2011-10-07 12:38:00
12857,211,2,1106.4,553.2,37,91,0.0,2011-02-10 12:32:00
12863,52,2,504.2,252.1,5,146,0.16666666666666666,2011-05-24 17:17:00
12864,138,1,147.12,147.12,3,0,0.0,2011-07-24 13:03:00
12865,26,3,1548.07,516.0233333333333,87,333,0.010416666666666666,2010-12-15 11:39:00
12866,283,1,559.12,559.12,26,0,0.0,2011-03-01 14:11:00
12867,26,10,3986.22,398.62199999999996,241,334,0.023593466424682397,2010-12-14 15:16:00
12868,186,6,1607.0600000000002,267.84333333333336,72,187,0.0,2010-12-01 12:50:00
12870,366,1,0.01,0.01,2,0,1.0,2010-12-08 14:27:00
12871,84,2,380.64,190.32,8,123,0.0,2011-05-16 13:32:00
12872,327,2,599.97,299.985,58,38,0.0,2010-12-09 14:44:00
12873,282,1,374.0,374.0,4,0,0.0,2011-03-02 14:58:00
12875,143,2,343.2300000000001,171.61500000000004,1,219,0.0,2010-12-12 12:03:00
12876,58,2,2218.02,1109.01,67,138,0.0,2011-05-27 13:34:00
12877,4,12,1535.77,127.98083333333334,100,354,0.0,2010-12-16 12:23:00
12878,18,3,841.64,280.5466666666667,38,248,0.04081632653061224,2011-03-18 14:02:00
12879,45,4,552.5699999999999,138.14249999999998,7,47,0.16666666666666666,2011-09-09 12:11:00
12881,276,1,298.0,298.0,7,0,0.0,2011-03-09 11:44:00
12882,9,2,1463.04,731.52,12,24,0.0,2011-11-06 11:22:00
12883,25,4,703.47,175.8675,39,64,0.0,2011-09-11 15:18:00
12884,88,1,309.05,309.05,7,0,0.0,2011-09-12 13:10:00
12885,63,4,1158.27,289.5675,66,60,0.013888888888888888,2011-08-08 11:45:00
12886,68,3,1351.09,450.3633333333333,75,151,0.046511627906976744,2011-05-04 11:21:00
12888,214,4,313.77,78.4425,4,41,0.2857142857142857,2011-03-29 14:31:00
12890,24,1,380.46999999999997,380.46999999999997,78,0,0.0,2011-11-15 17:26:00
12891,186,3,331.0,110.33333333333333,2,107,0.0,2011-02-20 11:28:00
12893,31,1,188.14,188.14,27,0,0.0,2011-11-09 12:34:00
12895,42,3,347.3,115.76666666666667,22,44,0.08333333333333333,2011-09-14 08:35:00
12897,205,2,216.5,108.25,3,97,0.0,2011-02-11 11:40:00
12901,9,36,16293.1,452.5861111111111,32,261,0.072,2011-03-14 10:41:00
12902,265,1,138.68,138.68,10,0,0.0,2011-03-20 12:06:00
12904,18,2,509.58,254.79,59,154,0.0,2011-06-20 13:18:00
12906,12,5,2919.81,583.962,55,66,0.0,2011-09-22 15:03:00
12908,59,4,246.0,61.5,2,253,0.5,2011-01-31 12:36:00
12909,40,8,2128.83,266.10375,78,213,0.052083333333333336,2011-03-31 12:51:00
12910,23,8,3075.04,384.38,48,218,0.0,2011-04-12 10:01:00
12912,3,5,1662.3,332.46,17,37,0.0,2011-10-30 11:35:00
12913,5,5,2483.63,496.726,37,363,0.0,2010-12-06 16:36:00
12915,149,2,363.65,181.825,19,223,0.0,2010-12-02 12:33:00
12916,139,5,2982.35,596.47,53,181,0.01834862385321101,2011-01-23 10:43:00
12917,128,1,594.0,594.0,2,0,0.0,2011-08-03 16:42:00
12919,8,8,1301.44,162.68,34,161,0.038461538461538464,2011-06-23 09:22:00
12920,17,1,164.23,164.23,27,0,0.0,2011-11-22 15:05:00
12921,4,50,16389.74,327.7948,233,369,0.02834008097165992,2010-12-01 15:06:00
12922,161,1,405.38,405.38,28,0,0.0,2011-07-01 15:35:00
12923,64,1,176.97,176.97,28,0,0.0,2011-10-06 16:20:00
12924,88,5,929.95,185.99,22,239,0.03225806451612903,2011-01-16 11:49:00
12925,5,2,694.05,347.025,42,70,0.0,2011-09-26 11:05:00
12928,35,5,2062.7000000000003,412.5400000000001,59,323,0.0,2010-12-15 15:45:00
12929,122,2,105.1,52.55,8,189,0.1111111111111111,2011-02-01 12:08:00
12930,78,4,409.9,102.475,20,93,0.07407407407407407,2011-06-21 13:25:00
12931,22,20,33462.81,1673.1405,29,336,0.19607843137254902,2010-12-17 09:45:00
12933,24,4,606.28,151.57,103,259,0.009345794392523364,2011-03-01 11:30:00
12935,2,8,2156.45,269.55625,80,317,0.007692307692307693,2011-01-24 13:58:00
12936,17,5,1012.9,202.57999999999998,56,61,0.015873015873015872,2011-09-22 13:51:00
12937,15,4,1504.27,376.0675,81,252,0.0,2011-03-17 14:19:00
12938,26,1,114.14,114.14,9,0,0.0,2011-11-14 11:21:00
12939,64,8,11581.8,1447.725,21,270,0.0,2011-01-09 11:20:00
12940,46,4,876.29,219.0725,88,41,0.038834951456310676,2011-09-13 10:16:00
12942,131,3,683.9,227.96666666666667,68,234,0.0,2010-12-09 09:34:00
12943,301,1,0.01,0.01,1,0,1.0,2011-02-11 15:13:00
12944,36,2,604.51,302.255,29,319,0.0,2010-12-20 10:41:00
12945,288,1,462.95,462.95,23,0,0.0,2011-02-24 14:15:00
12947,144,11,1407.29,127.93545454545455,83,229,0.05825242718446602,2010-12-01 16:21:00
12948,16,8,2053.7,256.7125,82,248,0.01694915254237288,2011-03-20 10:17:00
12949,31,10,4143.02,414.302,166,221,0.0182648401826484,2011-04-01 13:20:00
12950,2,3,1843.0,614.3333333333334,13,21,0.0,2011-11-15 13:48:00
12951,9,8,1042.07,130.25875,54,322,0.03076923076923077,2011-01-13 10:33:00
12952,6,5,1382.8400000000001,276.56800000000004,64,72,0.0125,2011-09-22 16:37:00
12953,10,1,329.85,329.85,17,0,0.0,2011-11-30 09:24:00
12955,1,14,4734.26,338.1614285714286,81,266,0.01639344262295082,2011-03-17 09:03:00
12956,306,1,108.07,108.07,19,0,0.0,2011-02-06 16:08:00
12957,4,12,3979.04,331.58666666666664,208,335,0.02459016393442623,2011-01-04 12:18:00
12962,7,2,266.39,133.195,15,106,0.0,2011-08-18 13:38:00
12963,8,9,1841.03,204.55888888888887,76,357,0.010416666666666666,2010-12-09 09:14:00
12965,89,1,771.91,771.91,108,0,0.0,2011-09-11 15:31:00
12966,10,1,160.18,160.18,10,0,0.0,2011-11-30 12:38:00
12967,3,4,1194.75,298.6875,21,368,0.42424242424242425,2010-12-03 09:49:00
12968,112,1,135.95,135.95,5,0,0.0,2011-08-19 15:44:00
12970,7,4,452.24,113.06,116,315,0.0,2011-01-21 14:04:00
12971,4,89,10930.26,122.81191011235956,95,368,0.00974025974025974,2010-12-02 16:42:00
12974,198,1,144.8,144.8,8,0,0.0,2011-05-26 09:33:00
12976,212,1,738.6,738.6,22,0,0.0,2011-05-12 09:55:00
12977,156,1,39.239999999999995,39.239999999999995,9,0,0.0,2011-07-06 16:40:00
12980,156,12,7092.06,591.005,6,203,0.16666666666666666,2010-12-16 11:36:00
12981,30,2,372.21999999999997,186.10999999999999,12,103,0.0,2011-07-29 14:14:00
12982,240,2,377.2,188.6,28,2,0.17647058823529413,2011-04-11 11:51:00
12984,19,1,97.5,97.5,4,0,0.0,2011-11-21 12:37:00
12985,1,3,1215.6200000000001,405.2066666666667,73,27,0.02564102564102564,2011-11-11 12:44:00
12987,74,3,545.0,181.66666666666666,27,124,0.06666666666666667,2011-05-26 12:00:00
12988,292,1,535.32,535.32,75,0,0.0,2011-02-20 14:31:00
12989,3,19,6854.51,360.7636842105263,41,361,0.058823529411764705,2010-12-10 13:24:00
12990,31,3,409.5,136.5,8,278,0.0,2011-02-02 15:39:00
12991,23,2,503.76,251.88,31,89,0.0,2011-08-19 14:39:00
12993,23,4,414.76,103.69,26,275,0.0,2011-02-14 14:29:00
12994,4,5,902.22,180.44400000000002,52,264,0.1643835616438356,2011-03-16 08:31:00
12995,78,2,200.72,100.36,3,7,0.4,2011-09-15 15:44:00
12997,22,7,1197.94,171.1342857142857,45,294,0.11940298507462686,2011-01-26 15:49:00
12999,196,3,455.88,151.96,25,49,0.0,2011-04-08 10:26:00
13000,107,3,534.85,178.28333333333333,30,258,0.0,2010-12-10 10:26:00
13001,4,15,9797.92,653.1946666666666,166,322,0.008771929824561403,2011-01-17 12:45:00
13002,318,1,120.94999999999999,120.94999999999999,7,0,0.0,2011-01-25 15:18:00
13003,106,3,149.05,49.68333333333334,4,109,0.0,2011-05-09 08:23:00
13004,12,22,5613.43,255.1559090909091,277,346,0.012224938875305624,2010-12-17 08:20:00
13005,174,3,468.95,156.31666666666666,21,72,0.10344827586206896,2011-04-07 13:32:00
13006,56,1,81.57,81.57,4,0,0.0,2011-10-14 13:49:00
13008,323,2,178.46999999999997,89.23499999999999,15,37,0.06666666666666667,2010-12-14 10:28:00
13011,372,1,50.550000000000004,50.550000000000004,3,0,0.0,2010-12-02 17:22:00
13012,9,11,1311.6200000000001,119.23818181818183,68,285,0.16822429906542055,2011-02-18 09:43:00
13013,1,15,4786.99,319.13266666666664,155,370,0.013513513513513514,2010-12-03 12:28:00
13014,3,16,3365.43,210.339375,67,278,0.11382113821138211,2011-03-03 18:28:00
13015,53,5,3346.28,669.2560000000001,156,195,0.0,2011-04-04 14:28:00
13016,73,3,789.89,263.2966666666667,39,49,0.0,2011-08-08 15:00:00
13017,7,1,204.0,204.0,1,0,0.0,2011-12-02 15:53:00
13018,16,29,7272.75,250.7844827586207,313,279,0.002178649237472767,2011-02-17 11:05:00
13021,4,12,2584.4,215.36666666666667,103,361,0.022388059701492536,2010-12-09 14:12:00
13023,64,2,689.9,344.95,36,65,0.0,2011-08-02 09:34:00
13026,1,8,936.15,117.01875,34,274,0.06976744186046512,2011-03-09 11:35:00
13027,114,6,6912.0,1152.0,6,240,0.0,2010-12-20 12:45:00
13028,23,3,659.68,219.89333333333332,40,22,0.0425531914893617,2011-10-25 14:09:00
13029,31,3,1247.5,415.8333333333333,8,322,0.0,2010-12-21 13:53:00
13030,11,2,799.48,399.74,76,356,0.0,2010-12-06 14:31:00
13032,39,3,996.52,332.17333333333335,55,48,0.05333333333333334,2011-09-13 16:40:00
13033,357,1,190.55,190.55,11,0,0.0,2010-12-17 14:23:00
13034,55,2,642.77,321.385,37,314,0.0,2010-12-05 14:52:00
13035,58,3,886.63,295.54333333333335,23,203,0.1,2011-03-24 09:21:00
13037,138,3,881.07,293.69,44,118,0.0,2011-03-28 15:42:00
13038,80,3,908.46,302.82,24,210,0.0,2011-02-22 11:43:00
13040,9,2,676.99,338.495,38,24,0.0,2011-11-06 13:53:00
13043,254,2,471.57,235.785,13,19,0.07142857142857142,2011-03-11 14:52:00
13044,291,1,560.47,560.47,33,0,0.0,2011-02-21 15:20:00
13045,99,1,305.28000000000003,305.28000000000003,18,0,0.0,2011-09-01 15:04:00
13046,31,2,629.31,314.655,33,235,0.0,2011-03-18 15:43:00
13047,32,18,3079.1,171.0611111111111,106,342,0.12244897959183673,2010-12-01 08:34:00
13048,14,5,1805.91,361.182,77,312,0.0072992700729927005,2011-01-16 14:36:00
13049,64,2,656.6800000000001,328.34000000000003,14,253,0.0,2011-01-25 16:33:00
13050,9,28,5684.61,203.0217857142857,246,357,0.045023696682464455,2010-12-08 09:30:00
13052,212,1,348.15000000000003,348.15000000000003,18,0,0.0,2011-05-11 14:12:00
13055,64,4,1201.96,300.49,74,149,0.02564102564102564,2011-05-10 08:58:00
13058,25,3,271.40000000000003,90.46666666666668,5,127,0.0,2011-07-11 12:01:00
13059,250,1,183.4,183.4,8,0,0.0,2011-04-04 10:40:00
13060,254,1,307.53,307.53,15,0,0.0,2011-03-31 11:37:00
13061,72,1,248.61,248.61,10,0,0.0,2011-09-28 16:04:00
13062,191,1,346.98,346.98,11,0,0.0,2011-06-01 15:12:00
13064,13,4,1119.49,279.8725,51,314,0.0,2011-01-16 13:41:00
13065,373,1,205.86,205.86,14,0,0.0,2010-12-01 16:52:00
13066,24,3,430.9,143.63333333333333,48,7,0.02040816326530612,2011-11-07 17:06:00
13067,82,1,115.46000000000001,115.46000000000001,14,0,0.0,2011-09-18 13:38:00
13068,10,2,344.0,172.0,1,309,0.0,2011-01-24 08:20:00
13069,1,27,3717.82,137.69703703703703,285,368,0.09574468085106383,2010-12-05 11:02:00
13070,192,1,228.8,228.8,9,0,0.0,2011-05-31 13:45:00
13072,267,1,177.15,177.15,7,0,0.0,2011-03-18 08:12:00
13075,130,1,919.61,919.61,22,0,0.0,2011-08-02 10:19:00
13077,1,4,729.27,182.3175,99,365,0.0,2010-12-08 14:59:00
13078,1,43,12432.28,289.1227906976744,96,365,0.05789473684210526,2010-12-08 09:07:00
13079,4,5,220.10000000000002,44.02,2,136,0.0,2011-07-22 14:41:00
13080,179,1,58.08,58.08,6,0,0.0,2011-06-13 14:59:00
13081,1,21,27964.48,1331.6419047619047,511,369,0.03122043519394513,2010-12-03 17:20:00
13082,126,10,3595.48,359.548,63,212,0.02666666666666667,2011-01-05 15:42:00
13083,4,2,303.75,151.875,15,71,0.0,2011-09-25 10:46:00
13085,158,3,272.38,90.79333333333334,17,137,0.2413793103448276,2011-02-17 13:57:00
13089,3,118,57385.88,486.3210169491525,636,366,0.0210016155088853,2010-12-05 10:27:00
13090,9,18,8689.39,482.7438888888889,98,364,0.037267080745341616,2010-12-02 07:48:00
13091,21,2,319.82,159.91,21,7,0.125,2011-11-11 15:54:00
13092,71,6,459.83,76.63833333333334,19,288,0.038461538461538464,2010-12-15 12:27:00
13093,267,13,7741.47,595.4976923076923,99,106,0.06470588235294118,2010-12-01 15:00:00
13094,21,16,1708.8600000000001,106.80375000000001,4,347,0.2,2010-12-06 10:34:00
13095,71,1,74.39999999999999,74.39999999999999,6,0,0.0,2011-09-30 12:03:00
13097,33,14,5893.32,420.95142857142855,215,327,0.032036613272311214,2010-12-14 15:13:00
13098,1,41,28658.88,698.9970731707317,163,316,0.05454545454545454,2011-01-26 13:46:00
13099,99,1,207.35999999999999,207.35999999999999,1,0,0.0,2011-09-01 17:40:00
13101,234,1,101.19,101.19,8,0,0.0,2011-04-19 14:37:00
13102,1,27,6336.29,234.6774074074074,141,363,0.01935483870967742,2010-12-09 13:38:00
13103,40,1,243.94,243.94,8,0,0.0,2011-10-31 09:38:00
13104,3,6,1098.48,183.08,14,351,0.0,2010-12-20 11:58:00
13106,129,2,59.5,29.75,1,4,0.5,2011-07-29 15:12:00
13107,44,5,1524.07,304.81399999999996,54,289,0.03333333333333333,2011-01-10 12:28:00
13108,373,1,350.06,350.06,10,0,0.0,2010-12-02 10:35:00
13109,3,5,766.84,153.368,41,154,0.06,2011-07-05 14:56:00
13110,31,8,1452.8700000000001,181.60875000000001,109,279,0.00684931506849315,2011-02-01 15:24:00
13113,1,40,10510.0,262.75,113,365,0.2831541218637993,2010-12-08 13:07:00
13115,9,14,2205.63,157.54500000000002,92,357,0.09090909090909091,2010-12-08 15:01:00
13116,117,2,485.19,242.595,30,21,0.03225806451612903,2011-07-24 14:33:00
13117,22,8,984.91,123.11375,66,350,0.0,2010-12-02 13:11:00
13118,20,7,1125.0,160.71428571428572,68,269,0.036585365853658534,2011-02-24 09:59:00
13120,239,1,30.599999999999998,30.599999999999998,1,0,0.0,2011-04-15 10:19:00
13121,269,2,254.73,127.365,50,0,0.05660377358490566,2011-03-15 16:47:00
13122,94,2,922.39,461.195,54,146,0.0,2011-04-13 14:12:00
13124,90,3,3866.33,1288.7766666666666,185,269,0.0,2010-12-15 15:00:00
13126,5,10,2056.29,205.629,124,361,0.014084507042253521,2010-12-08 11:42:00
13127,78,1,259.17,259.17,15,0,0.0,2011-09-23 10:26:00
13130,94,1,64.0,64.0,2,0,0.0,2011-09-06 15:30:00
13131,23,4,1039.3,259.825,30,164,0.043478260869565216,2011-06-05 10:54:00
13132,262,1,77.3,77.3,3,0,0.0,2011-03-23 12:44:00
13133,274,2,109.8,54.9,7,30,0.0,2011-02-08 15:48:00
13134,73,7,1740.63,248.6614285714286,94,167,0.06666666666666667,2011-04-13 12:57:00
13135,197,1,3096.0,3096.0,1,0,0.0,2011-05-27 10:52:00
13136,50,11,2545.38,231.39818181818183,97,315,0.08633093525179857,2010-12-09 15:34:00
13137,11,9,3605.08,400.56444444444446,346,298,0.0014184397163120568,2011-02-04 11:54:00
13138,22,6,962.39,160.39833333333334,31,350,0.0,2010-12-02 15:03:00
13139,16,8,5055.79,631.97375,132,243,0.022988505747126436,2011-03-25 11:57:00
13140,108,3,423.72,141.24,40,258,0.0,2010-12-08 15:12:00
13141,85,6,2385.8,397.6333333333334,113,230,0.007352941176470588,2011-01-28 13:04:00
13142,19,1,307.09,307.09,23,0,0.0,2011-11-20 16:07:00
13144,333,1,110.95,110.95,3,0,0.0,2011-01-11 11:15:00
13145,40,5,614.77,122.954,5,332,0.14285714285714285,2010-12-02 18:06:00
13146,26,1,228.91,228.91,16,0,0.0,2011-11-13 15:29:00
13147,10,4,712.8000000000001,178.20000000000002,1,89,0.0,2011-09-01 12:28:00
13148,29,17,3348.48,196.96941176470588,238,335,0.08069164265129683,2010-12-10 13:06:00
13149,14,4,1676.06,419.015,76,274,0.0,2011-02-23 13:57:00
13151,203,2,1250.3700000000001,625.1850000000001,73,92,0.013333333333333334,2011-02-17 12:29:00
13153,6,1,486.22,486.22,15,0,0.0,2011-12-04 12:14:00
13154,144,1,0.01,0.01,1,0,1.0,2011-07-18 15:21:00
13155,33,4,971.76,242.94,67,335,0.0,2010-12-06 12:44:00
13157,49,5,1721.57,344.31399999999996,69,248,0.02247191011235955,2011-02-14 14:03:00
13158,95,4,1201.06,300.265,59,224,0.0,2011-01-25 09:58:00
13159,9,5,1379.75,275.95,114,106,0.00819672131147541,2011-08-16 11:44:00
13160,22,1,91.8,91.8,4,0,0.0,2011-11-17 13:07:00
13161,313,1,112.75,112.75,8,0,0.0,2011-01-30 14:03:00
13162,122,5,1644.99,328.998,74,212,0.036585365853658534,2011-01-09 10:43:00
13165,46,2,1021.48,510.74,40,305,0.0,2010-12-23 14:06:00
13166,282,2,414.7,207.35,39,0,0.023809523809523808,2011-03-01 15:16:00
13167,19,4,791.33,197.8325,51,125,0.0,2011-07-19 12:13:00
13168,36,5,1310.14,262.028,102,281,0.015037593984962405,2011-01-25 13:55:00
13169,64,2,712.88,356.44,11,188,0.0,2011-04-01 14:24:00
13170,27,1,116.00999999999999,116.00999999999999,29,0,0.0,2011-11-13 12:19:00
13171,8,5,426.81,85.362,37,291,0.041666666666666664,2011-02-13 14:16:00
13173,4,2,353.65,176.825,41,363,0.0,2010-12-07 14:30:00
13174,16,3,2817.03,939.0100000000001,228,352,0.0,2010-12-05 16:24:00
13176,46,1,492.84,492.84,66,0,0.0,2011-10-24 15:43:00
13177,65,1,282.45,282.45,17,0,0.0,2011-10-06 09:56:00
13178,26,11,5725.47,520.4972727272727,95,334,0.0,2010-12-14 12:22:00
13182,45,1,121.18,121.18,11,0,0.0,2011-10-25 13:46:00
13183,8,9,3957.78,439.75333333333333,51,326,0.0,2011-01-09 10:50:00
13184,15,12,1648.79,137.39916666666667,138,275,0.01092896174863388,2011-02-22 17:25:00
13185,268,1,71.4,71.4,1,0,0.0,2011-03-17 11:56:00
13186,40,5,1539.69,307.938,69,89,0.05952380952380952,2011-08-03 09:09:00
13187,337,1,236.02,236.02,37,0,0.0,2011-01-06 18:57:00
13188,11,1,114.60000000000001,114.60000000000001,2,0,0.0,2011-11-28 15:28:00
13189,19,2,260.68,130.34,29,96,0.0,2011-08-16 13:12:00
13192,95,2,911.94,455.97,57,109,0.0,2011-05-18 14:57:00
13193,61,1,117.88,117.88,22,0,0.0,2011-10-09 14:30:00
13194,136,1,60.7,60.7,3,0,0.0,2011-07-27 09:01:00
13196,11,4,1797.78,449.445,97,250,0.0,2011-03-22 14:24:00
13198,10,8,3384.09,423.01125,200,351,0.013100436681222707,2010-12-13 09:29:00
13199,4,39,9803.96,251.3835897435897,48,363,0.008333333333333333,2010-12-08 10:51:00
13200,19,4,870.09,217.5225,42,107,0.0,2011-08-05 14:50:00
13203,10,4,869.46,217.365,56,232,0.0,2011-04-11 14:40:00
13207,15,2,250.26000000000002,125.13000000000001,7,135,0.0,2011-07-12 11:35:00
13208,59,7,1205.9,172.27142857142857,124,250,0.006666666666666667,2011-02-03 19:32:00
13209,30,11,5820.16,529.1054545454546,255,331,0.0243161094224924,2010-12-13 10:31:00
13210,94,1,353.48,353.48,22,0,0.0,2011-09-07 08:18:00
13211,10,3,1197.42,399.14000000000004,45,350,0.0,2010-12-13 16:17:00
13212,9,4,780.58,195.145,128,52,0.006993006993006993,2011-10-09 14:48:00
13213,57,6,1518.43,253.0716666666667,82,142,0.021739130434782608,2011-05-24 12:22:00
13216,268,1,333.74,333.74,5,0,0.0,2011-03-17 12:18:00
13217,122,5,133.62,26.724,3,34,0.42857142857142855,2011-07-06 12:08:00
13218,127,1,62.63999999999999,62.63999999999999,5,0,0.0,2011-08-04 16:59:00
13220,78,4,819.2900000000001,204.82250000000002,18,158,0.0,2011-04-17 10:59:00
13221,240,2,847.41,423.705,62,119,0.0,2010-12-15 13:24:00
13223,200,2,163.20000000000002,81.60000000000001,5,31,0.0,2011-04-21 15:16:00
13224,60,3,2150.85,716.9499999999999,101,91,0.009174311926605505,2011-07-11 14:10:00
13225,3,8,6083.04,760.38,23,358,0.058823529411764705,2010-12-13 09:49:00
13226,273,1,108.21000000000001,108.21000000000001,16,0,0.0,2011-03-11 14:35:00
13227,202,1,257.7,257.7,9,0,0.0,2011-05-22 11:47:00
13228,81,1,358.0,358.0,2,0,0.0,2011-09-19 14:28:00
13229,226,1,160.95,160.95,10,0,0.0,2011-04-28 12:07:00
13230,4,15,2763.41,184.22733333333332,393,360,0.0016339869281045752,2010-12-09 19:28:00
13232,13,7,1357.6,193.94285714285712,147,230,0.0,2011-04-10 13:48:00
13233,74,2,605.12,302.56,43,261,0.0,2011-01-07 14:49:00
13235,212,2,101.17000000000007,50.585000000000036,54,0,0.01694915254237288,2011-05-11 17:13:00
13236,25,3,727.27,242.42333333333332,34,82,0.07692307692307693,2011-08-25 08:58:00
13238,11,5,680.83,136.166,20,349,0.03125,2010-12-14 14:37:00
13239,262,1,329.56,329.56,21,0,0.0,2011-03-23 10:25:00
13240,96,4,663.65,165.9125,59,269,0.0,2010-12-09 12:49:00
13242,112,3,270.40000000000003,90.13333333333334,12,101,0.0,2011-05-10 12:26:00
13243,203,1,600.07,600.07,56,0,0.0,2011-05-20 13:14:00
13244,93,1,121.74000000000001,121.74000000000001,27,0,0.0,2011-09-08 11:46:00
13245,51,1,430.5,430.5,16,0,0.0,2011-10-20 11:40:00
13246,18,7,1922.1,274.5857142857143,110,312,0.013986013986013986,2011-01-13 13:36:00
13247,18,4,501.12,125.28,18,64,0.0,2011-09-18 11:31:00
13248,125,2,465.68,232.84,25,64,0.0,2011-06-03 13:05:00
13249,92,3,711.41,237.13666666666666,21,168,0.0,2011-03-23 15:26:00
13253,157,2,1030.4,515.2,35,182,0.0,2011-01-04 15:43:00
13255,4,3,390.66,130.22,13,369,0.07142857142857142,2010-12-01 11:58:00
13258,12,3,698.58,232.86,28,193,0.0,2011-05-18 13:11:00
13259,62,1,292.32,292.32,77,0,0.0,2011-10-09 10:48:00
13260,61,1,557.62,557.62,8,0,0.0,2011-10-09 13:21:00
13261,269,2,944.1,472.05,8,17,0.0,2011-02-27 10:41:00
13262,263,1,200.29,200.29,11,0,0.0,2011-03-21 15:06:00
13263,1,35,7454.07,212.97342857142857,450,323,0.0,2011-01-18 16:31:00
13265,53,5,2107.66,421.532,66,220,0.0,2011-03-11 09:54:00
13266,11,19,3717.67,195.66684210526316,83,347,0.07425742574257425,2010-12-15 16:56:00
13267,3,27,4404.44,163.1274074074074,88,364,0.05803571428571429,2010-12-08 09:20:00
13268,18,15,3167.64,211.176,257,249,0.015659955257270694,2011-03-17 13:20:00
13269,1,17,5315.92,312.7011764705882,178,368,0.0125,2010-12-05 11:51:00
13270,366,1,590.0,590.0,1,0,0.0,2010-12-08 14:53:00
13271,37,2,178.26,89.13,79,0,0.04950495049504951,2011-11-02 14:31:00
13272,31,2,276.56,138.28,15,58,0.0,2011-09-11 12:06:00
13273,113,1,138.98,138.98,16,0,0.0,2011-08-18 14:02:00
13276,64,2,590.9300000000001,295.46500000000003,30,36,0.0,2011-09-01 10:03:00
13277,16,4,258.4,64.6,5,117,0.0,2011-07-29 10:06:00
13278,41,1,542.73,542.73,46,0,0.0,2011-10-30 11:49:00
13279,64,2,126.30000000000001,63.150000000000006,9,14,0.18181818181818182,2011-09-22 17:24:00
13280,122,3,814.86,271.62,67,214,0.0,2011-01-06 17:10:00
13282,18,6,1047.8400000000001,174.64000000000001,30,202,0.075,2011-05-03 12:03:00
13283,60,2,93.66,46.83,7,125,0.0,2011-06-07 12:39:00
13284,323,2,196.15,98.075,13,8,0.07142857142857142,2011-01-13 09:23:00
13285,23,4,2709.12,677.28,157,266,0.0,2011-02-22 17:13:00
13291,156,1,361.11,361.11,41,0,0.0,2011-07-07 10:36:00
13292,39,2,578.9399999999999,289.46999999999997,29,245,0.0,2011-02-28 15:00:00
13294,190,2,873.74,436.87,48,59,0.0,2011-04-04 12:37:00
13295,360,2,197.95000000000002,98.97500000000001,11,12,0.09090909090909091,2010-12-02 17:36:00
13296,137,1,87.4,87.4,5,0,0.0,2011-07-25 13:46:00
13297,8,4,2089.85,522.4625,52,59,0.0,2011-10-03 15:08:00
13298,1,1,360.0,360.0,2,0,0.0,2011-12-08 13:11:00
13299,268,1,142.5,142.5,5,0,0.0,2011-03-16 12:55:00
13300,165,2,365.29,182.645,20,4,0.09090909090909091,2011-06-23 13:09:00
13301,104,4,618.09,154.5225,75,188,0.0,2011-02-20 13:13:00
13302,155,1,63.75,63.75,1,0,0.0,2011-07-07 17:56:00
13304,351,1,300.42,300.42,21,0,0.0,2010-12-23 14:35:00
13305,4,10,2000.86,200.08599999999998,50,368,0.0,2010-12-02 12:10:00
13307,120,1,15.0,15.0,1,0,0.0,2011-08-11 17:14:00
13308,23,4,1367.6100000000001,341.90250000000003,49,180,0.05263157894736842,2011-05-20 13:13:00
13309,7,5,1456.79,291.358,82,301,0.0,2011-02-04 12:29:00
13310,9,6,1083.63,180.60500000000002,65,315,0.06493506493506493,2011-01-19 14:50:00
13311,4,2,598.57,299.285,25,145,0.0,2011-07-12 14:26:00
13313,22,5,1555.32,311.06399999999996,47,317,0.0,2011-01-04 10:00:00
13314,2,4,578.66,144.665,55,72,0.17333333333333334,2011-09-27 10:20:00
13316,37,5,5815.49,1163.098,67,217,0.011363636363636364,2011-03-30 13:01:00
13317,64,9,2140.07,237.78555555555556,101,294,0.08148148148148149,2010-12-16 09:22:00
13318,1,3,640.76,213.58666666666667,14,36,0.0,2011-11-02 13:26:00
13319,5,36,10664.34,296.2316666666667,211,362,0.048,2010-12-07 11:47:00
13320,70,6,1491.7,248.61666666666667,77,143,0.03636363636363636,2011-05-10 10:29:00
13321,72,2,567.36,283.68,10,14,0.0,2011-09-14 15:18:00
13322,17,1,199.48000000000002,199.48000000000002,25,0,0.0,2011-11-22 14:21:00
13323,3,5,787.85,157.57,6,81,0.0,2011-09-16 13:23:00
13324,32,12,7072.8,589.4,25,328,0.025974025974025976,2010-12-14 09:50:00
13325,82,1,675.3,675.3,12,0,0.0,2011-09-19 10:36:00
13327,39,9,3617.57,401.95222222222225,74,326,0.009174311926605505,2010-12-09 15:32:00
13328,316,1,1308.48,1308.48,17,0,0.0,2011-01-27 15:22:00
13329,32,4,740.4,185.1,16,335,0.10526315789473684,2010-12-08 10:11:00
13330,93,3,1140.93,380.31,37,223,0.0,2011-01-28 10:08:00
13332,14,1,350.9,350.9,21,0,0.0,2011-11-25 13:30:00
13334,82,3,3536.82,1178.94,207,223,0.0,2011-02-07 11:42:00
13336,77,1,795.12,795.12,51,0,0.0,2011-09-23 14:05:00
13338,154,3,431.82,143.94,19,3,0.20833333333333334,2011-07-05 09:06:00
13339,201,1,860.12,860.12,54,0,0.0,2011-05-23 08:31:00
13340,45,7,10736.48,1533.782857142857,128,231,0.0,2011-03-08 11:39:00
13341,261,1,775.85,775.85,42,0,0.0,2011-03-24 09:50:00
13343,173,2,303.93,151.965,19,4,0.13636363636363635,2011-06-15 12:24:00
13344,68,3,2543.72,847.9066666666666,115,209,0.0,2011-03-07 10:28:00
13345,277,2,377.6,188.8,20,10,0.09090909090909091,2011-02-25 09:01:00
13347,70,1,341.36,341.36,8,0,0.0,2011-09-30 13:28:00
13348,64,1,233.76,233.76,14,0,0.0,2011-10-06 17:28:00
13349,11,1,247.32,247.32,16,0,0.0,2011-11-29 08:07:00
13350,16,3,910.72,303.5733333333333,36,63,0.06976744186046512,2011-09-21 13:33:00
13351,66,1,373.94,373.94,16,0,0.0,2011-10-04 12:55:00
13352,8,2,389.28,194.64,24,52,0.1111111111111111,2011-10-10 13:55:00
13354,71,1,743.53,743.53,51,0,0.0,2011-09-29 13:17:00
13355,122,1,674.7,674.7,32,0,0.0,2011-08-09 14:48:00
13356,80,1,768.24,768.24,42,0,0.0,2011-09-20 14:33:00
13357,257,1,609.95,609.95,85,0,0.0,2011-03-27 13:56:00
13358,269,1,439.03,439.03,29,0,0.0,2011-03-16 11:52:00
13359,59,2,431.26,215.63,23,4,0.041666666666666664,2011-10-07 09:30:00
13362,3,5,3085.4900000000002,617.0980000000001,128,284,0.01775147928994083,2011-02-25 11:33:00
13363,18,2,992.5,496.25,47,26,0.0,2011-10-27 10:46:00
13364,67,2,0.01,0.01,10,4,0.5,2011-09-29 18:13:00
13365,9,3,2191.22,730.4066666666666,122,208,0.030303030303030304,2011-05-06 12:00:00
13366,50,1,56.160000000000004,56.160000000000004,1,0,0.0,2011-10-20 13:37:00
13368,257,2,623.4,311.7,29,80,0.0,2011-01-06 12:32:00
13369,354,2,263.75,131.875,14,11,0.2631578947368421,2010-12-09 11:30:00
13370,366,2,721.32,360.66,39,5,0.11363636363636363,2010-12-03 10:26:00
13372,90,1,378.64,378.64,23,0,0.0,2011-09-11 12:46:00
13373,61,3,3312.25,1104.0833333333333,135,215,0.0,2011-03-08 14:35:00
13375,81,2,772.9,386.45,37,7,0.02631578947368421,2011-09-12 10:19:00
13376,99,3,1019.76,339.92,45,135,0.0,2011-04-19 13:03:00
13379,26,3,572.56,190.85333333333332,85,110,0.0,2011-07-26 12:26:00
13381,21,7,3626.81,518.1157142857143,77,277,0.005780346820809248,2011-02-14 10:10:00
13382,281,1,222.99,222.99,15,0,0.0,2011-03-04 10:03:00
13384,31,9,4122.28,458.0311111111111,123,147,0.01935483870967742,2011-06-14 12:47:00
13385,330,1,534.57,534.57,35,0,0.0,2011-01-14 09:52:00
13388,121,3,627.15,209.04999999999998,35,10,0.027777777777777776,2011-07-31 12:52:00
13389,11,3,797.96,265.9866666666667,50,221,0.0,2011-04-21 12:12:00
13390,75,1,544.08,544.08,13,0,0.0,2011-09-26 08:38:00
13391,204,1,59.8,59.8,1,0,0.0,2011-05-20 10:50:00
13394,2,10,2312.8,231.28000000000003,126,308,0.054878048780487805,2011-02-03 10:39:00
13395,185,1,307.72,307.72,21,0,0.0,2011-06-07 15:04:00
13396,22,4,1325.29,331.3225,42,297,0.0851063829787234,2011-01-24 13:37:00
13397,73,6,1539.18,256.53000000000003,28,266,0.02564102564102564,2011-01-04 13:50:00
13398,192,1,457.34,457.34,26,0,0.0,2011-05-31 13:17:00
13402,127,2,621.23,310.615,32,244,0.0,2010-12-02 17:12:00
13403,18,1,75.0,75.0,3,0,0.0,2011-11-22 08:28:00
13404,1,2,252.49,126.245,11,211,0.0,2011-05-11 11:57:00
13405,74,3,572.451,190.817,25,243,0.0,2011-01-26 09:27:00
13408,2,81,27487.41,339.3507407407407,236,371,0.04590818363273453,2010-12-01 10:39:00
13410,9,7,988.91,141.27285714285713,15,282,0.06666666666666667,2011-02-21 14:38:00
13411,107,1,213.55,213.55,17,0,0.0,2011-08-24 13:57:00
13414,134,3,1390.5,463.5,23,162,0.0,2011-02-16 12:13:00
13416,44,2,712.5,356.25,11,37,0.0,2011-09-19 14:43:00
13417,5,2,640.83,320.415,26,200,0.0,2011-05-18 16:26:00
13418,12,23,5845.44,254.14956521739128,223,360,0.03184713375796178,2010-12-02 10:45:00
13419,64,1,221.06,221.06,16,0,0.0,2011-10-07 12:49:00
13420,135,4,140.35,35.0875,8,36,0.2,2011-06-22 11:35:00
13421,40,3,1848.98,616.3266666666667,89,249,0.009523809523809525,2011-02-22 15:46:00
13422,51,2,2601.55,1300.775,127,13,0.0078125,2011-10-06 13:42:00
13425,108,3,1624.21,541.4033333333333,66,186,0.0,2011-02-18 08:34:00
13426,1,12,3550.7000000000003,295.8916666666667,104,358,0.012578616352201259,2010-12-15 12:43:00
13427,19,3,582.6,194.20000000000002,25,195,0.0,2011-05-08 15:58:00
13428,10,1,218.47,218.47,70,0,0.0,2011-11-29 14:20:00
13429,11,4,1006.8,251.7,55,64,0.0,2011-09-25 15:59:00
13430,19,4,648.6899999999999,162.17249999999999,49,67,0.09259259259259259,2011-09-14 14:26:00
13431,67,2,1269.1,634.55,44,21,0.0,2011-09-12 11:25:00
13434,74,2,534.24,267.12,9,22,0.0,2011-09-04 10:35:00
13435,5,9,3794.4900000000002,421.61,68,183,0.019417475728155338,2011-06-03 17:07:00
13436,2,1,196.89,196.89,12,0,0.0,2011-12-08 10:33:00
13437,14,7,3408.06,486.86571428571426,143,175,0.0,2011-06-02 14:30:00
13439,255,1,283.71,283.71,54,0,0.0,2011-03-29 14:20:00
13441,92,1,296.64,296.64,13,0,0.0,2011-09-09 09:38:00
13447,23,4,1104.23,276.0575,55,12,0.04838709677419355,2011-11-04 10:10:00
13448,17,10,3465.67,346.567,137,357,0.020100502512562814,2010-12-01 10:52:00
13449,24,1,291.88,291.88,19,0,0.0,2011-11-16 08:28:00
13450,27,6,2043.7199999999998,340.61999999999995,32,191,0.0,2011-05-05 19:48:00
13451,26,6,2916.45,486.075,315,308,0.0022522522522522522,2011-01-09 15:35:00
13452,259,2,590.0,295.0,1,11,0.0,2011-03-14 11:38:00
13453,166,2,356.97999999999996,178.48999999999998,16,123,0.0,2011-02-23 09:44:00
13455,25,4,1007.35,251.8375,42,341,0.1320754716981132,2010-12-08 13:11:00
13456,18,7,1737.8200000000002,248.26000000000002,43,189,0.03076923076923077,2011-05-16 15:34:00
13458,7,22,9537.92,433.5418181818182,242,352,0.030456852791878174,2010-12-15 12:05:00
13460,29,2,183.44,91.72,16,20,0.0,2011-10-21 09:50:00
13461,39,3,1445.0,481.6666666666667,14,124,0.0,2011-06-29 10:23:00
13462,183,2,143.25,71.625,9,69,0.1,2011-04-01 11:20:00
13464,58,1,674.68,674.68,41,0,0.0,2011-10-12 15:01:00
13466,100,2,297.95,148.975,17,83,0.05555555555555555,2011-06-08 16:39:00
13467,11,2,1083.71,541.855,89,25,0.0,2011-11-03 16:56:00
13468,2,41,5656.75,137.96951219512195,184,371,0.013071895424836602,2010-12-01 15:08:00
13470,99,2,165.0,82.5,7,15,0.0,2011-08-16 17:06:00
13471,1,4,2531.58,632.895,214,46,0.0,2011-10-23 13:10:00
13473,61,3,417.54,139.18,21,272,0.045454545454545456,2011-01-11 08:45:00
13474,236,1,229.59,229.59,59,0,0.0,2011-04-17 13:53:00
13475,191,4,1431.78,357.945,64,107,0.0,2011-02-14 12:36:00
13476,179,4,1092.77,273.1925,56,102,0.04918032786885246,2011-03-03 14:43:00
13477,38,8,1441.53,180.19125,57,253,0.024691358024691357,2011-02-21 12:29:00
13479,198,3,291.0,97.0,14,36,0.0625,2011-04-19 11:27:00
13481,46,8,1776.81,222.10125,98,322,0.026785714285714284,2010-12-06 15:12:00
13482,232,1,184.64,184.64,11,0,0.0,2011-04-21 17:03:00
13483,66,1,140.34,140.34,10,0,0.0,2011-10-05 11:53:00
13484,241,1,313.8,313.8,8,0,0.0,2011-04-12 16:30:00
13485,233,1,454.24,454.24,23,0,0.0,2011-04-20 13:58:00
13486,78,3,1122.41,374.1366666666667,69,76,0.0,2011-07-07 17:19:00
13487,58,3,575.4,191.79999999999998,26,295,0.0,2010-12-21 14:54:00
13488,17,17,8910.61,524.1535294117648,272,350,0.0117096018735363,2010-12-07 13:01:00
13489,105,4,449.52,112.38,11,189,0.0,2011-02-18 10:42:00
13491,52,10,1215.82,121.582,73,320,0.0,2010-12-02 14:30:00
13492,136,3,1269.84,423.28,38,78,0.0,2011-05-09 10:06:00
13493,275,2,618.63,309.315,6,11,0.0,2011-02-25 16:42:00
13494,312,1,316.26000000000005,316.26000000000005,18,0,0.0,2011-02-01 11:58:00
13495,8,6,1990.1200000000001,331.68666666666667,34,360,0.07692307692307693,2010-12-06 15:14:00
13496,11,3,617.93,205.97666666666666,28,349,0.027777777777777776,2010-12-15 10:17:00
13497,283,3,321.05,107.01666666666667,19,85,0.05,2010-12-06 11:37:00
13499,18,7,1146.96,163.85142857142858,31,252,0.06666666666666667,2011-03-15 08:52:00
13500,23,4,1136.77,284.1925,60,99,0.029850746268656716,2011-08-09 12:20:00
13501,243,2,1310.47,655.235,52,45,0.018867924528301886,2011-02-24 18:59:00
13502,17,3,292.0,97.33333333333333,17,307,0.0,2011-01-20 09:03:00
13503,71,1,216.85,216.85,17,0,0.0,2011-09-29 13:23:00
13504,64,1,295.93,295.93,22,0,0.0,2011-10-06 13:20:00
13505,68,8,4282.88,535.36,182,165,0.05286343612334802,2011-04-21 12:07:00
13506,312,3,452.82,150.94,26,57,0.10344827586206896,2010-12-05 12:15:00
13507,3,4,2479.16,619.79,146,142,0.0,2011-07-17 11:50:00
13508,244,1,110.97,110.97,12,0,0.0,2011-04-10 11:58:00
13509,9,7,979.72,139.96,27,275,0.0,2011-02-28 13:27:00
13510,1,5,1785.16,357.03200000000004,86,182,0.017094017094017096,2011-06-09 09:32:00
13512,261,1,251.21,251.21,15,0,0.0,2011-03-24 10:03:00
13513,127,1,205.1,205.1,10,0,0.0,2011-08-05 11:50:00
13514,74,1,152.20000000000002,152.20000000000002,4,0,0.0,2011-09-27 09:39:00
13515,73,4,891.12,222.78,50,175,0.0,2011-04-06 10:33:00
13516,21,3,1389.41,463.1366666666667,43,217,0.0,2011-04-15 11:06:00
13517,60,5,2109.07,421.814,125,120,0.013986013986013986,2011-06-13 08:44:00
13518,86,1,659.4399999999999,659.4399999999999,36,0,0.0,2011-09-15 10:29:00
13519,50,2,110.80000000000001,55.400000000000006,8,27,0.1111111111111111,2011-09-22 18:24:00
13520,59,8,3487.75,435.96875,49,312,0.021052631578947368,2010-12-03 10:36:00
13521,1,3,1093.65,364.55,313,8,0.0,2011-11-29 15:09:00
13522,30,1,125.80000000000001,125.80000000000001,5,0,0.0,2011-11-09 15:11:00
13523,33,6,3755.38,625.8966666666666,157,333,0.02824858757062147,2010-12-08 14:22:00
13524,41,5,680.1800000000001,136.036,17,179,0.0,2011-05-04 12:26:00
13525,15,2,628.78,314.39,5,233,0.0,2011-04-05 15:36:00
13527,34,8,2263.76,282.97,153,293,0.004464285714285714,2011-01-17 11:17:00
13529,79,2,307.76,153.88,15,125,0.0,2011-05-19 11:50:00
13531,205,2,483.8,241.9,17,161,0.0,2010-12-08 15:03:00
13532,34,1,210.31,210.31,66,0,0.0,2011-11-06 12:25:00
13533,183,3,270.79,90.26333333333334,61,84,0.0,2011-03-17 12:47:00
13534,2,43,5613.08,130.53674418604652,119,355,0.13450292397660818,2010-12-16 15:23:00
13536,1,7,3448.29,492.61285714285714,91,74,0.0,2011-09-25 13:30:00
13538,43,7,1280.85,182.97857142857143,10,272,0.0,2011-01-28 10:40:00
13539,86,4,605.84,151.46,36,223,0.02631578947368421,2011-02-03 15:23:00
13544,40,2,291.41,145.705,76,200,0.0,2011-04-13 12:09:00
13546,12,3,626.99,208.99666666666667,72,188,0.0,2011-05-23 12:14:00
13548,96,2,682.41,341.205,114,147,0.0,2011-04-10 11:35:00
13549,26,8,916.12,114.515,37,216,0.019230769230769232,2011-04-11 13:42:00
13551,319,1,91.80000000000001,91.80000000000001,4,0,0.0,2011-01-24 14:46:00
13552,66,16,3539.53,221.220625,82,249,0.09917355371900827,2011-01-28 10:10:00
13555,74,4,4149.28,1037.32,128,128,0.0,2011-05-22 11:06:00
13557,28,2,584.06,292.03,31,252,0.0,2011-03-04 12:14:00
13558,6,4,605.06,151.265,123,62,0.0,2011-10-02 13:01:00
13560,7,1,174.37,174.37,32,0,0.0,2011-12-02 13:11:00
13561,216,1,141.85999999999999,141.85999999999999,14,0,0.0,2011-05-08 12:39:00
13562,82,3,1799.33,599.7766666666666,50,163,0.0,2011-04-08 12:42:00
13563,84,2,777.53,388.765,49,55,0.0,2011-07-22 17:21:00
13564,144,5,647.74,129.548,68,223,0.023529411764705882,2010-12-06 17:26:00
13565,19,2,240.22,120.11,35,315,0.0,2011-01-09 14:28:00
13566,41,2,874.71,437.355,134,41,0.0,2011-09-18 12:40:00
13568,173,1,192.85,192.85,41,0,0.0,2011-06-19 14:42:00
13569,17,2,373.75,186.875,73,350,0.0,2010-12-07 12:29:00
13570,243,1,239.49,239.49,27,0,0.0,2011-04-10 13:36:00
13571,13,12,2092.32,174.36,157,240,0.0,2011-03-31 12:43:00
13572,206,1,1384.25,1384.25,32,0,0.0,2011-05-18 11:59:00
13573,50,2,294.4,147.2,24,202,0.0,2011-03-31 14:47:00
13575,23,5,732.0699999999999,146.414,41,152,0.0,2011-06-16 14:24:00
13576,10,20,6703.3,335.165,78,362,0.03076923076923077,2010-12-01 17:24:00
13577,25,5,1658.3,331.65999999999997,61,216,0.023529411764705882,2011-04-12 10:33:00
13579,15,2,467.04,233.52,19,354,0.0,2010-12-05 16:10:00
13581,309,1,118.0,118.0,10,0,0.0,2011-02-03 14:41:00
13583,156,1,781.03,781.03,53,0,0.0,2011-07-07 10:40:00
13584,307,1,142.4,142.4,24,0,0.0,2011-02-06 12:49:00
13587,32,3,347.0,115.66666666666667,8,31,0.2727272727272727,2011-10-07 12:31:00
13588,16,13,2445.12,188.08615384615385,132,239,0.03333333333333333,2011-03-29 15:53:00
13589,15,2,379.65,189.825,21,164,0.0,2011-06-13 12:44:00
13590,11,7,1976.12,282.30285714285714,70,291,0.02247191011235955,2011-02-09 13:25:00
13591,65,3,1117.13,372.3766666666667,56,202,0.0,2011-03-18 12:18:00
13592,36,4,247.95999999999998,61.989999999999995,15,228,0.0,2011-03-20 14:01:00
13593,108,6,1990.28,331.7133333333333,77,227,0.007751937984496124,2011-01-07 16:32:00
13594,53,1,396.97,396.97,26,0,0.0,2011-10-18 10:19:00
13596,6,2,697.04,348.52,133,7,0.0,2011-11-27 11:57:00
13598,47,2,167.42000000000002,83.71000000000001,33,0,0.024390243902439025,2011-10-23 14:28:00
13599,1,33,5030.6,152.44242424242427,172,365,0.06439393939393939,2010-12-08 10:11:00
13600,312,1,219.52,219.52,19,0,0.0,2011-01-31 15:27:00
13601,45,2,693.32,346.66,90,166,0.0,2011-05-12 16:52:00
13602,65,1,428.89,428.89,23,0,0.0,2011-10-06 11:47:00
13603,26,1,164.34,164.34,27,0,0.0,2011-11-13 15:57:00
13606,29,3,280.53999999999996,93.51333333333332,40,282,0.0,2011-02-01 11:42:00
13607,40,1,678.01,678.01,93,0,0.0,2011-10-30 16:17:00
13610,12,9,1115.43,123.93666666666667,165,273,0.008771929824561403,2011-02-27 14:44:00
13611,89,4,1158.2,289.55,67,270,0.02631578947368421,2010-12-15 10:31:00
13614,24,4,1610.46,402.615,171,306,0.0,2011-01-13 12:37:00
13615,313,2,399.99,199.995,23,6,0.041666666666666664,2011-01-25 08:21:00
13617,40,3,544.18,181.39333333333332,31,140,0.0,2011-06-12 12:55:00
13618,174,1,177.34,177.34,13,0,0.0,2011-06-19 11:09:00
13621,117,1,213.85,213.85,19,0,0.0,2011-08-15 08:26:00
13623,31,7,672.44,96.06285714285715,78,266,0.05813953488372093,2011-02-15 12:55:00
13626,253,1,257.23,257.23,19,0,0.0,2011-04-01 10:05:00
13627,59,7,1624.02,232.00285714285715,84,298,0.02127659574468085,2010-12-17 09:52:00
13629,23,11,7792.36,708.3963636363636,28,315,0.0,2011-01-05 12:09:00
13630,5,11,1995.68,181.42545454545456,51,280,0.1125,2011-02-27 12:49:00
13631,100,12,3021.77,251.81416666666667,6,167,0.08333333333333333,2011-03-17 17:13:00
13632,25,6,2117.02,352.83666666666664,121,218,0.006802721088435374,2011-04-10 15:07:00
13634,33,5,1575.16,315.03200000000004,156,293,0.0,2011-01-16 15:30:00
13635,68,1,1071.03,1071.03,62,0,0.0,2011-10-03 10:55:00
13636,37,6,941.62,156.93666666666667,57,248,0.015625,2011-02-27 14:29:00
13637,52,3,810.5,270.1666666666667,79,174,0.0,2011-04-27 13:06:00
13638,16,1,122.64,122.64,8,0,0.0,2011-11-24 10:38:00
13639,74,1,1033.34,1033.34,39,0,0.0,2011-09-26 13:36:00
13642,216,1,354.8,354.8,57,0,0.0,2011-05-08 12:34:00
13643,31,3,519.44,173.14666666666668,24,154,0.0,2011-06-07 11:40:00
13644,9,5,2597.52,519.504,144,96,0.013513513513513514,2011-08-26 11:53:00
13645,120,1,252.1,252.1,5,0,0.0,2011-08-11 16:11:00
13647,10,5,1670.22,334.044,65,225,0.0125,2011-04-19 09:49:00
13649,257,2,346.6,173.3,23,109,0.0,2010-12-08 14:46:00
13650,17,7,1809.34,258.47714285714284,79,250,0.02040816326530612,2011-03-17 12:37:00
13651,35,2,94.2,47.1,6,4,0.0,2011-10-31 12:11:00
13652,46,3,1095.08,365.02666666666664,48,322,0.0,2010-12-06 09:21:00
13654,43,6,2707.33,451.22166666666664,157,230,0.0,2011-03-11 12:54:00
13655,114,2,932.97,466.485,52,127,0.0,2011-04-12 09:53:00
13656,165,2,379.65,189.825,49,172,0.0,2011-01-06 15:42:00
13657,11,2,382.14,191.07,16,190,0.0,2011-05-22 12:35:00
13658,10,7,2421.47,345.9242857142857,91,194,0.03571428571428571,2011-05-19 17:15:00
13659,197,3,1550.85,516.9499999999999,93,123,0.037037037037037035,2011-01-23 12:08:00
13662,86,7,879.08,125.58285714285715,50,173,0.08620689655172414,2011-03-25 13:23:00
13663,179,1,189.47,189.47,13,0,0.0,2011-06-13 15:44:00
13666,60,3,84.65,28.21666666666667,12,227,0.0,2011-02-25 13:05:00
13667,149,1,305.02,305.02,82,0,0.0,2011-07-13 15:42:00
13668,3,29,6216.07,214.34724137931033,286,359,0.06187624750499002,2010-12-12 12:35:00
13669,51,2,218.55,109.275,9,98,0.0,2011-07-13 11:44:00
13670,75,1,349.7,349.7,25,0,0.0,2011-09-25 15:25:00
13672,301,6,0.01,0.01,5,32,0.625,2011-01-10 12:02:00
13673,19,2,396.92,198.46,47,13,0.0,2011-11-07 15:40:00
13675,151,2,486.82000000000005,243.41000000000003,25,133,0.0,2011-02-28 12:14:00
13678,152,1,232.6,232.6,16,0,0.0,2011-07-11 10:14:00
13680,1,5,2202.31,440.462,164,337,0.09722222222222222,2011-01-04 14:12:00
13681,18,4,827.83,206.9575,37,137,0.0,2011-07-07 15:21:00
13682,187,1,59.5,59.5,3,0,0.0,2011-06-05 14:06:00
13684,286,2,64.23,32.115,29,0,0.03225806451612903,2011-02-27 10:13:00
13685,3,7,3119.44,445.63428571428574,29,57,0.0,2011-10-10 12:59:00
13686,183,1,72.0,72.0,8,0,0.0,2011-06-10 09:10:00
13689,63,1,910.0,910.0,6,0,0.0,2011-10-07 13:21:00
13690,59,1,172.25,172.25,9,0,0.0,2011-10-11 15:03:00
13692,25,5,1466.8700000000001,293.374,49,211,0.03636363636363636,2011-04-17 12:57:00
13693,325,2,0.01,0.01,4,0,1.0,2011-01-18 15:21:00
13694,4,60,62653.1,1044.2183333333332,369,369,0.02905982905982906,2010-12-01 12:12:00
13695,31,15,2504.13,166.942,46,228,0.0,2011-03-25 11:31:00
13697,39,1,151.29999999999998,151.29999999999998,12,0,0.0,2011-11-01 09:14:00
13699,155,1,308.58000000000004,308.58000000000004,14,0,0.0,2011-07-07 16:51:00
13700,26,10,2265.12,226.512,139,300,0.0,2011-01-16 13:18:00
13703,318,1,99.5,99.5,1,0,0.0,2011-01-25 13:10:00
13704,5,10,2295.31,229.531,111,83,0.007407407407407408,2011-09-12 14:40:00
13705,8,3,711.86,237.28666666666666,25,366,0.0,2010-12-01 10:29:00
13706,303,1,330.79,330.79,20,0,0.0,2011-02-10 09:21:00
13707,267,2,806.41,403.205,48,48,0.0,2011-01-28 13:27:00
13708,271,1,296.88,296.88,49,0,0.0,2011-03-13 13:46:00
13709,4,17,6249.110000000001,367.59470588235297,244,311,0.028901734104046242,2011-01-28 14:57:00
13710,32,1,180.48,180.48,8,0,0.0,2011-11-08 08:16:00
13711,219,2,252.06,126.03,11,0,0.0,2011-05-05 10:29:00
13712,247,1,228.84,228.84,10,0,0.0,2011-04-07 12:33:00
13715,281,8,1053.94,131.7425,89,91,0.027777777777777776,2010-12-02 08:52:00
13716,269,1,138.28,138.28,21,0,0.0,2011-03-15 13:49:00
13717,32,7,1432.26,204.60857142857142,92,266,0.009708737864077669,2011-02-14 13:21:00
13718,246,2,306.55,153.275,9,49,0.0,2011-02-17 11:58:00
13719,15,5,1041.68,208.336,56,219,0.0,2011-04-19 13:56:00
13720,117,4,799.9,199.975,42,138,0.0,2011-03-30 09:17:00
13721,36,1,524.14,524.14,28,0,0.0,2011-11-03 14:05:00
13722,120,4,2369.16,592.29,75,162,0.011627906976744186,2011-03-02 11:43:00
13723,217,1,199.85000000000002,199.85000000000002,6,0,0.0,2011-05-06 17:04:00
13725,50,11,1809.81,164.52818181818182,97,258,0.11864406779661017,2011-02-04 12:18:00
13726,39,2,1079.6599999999999,539.8299999999999,39,61,0.0,2011-08-31 11:06:00
13727,29,2,333.48,166.74,19,4,0.0,2011-11-06 12:16:00
13728,37,6,1016.14,169.35666666666665,38,273,0.0,2011-02-02 12:09:00
13730,136,2,752.6,376.3,38,25,0.0,2011-07-01 12:47:00
13731,219,2,610.59,305.295,36,27,0.0,2011-04-07 10:10:00
13732,28,1,491.86,491.86,33,0,0.0,2011-11-11 15:49:00
13735,25,8,2766.18,345.7725,161,209,0.057692307692307696,2011-04-19 12:40:00
13736,5,3,724.0,241.33333333333334,167,255,0.015463917525773196,2011-03-24 13:04:00
13737,200,1,339.59999999999997,339.59999999999997,29,0,0.0,2011-05-23 16:32:00
13739,18,1,216.9,216.9,3,0,0.0,2011-11-21 13:35:00
13740,241,1,350.75,350.75,23,0,0.0,2011-04-13 10:32:00
13741,72,4,666.33,166.5825,34,145,0.02857142857142857,2011-05-06 13:43:00
13742,17,14,3102.42,221.60142857142858,200,303,0.006191950464396285,2011-01-23 14:59:00
13743,3,8,1340.1499999999999,167.51874999999998,8,256,0.023809523809523808,2011-03-25 14:46:00
13744,95,2,1156.36,578.18,54,197,0.0,2011-02-20 14:08:00
13745,151,2,291.54,145.77,25,10,0.038461538461538464,2011-06-30 16:43:00
13747,374,1,79.6,79.6,1,0,0.0,2010-12-01 10:37:00
13748,96,5,948.25,189.65,24,278,0.0,2010-12-01 09:00:00
13750,54,5,1647.26,329.452,20,283,0.0,2011-01-07 11:49:00
13751,288,1,296.25,296.25,9,0,0.0,2011-02-24 15:56:00
13752,124,6,1186.28,197.71333333333334,64,122,0.0,2011-04-07 12:04:00
13753,288,1,741.26,741.26,35,0,0.0,2011-02-25 12:48:00
13754,152,2,282.59999999999997,141.29999999999998,11,165,0.0,2011-01-26 14:58:00
13755,4,10,2154.68,215.468,232,59,0.0029154518950437317,2011-10-07 15:45:00
13756,2,15,5145.12,343.008,66,365,0.006993006993006993,2010-12-07 11:41:00
13758,12,7,3190.55,455.79285714285714,104,361,0.0,2010-12-01 12:08:00
13759,33,2,659.4100000000001,329.70500000000004,24,37,0.0,2011-09-29 15:40:00
13760,54,2,286.79,143.395,50,202,0.0,2011-03-28 12:52:00
13761,50,2,1070.65,535.325,68,129,0.0,2011-06-13 08:43:00
13762,204,2,0.01,0.01,7,14,0.5,2011-05-05 09:15:00
13763,63,3,1689.46,563.1533333333333,17,107,0.11764705882352941,2011-06-21 17:40:00
13764,71,3,1521.76,507.25333333333333,183,266,0.0,2011-01-06 14:53:00
13767,2,52,16945.71,325.87903846153847,55,371,0.07769423558897243,2010-12-01 10:47:00
13769,2,16,2771.87,173.241875,73,365,0.055944055944055944,2010-12-07 13:28:00
13771,64,5,2631.7,526.3399999999999,114,182,0.008333333333333333,2011-04-06 15:47:00
13772,34,3,1132.13,377.3766666666667,141,205,0.0,2011-04-14 12:31:00
13774,82,1,345.0,345.0,22,0,0.0,2011-09-19 12:06:00
13777,1,41,25748.350000000002,628.008536585366,40,372,0.1004566210045662,2010-12-01 16:01:00
13778,103,1,178.7,178.7,9,0,0.0,2011-08-28 15:25:00
13780,7,2,360.01,180.005,56,163,0.0,2011-06-22 11:43:00
13781,251,1,127.84,127.84,17,0,0.0,2011-04-03 12:08:00
13782,13,6,912.0,152.0,96,315,0.0,2011-01-16 11:08:00
13784,10,11,2462.79,223.89,9,322,0.0,2011-01-11 14:38:00
13786,367,1,230.39999999999998,230.39999999999998,7,0,0.0,2010-12-07 13:53:00
13787,76,2,309.04,154.52,24,288,0.0,2010-12-10 14:45:00
13790,4,1,348.8,348.8,45,0,0.0,2011-12-05 15:48:00
13791,43,3,1047.68,349.2266666666667,7,124,0.35294117647058826,2011-06-24 16:38:00
13792,66,2,195.55,97.775,13,221,0.0,2011-02-25 14:03:00
13798,1,63,36351.42,577.0066666666667,115,370,0.20501138952164008,2010-12-02 17:24:00
13799,117,2,688.86,344.43,32,177,0.0,2011-02-18 14:18:00
13800,310,1,558.32,558.32,33,0,0.0,2011-02-03 12:27:00
13801,67,1,324.8,324.8,23,0,0.0,2011-10-04 10:15:00
13802,138,6,3906.27,651.045,57,222,0.09090909090909091,2010-12-14 09:54:00
13803,255,1,277.07,277.07,17,0,0.0,2011-03-29 12:57:00
13804,31,7,2635.79,376.5414285714286,124,259,0.0,2011-02-23 09:09:00
13805,52,2,924.6,462.3,10,76,0.0,2011-08-02 15:29:00
13806,64,1,256.38,256.38,10,0,0.0,2011-10-07 11:43:00
13807,367,1,112.6,112.6,7,0,0.0,2010-12-07 15:48:00
13808,6,5,1747.66,349.53200000000004,70,91,0.0,2011-09-04 12:07:00
13809,305,1,155.05,155.05,11,0,0.0,2011-02-07 13:15:00
13810,29,4,899.51,224.8775,32,27,0.027777777777777776,2011-10-14 12:57:00
13811,184,4,591.75,147.9375,7,55,0.07142857142857142,2011-04-14 18:40:00
13812,42,3,539.0,179.66666666666666,33,63,0.0,2011-08-26 12:54:00
13813,40,5,1353.41,270.682,54,95,0.028169014084507043,2011-07-28 10:33:00
13814,56,3,1562.12,520.7066666666666,37,81,0.017241379310344827,2011-07-25 13:54:00
13815,22,5,4014.91,802.982,132,296,0.005649717514124294,2011-01-25 12:16:00
13816,24,4,555.04,138.76,27,40,0.15151515151515152,2011-10-06 14:37:00
13817,29,2,382.98,191.49,20,322,0.0,2010-12-23 11:46:00
13819,302,3,1140.35,380.1166666666666,26,18,0.0,2011-01-24 10:38:00
13821,145,2,385.64,192.82,51,116,0.0,2011-03-23 11:30:00
13822,6,2,632.0,316.0,90,34,0.0,2011-10-30 15:55:00
13823,19,2,957.66,478.83,39,72,0.0,2011-09-09 10:42:00
13824,33,5,1698.94,339.788,34,277,0.0,2011-02-02 13:07:00
13826,158,2,174.65,87.325,11,18,0.16666666666666666,2011-06-16 13:48:00
13827,58,3,412.05,137.35,83,85,0.0,2011-07-19 15:38:00
13828,22,1,209.49,209.49,15,0,0.0,2011-11-17 16:02:00
13829,359,1,0.01,0.01,1,0,1.0,2010-12-15 16:36:00
13831,16,6,2202.99,367.16499999999996,58,353,0.0,2010-12-05 12:13:00
13832,18,2,40.949999999999996,20.474999999999998,3,1,0.25,2011-11-20 15:36:00
13833,159,1,384.8,384.8,28,0,0.0,2011-07-03 13:27:00
13835,25,4,834.57,208.6425,48,190,0.0,2011-05-08 15:22:00
13837,212,2,271.24,135.62,17,105,0.0,2011-01-26 12:15:00
13838,6,4,691.73,172.9325,144,364,0.0,2010-12-05 10:45:00
13841,253,1,85.0,85.0,1,0,0.0,2011-04-01 12:10:00
13842,59,9,3385.62,376.18,155,308,0.0,2010-12-08 10:39:00
13844,11,1,361.62,361.62,20,0,0.0,2011-11-28 13:21:00
13845,65,1,312.98,312.98,9,0,0.0,2011-10-06 08:25:00
13846,25,4,847.61,211.9025,56,335,0.05172413793103448,2010-12-14 16:07:00
13848,92,3,1255.0,418.3333333333333,3,273,0.0,2010-12-08 15:10:00
13849,52,2,1537.95,768.975,97,119,0.0,2011-06-22 10:11:00
13850,88,2,1586.81,793.405,93,41,0.010638297872340425,2011-08-02 14:04:00
13851,96,3,2651.46,883.82,77,192,0.0,2011-02-24 17:18:00
13853,9,2,1056.94,528.47,23,48,0.041666666666666664,2011-10-13 14:18:00
13854,9,29,8025.0199999999995,276.72482758620686,39,356,0.03508771929824561,2010-12-09 10:48:00
13856,169,5,363.4,72.67999999999999,10,34,0.17647058823529413,2011-05-20 13:13:00
13858,57,1,216.17,216.17,11,0,0.0,2011-10-13 16:17:00
13859,326,1,201.16,201.16,27,0,0.0,2011-01-17 16:14:00
13860,1,6,1240.0,206.66666666666666,58,85,0.012987012987012988,2011-09-14 09:27:00
13862,18,10,2187.31,218.731,97,314,0.02112676056338028,2011-01-11 15:13:00
13863,245,2,299.56,149.78,20,2,0.09090909090909091,2011-04-06 10:20:00
13865,58,4,501.56,125.39,26,231,0.0,2011-02-23 12:04:00
13866,74,1,145.67000000000002,145.67000000000002,7,0,0.0,2011-09-26 14:54:00
13867,31,3,1015.29,338.43,51,186,0.0,2011-05-05 17:28:00
13868,7,2,3192.54,1596.27,32,31,0.0,2011-11-01 12:45:00
13869,123,4,3104.95,776.2375,234,233,0.0,2010-12-17 15:14:00
13870,2,10,2751.25,275.125,91,285,0.025423728813559324,2011-02-25 09:09:00
13871,23,14,6389.8,456.4142857142857,155,286,0.005917159763313609,2011-02-04 09:30:00
13873,120,4,381.7,95.425,21,190,0.041666666666666664,2011-02-03 09:37:00
13874,358,1,540.45,540.45,18,0,0.0,2010-12-16 18:20:00
13875,54,5,1786.79,357.358,79,247,0.0,2011-02-11 15:39:00
13876,64,1,122.7,122.7,7,0,0.0,2011-10-07 10:22:00
13877,86,1,117.24,117.24,3,0,0.0,2011-09-14 15:49:00
13878,55,1,1281.53,1281.53,35,0,0.0,2011-10-16 12:19:00
13880,21,13,3219.77,247.67461538461538,125,345,0.0,2010-12-07 14:00:00
13881,4,22,16989.52,772.2509090909091,72,308,0.011111111111111112,2011-02-01 10:14:00
13882,3,6,1131.28,188.54666666666665,54,61,0.015151515151515152,2011-10-06 15:28:00
13883,1,9,2538.75,282.0833333333333,110,325,0.08387096774193549,2011-01-17 16:45:00
13884,7,6,781.3000000000001,130.21666666666667,45,276,0.016666666666666666,2011-03-01 13:40:00
13885,189,2,506.8,253.4,28,11,0.0,2011-05-23 08:52:00
13886,71,1,243.56,243.56,16,0,0.0,2011-09-29 13:17:00
13887,204,1,349.55,349.55,19,0,0.0,2011-05-19 17:22:00
13888,120,2,605.63,302.815,38,98,0.0,2011-05-05 14:41:00
13889,93,1,416.90000000000003,416.90000000000003,15,0,0.0,2011-09-08 09:13:00
13890,1,14,1860.8600000000001,132.91857142857143,74,357,0.03508771929824561,2010-12-16 09:31:00
13892,27,4,632.97,158.2425,26,219,0.0,2011-04-07 12:04:00
13893,298,1,821.1,821.1,21,0,0.0,2011-02-15 11:30:00
13894,22,5,535.97,107.194,25,288,0.1,2011-02-02 12:54:00
13895,21,5,2588.12,517.624,97,143,0.008403361344537815,2011-06-28 10:17:00
13897,50,1,311.16,311.16,17,0,0.0,2011-10-20 14:30:00
13898,326,1,155.93,155.93,12,0,0.0,2011-01-18 10:28:00
13899,16,2,388.52,194.26,19,258,0.0,2011-03-10 09:30:00
13900,183,3,740.95,246.98333333333335,42,79,0.0,2011-03-22 10:13:00
13901,72,5,2867.2,573.4399999999999,144,246,0.0,2011-01-25 09:01:00
13904,37,2,332.64,166.32,24,257,0.0,2011-02-18 11:18:00
13908,80,5,2347.05,469.41,104,196,0.031746031746031744,2011-03-08 12:04:00
13911,57,9,2580.91,286.7677777777778,120,251,0.0,2011-02-04 14:46:00
13914,4,3,613.95,204.65,28,32,0.029411764705882353,2011-11-03 16:28:00
13917,50,2,272.04,136.02,16,141,0.0,2011-06-01 12:46:00
13918,50,2,1212.8400000000001,606.4200000000001,30,203,0.0,2011-03-31 18:05:00
13919,53,3,350.15999999999997,116.71999999999998,24,68,0.15151515151515152,2011-08-10 10:15:00
13922,352,1,172.25,172.25,7,0,0.0,2010-12-23 10:38:00
13923,54,1,351.13,351.13,20,0,0.0,2011-10-17 12:33:00
13924,2,11,1682.08,152.91636363636363,91,70,0.145985401459854,2011-09-28 15:07:00
13925,36,6,616.65,102.77499999999999,28,98,0.08888888888888889,2011-07-28 12:09:00
13926,23,1,223.85000000000002,223.85000000000002,11,0,0.0,2011-11-16 13:16:00
13927,75,1,348.99,348.99,21,0,0.0,2011-09-26 12:00:00
13928,11,4,464.57,116.1425,23,122,0.0,2011-07-29 15:59:00
13929,169,3,802.85,267.6166666666667,8,157,0.1,2011-01-17 15:11:00
13930,58,2,337.34,168.67,15,78,0.0,2011-07-26 11:00:00
13931,86,3,1230.93,410.31,56,195,0.01694915254237288,2011-03-04 08:43:00
13932,295,1,307.4,307.4,16,0,0.0,2011-02-18 12:02:00
13933,109,2,608.7900000000001,304.39500000000004,23,39,0.0,2011-07-14 13:35:00
13934,264,1,922.1,922.1,31,0,0.0,2011-03-21 08:39:00
13936,171,2,361.28,180.64,26,8,0.037037037037037035,2011-06-13 08:47:00
13937,169,1,158.85,158.85,9,0,0.0,2011-06-23 16:35:00
13938,35,1,71.66,71.66,7,0,0.0,2011-11-04 14:37:00
13939,23,4,556.75,139.1875,43,288,0.021739130434782608,2011-02-01 11:30:00
13940,17,4,839.14,209.785,39,126,0.0,2011-07-18 16:05:00
13941,22,7,4912.41,701.7728571428571,24,350,0.0425531914893617,2010-12-02 10:17:00
13946,79,3,561.5699999999999,187.18999999999997,11,188,0.0,2011-03-17 10:02:00
13947,65,1,90.6,90.6,5,0,0.0,2011-10-05 14:42:00
13948,361,1,102.0,102.0,3,0,0.0,2010-12-14 10:18:00
13949,3,6,2427.32,404.55333333333334,124,91,0.0,2011-09-06 11:55:00
13950,11,5,728.56,145.712,33,235,0.027777777777777776,2011-04-07 11:29:00
13951,176,3,674.45,224.8166666666667,38,118,0.0,2011-02-18 15:21:00
13952,211,3,3246.091,1082.0303333333334,120,27,0.007246376811594203,2011-04-15 09:27:00
13953,7,7,3515.68,502.23999999999995,8,345,0.0,2010-12-22 10:29:00
13954,2,3,378.59,126.19666666666666,24,69,0.16666666666666666,2011-09-30 10:52:00
13955,154,2,322.96,161.48,33,151,0.0,2011-02-07 12:24:00
13956,5,5,1026.42,205.28400000000002,123,266,0.0,2011-03-13 12:51:00
13958,372,1,0.01,0.01,5,0,1.0,2010-12-02 17:03:00
13959,79,3,598.2,199.4,79,283,0.0,2010-12-12 13:56:00
13960,21,2,230.22,115.11,11,50,0.0,2011-09-29 12:39:00
13962,22,2,169.55,84.775,11,223,0.0,2011-04-08 11:21:00
13963,308,4,664.54,166.135,35,59,0.0,2010-12-07 09:21:00
13967,146,1,80.7,80.7,2,0,0.0,2011-07-17 12:02:00
13969,7,20,8986.69,449.33450000000005,334,357,0.011058451816745656,2010-12-09 19:32:00
13971,9,11,2702.2200000000003,245.65636363636366,118,276,0.056962025316455694,2011-02-27 12:27:00
13972,71,2,190.25,95.125,15,131,0.0,2011-05-22 11:34:00
13973,287,1,264.7,264.7,11,0,0.0,2011-02-25 15:21:00
13974,49,1,413.59000000000003,413.59000000000003,28,0,0.0,2011-10-21 14:41:00
13975,31,7,2503.23,357.6042857142857,240,245,0.0058823529411764705,2011-03-08 12:19:00
13976,207,1,357.98,357.98,10,0,0.0,2011-05-17 09:13:00
13978,15,2,196.79000000000002,98.39500000000001,14,30,0.0,2011-10-25 15:04:00
13979,73,1,869.87,869.87,54,0,0.0,2011-09-27 13:32:00
13980,60,1,200.14,200.14,11,0,0.0,2011-10-10 13:34:00
13982,39,5,1861.11,372.222,72,326,0.034782608695652174,2010-12-09 13:57:00
13983,30,13,2590.46,199.26615384615386,91,337,0.044642857142857144,2010-12-08 10:38:00
13984,27,6,488.03,81.33833333333332,14,339,0.058823529411764705,2010-12-08 15:58:00
13985,4,16,7024.53,439.033125,108,260,0.005698005698005698,2011-03-20 13:48:00
13986,17,1,320.46,320.46,12,0,0.0,2011-11-22 15:00:00
13988,20,9,4098.8,455.4222222222222,188,234,0.02092050209205021,2011-03-30 11:48:00
13989,66,2,1266.08,633.04,33,173,0.0,2011-04-14 15:39:00
13990,213,1,311.3,311.3,16,0,0.0,2011-05-10 15:19:00
13991,12,7,850.63,121.51857142857143,58,131,0.023255813953488372,2011-07-19 12:58:00
13992,30,1,76.8,76.8,5,0,0.0,2011-11-09 15:23:00
13993,32,12,3409.66,284.1383333333333,66,298,0.032,2011-01-13 10:43:00
13994,4,6,2313.14,385.5233333333333,122,144,0.0,2011-07-14 18:28:00
13995,15,6,1383.49,230.58166666666668,55,230,0.011494252873563218,2011-04-08 08:20:00
13999,10,15,3865.26,257.684,102,351,0.018867924528301886,2010-12-13 11:23:00
14000,206,2,633.71,316.855,15,4,0.0625,2011-05-12 16:50:00
14001,46,4,2030.3300000000002,507.58250000000004,35,327,0.025,2010-12-01 12:58:00
14002,134,2,529.73,264.865,47,22,0.0,2011-07-06 14:59:00
14004,43,7,4582.64,654.6628571428572,102,245,0.0,2011-02-24 09:28:00
14005,10,5,2874.72,574.944,53,206,0.0,2011-05-08 10:33:00
14006,116,3,962.19,320.73,22,196,0.0,2011-01-31 15:11:00
14009,198,3,685.9300000000001,228.64333333333335,42,7,0.045454545454545456,2011-05-18 13:00:00
14012,278,1,328.8,328.8,11,0,0.0,2011-03-07 12:26:00
14013,110,3,473.02,157.67333333333332,30,165,0.0,2011-03-09 08:59:00
14014,77,1,505.18,505.18,39,0,0.0,2011-09-23 13:18:00
14015,53,1,917.34,917.34,20,0,0.0,2011-10-18 10:02:00
14016,154,5,4328.46,865.692,154,203,0.006172839506172839,2010-12-17 14:21:00
14019,47,4,1398.96,349.74,37,91,0.029411764705882353,2011-07-24 15:39:00
14020,17,2,642.8,321.4,37,71,0.0,2011-09-12 15:32:00
14021,155,3,631.9,210.63333333333333,22,101,0.0,2011-03-28 15:10:00
14022,225,1,440.0,440.0,28,0,0.0,2011-04-28 14:39:00
14023,7,2,584.07,292.035,30,242,0.0,2011-04-03 15:50:00
14024,122,2,327.7,163.85,16,2,0.0,2011-08-07 13:31:00
14027,61,1,104.82,104.82,6,0,0.0,2011-10-10 09:01:00
14029,63,2,467.66,233.83,15,80,0.0,2011-07-18 16:57:00
14030,18,8,2360.09,295.01125,210,348,0.0,2010-12-08 16:11:00
14031,7,23,14634.640000000001,636.2886956521739,121,365,0.031007751937984496,2010-12-02 16:34:00
14032,2,18,2929.84,162.7688888888889,53,364,0.05921052631578947,2010-12-08 10:53:00
14034,22,4,512.02,128.005,82,135,0.03260869565217391,2011-07-05 13:06:00
14035,29,5,1428.02,285.604,41,268,0.0,2011-02-15 12:48:00
14036,285,1,626.65,626.65,38,0,0.0,2011-02-28 09:26:00
14037,176,2,147.20000000000002,73.60000000000001,27,188,0.0,2010-12-10 11:39:00
14038,78,4,1554.48,388.62,64,128,0.010752688172043012,2011-05-16 14:05:00
14039,33,1,152.2,152.2,6,0,0.0,2011-11-06 13:48:00
14040,41,15,3542.19,236.14600000000002,147,290,0.024896265560165973,2011-01-12 14:57:00
14041,266,1,141.41,141.41,21,0,0.0,2011-03-18 13:25:00
14044,27,4,652.82,163.205,165,283,0.0,2011-02-03 11:39:00
14045,109,4,1659.75,414.9375,4,264,0.0,2010-12-01 11:32:00
14046,284,1,154.99,154.99,14,0,0.0,2011-02-28 14:48:00
14047,9,7,1290.01,184.28714285714287,22,364,0.058823529411764705,2010-12-02 10:09:00
14048,277,2,375.13,187.565,84,27,0.03409090909090909,2011-02-07 14:53:00
14049,17,6,5639.15,939.8583333333332,352,301,0.033663366336633666,2011-01-26 10:30:00
14050,32,2,746.36,373.18,49,74,0.0,2011-08-25 13:46:00
14051,1,26,15477.34,595.2823076923077,52,365,0.023255813953488372,2010-12-08 12:49:00
14052,20,1,225.36,225.36,56,0,0.0,2011-11-20 12:30:00
14053,124,2,260.25,130.125,2,35,0.0,2011-07-03 12:21:00
14054,65,1,92.46,92.46,6,0,0.0,2011-10-05 15:49:00
14055,106,1,725.6400000000001,725.6400000000001,10,0,0.0,2011-08-25 15:04:00
14056,1,29,8124.4,280.151724137931,321,282,0.01950354609929078,2011-02-28 15:19:00
14057,24,18,6147.4,341.5222222222222,179,336,0.024054982817869417,2010-12-14 12:11:00
14059,267,1,183.6,183.6,8,0,0.0,2011-03-18 10:06:00
14060,5,20,6135.38,306.769,86,368,0.0049261083743842365,2010-12-02 12:11:00
14062,10,12,10464.85,872.0708333333333,60,354,0.0,2010-12-10 15:56:00
14064,29,7,1188.32,169.76,59,245,0.024390243902439025,2011-03-10 12:59:00
14066,267,1,152.55,152.55,7,0,0.0,2011-03-18 12:21:00
14067,64,2,374.7,187.35,51,32,0.0,2011-09-04 12:00:00
14068,320,1,265.85,265.85,22,0,0.0,2011-01-23 16:02:00
14071,4,9,1307.41,145.26777777777778,271,261,0.02702702702702703,2011-03-20 11:33:00
14073,21,2,139.54,69.77,13,11,0.07142857142857142,2011-11-07 15:49:00
14075,5,3,942.26,314.08666666666664,33,256,0.0,2011-03-23 16:35:00
14076,129,1,122.47,122.47,43,0,0.0,2011-08-02 15:19:00
14077,41,5,499.41999999999996,99.88399999999999,33,233,0.0,2011-03-10 15:52:00
14078,102,6,1049.37,174.89499999999998,46,271,0.0,2010-12-01 12:54:00
14079,125,1,375.1,375.1,12,0,0.0,2011-08-07 12:10:00
14080,33,1,45.599999999999994,45.599999999999994,4,0,0.0,2011-11-07 11:09:00
14081,267,4,904.67,226.1675,126,101,0.019230769230769232,2010-12-05 15:47:00
14082,365,1,182.25,182.25,28,0,0.0,2010-12-10 11:02:00
14083,4,9,1018.43,113.15888888888888,162,367,0.0,2010-12-03 12:24:00
14085,2,19,4435.79,233.46263157894737,272,366,0.0022172949002217295,2010-12-06 12:39:00
14087,3,2,181.67,90.835,62,0,0.014285714285714285,2011-12-07 12:28:00
14088,10,14,50415.49,3601.1064285714283,379,312,0.001694915254237288,2011-01-21 13:07:00
14089,57,1,161.0,161.0,13,0,0.0,2011-10-14 10:38:00
14090,325,1,76.32000000000001,76.32000000000001,1,0,0.0,2011-01-19 10:51:00
14092,8,17,4063.1,239.00588235294117,117,365,0.013824884792626729,2010-12-02 09:10:00
14093,12,1,442.85,442.85,95,0,0.0,2011-11-27 16:27:00
14096,4,34,57120.909999999996,1680.0267647058822,1121,97,0.0033151326053042123,2011-08-30 10:49:00
14098,37,1,147.35,147.35,21,0,0.0,2011-11-03 10:13:00
14099,16,12,3092.9700000000003,257.7475,167,338,0.007936507936507936,2010-12-20 11:14:00
14100,138,1,194.9,194.9,24,0,0.0,2011-07-25 11:01:00
14101,74,6,5976.79,996.1316666666667,15,252,0.0,2011-01-17 13:09:00
14102,5,8,1314.73,164.34125,35,39,0.05952380952380952,2011-10-26 12:46:00
14104,155,2,216.20999999999998,108.10499999999999,21,11,0.0,2011-06-27 12:49:00
14105,85,2,1260.33,630.165,74,153,0.02631578947368421,2011-04-14 17:58:00
14107,52,8,2688.48,336.06,61,312,0.008064516129032258,2010-12-10 13:29:00
14108,31,3,594.16,198.0533333333333,33,70,0.02857142857142857,2011-08-30 11:32:00
14109,23,2,80.2,40.1,9,49,0.35714285714285715,2011-09-28 10:18:00
14110,4,13,5669.65,436.12692307692305,94,263,0.00641025641025641,2011-03-18 09:59:00
14111,14,5,688.6,137.72,10,227,0.09090909090909091,2011-04-12 11:36:00
14112,23,12,2774.17,231.18083333333334,117,253,0.07514450867052024,2011-03-09 11:28:00
14113,4,8,1377.92,172.24,26,351,0.15,2010-12-20 11:56:00
14114,274,2,386.53,193.265,15,56,0.0,2011-01-13 11:05:00
14116,20,5,1382.74,276.548,61,101,0.0,2011-08-10 12:44:00
14117,144,1,90.0,90.0,3,0,0.0,2011-07-19 09:49:00
14119,354,1,0.01,0.01,1,0,1.0,2010-12-20 13:58:00
14121,4,6,2740.3,456.7166666666667,148,56,0.012422360248447204,2011-10-11 10:39:00
14124,84,1,419.58000000000004,419.58000000000004,4,0,0.0,2011-09-16 13:32:00
14125,11,3,2740.43,913.4766666666666,159,67,0.0,2011-09-22 15:40:00
14126,8,4,643.6300000000001,160.90750000000003,14,2,0.0625,2011-11-29 12:21:00
14127,123,3,709.71,236.57000000000002,39,187,0.0,2011-02-02 12:26:00
14128,61,2,637.5,318.75,40,195,0.0,2011-03-29 10:49:00
14129,2,5,1123.8600000000001,224.77200000000002,31,259,0.0,2011-03-24 08:44:00
14130,319,1,483.86,483.86,66,0,0.0,2011-01-24 16:05:00
14132,2,12,3580.13,298.3441666666667,100,181,0.004975124378109453,2011-06-09 12:04:00
14133,130,5,590.3399999999999,118.06799999999998,26,186,0.06666666666666667,2011-01-28 11:27:00
14135,2,15,4690.31,312.68733333333336,95,371,0.0,2010-12-02 10:27:00
14138,2,2,982.3800000000001,491.19000000000005,40,62,0.0,2011-10-07 09:38:00
14139,46,1,415.82,415.82,26,0,0.0,2011-10-24 13:34:00
14140,4,3,920.05,306.68333333333334,60,27,0.014925373134328358,2011-11-08 11:20:00
14141,3,6,879.0300000000001,146.50500000000002,28,102,0.13043478260869565,2011-08-26 14:40:00
14142,373,1,311.81,311.81,22,0,0.0,2010-12-01 16:33:00
14143,134,1,115.8,115.8,7,0,0.0,2011-07-29 09:48:00
14145,47,5,3148.2,629.64,6,170,0.08333333333333333,2011-05-06 13:01:00
14146,9,6,2949.57,491.595,183,348,0.14285714285714285,2010-12-17 15:52:00
14147,49,3,468.4,156.13333333333333,4,236,0.16666666666666666,2011-02-27 11:42:00
14148,234,1,157.2,157.2,3,0,0.0,2011-04-20 12:02:00
14149,213,3,259.43,86.47666666666667,28,8,0.3,2011-05-03 09:44:00
14150,36,2,658.64,329.32,23,324,0.0,2010-12-15 10:04:00
14152,75,3,611.09,203.6966666666667,47,158,0.02,2011-04-19 15:46:00
14154,239,2,1345.62,672.81,52,0,0.0,2011-04-14 15:58:00
14155,266,1,118.75,118.75,6,0,0.0,2011-03-18 14:13:00
14156,10,66,113384.14,1717.9415151515152,716,362,0.014084507042253521,2010-12-02 17:08:00
14157,20,3,400.43,133.47666666666666,45,265,0.02040816326530612,2011-02-27 13:04:00
14158,40,1,507.66,507.66,41,0,0.0,2011-10-30 15:08:00
14159,20,14,4678.3,334.1642857142857,501,343,0.006600660066006601,2010-12-12 11:17:00
14161,216,3,1110.52,370.17333333333335,87,153,0.0,2010-12-05 13:18:00
14162,174,2,289.36,144.68,25,118,0.0,2011-02-20 12:32:00
14163,87,4,2445.91,611.4775,36,151,0.0,2011-04-14 17:33:00
14164,71,2,1631.77,815.885,28,10,0.0,2011-09-20 12:18:00
14165,276,1,122.53999999999999,122.53999999999999,23,0,0.0,2011-03-09 12:39:00
14167,39,4,574.84,143.71,27,291,0.0,2011-01-12 15:44:00
14171,98,1,363.79,363.79,57,0,0.0,2011-09-02 16:43:00
14173,11,4,450.84,112.71,28,208,0.0,2011-05-04 14:03:00
14174,33,1,134.46,134.46,26,0,0.0,2011-11-06 13:17:00
14175,51,7,3108.06,444.00857142857143,139,278,0.09146341463414634,2011-01-14 12:22:00
14176,297,5,574.0,114.8,28,70,0.03125,2010-12-07 11:45:00
14177,85,5,554.46,110.89200000000001,37,94,0.023255813953488372,2011-06-13 11:10:00
14178,9,7,1620.93,231.5614285714286,191,173,0.0,2011-06-10 12:51:00
14179,41,2,719.78,359.89,135,11,0.0,2011-10-18 14:00:00
14180,11,31,4640.77,149.70225806451614,112,361,0.03225806451612903,2010-12-02 13:08:00
14184,67,1,452.89,452.89,24,0,0.0,2011-10-04 12:43:00
14185,331,1,197.65,197.65,3,0,0.0,2011-01-12 13:52:00
14188,9,10,2018.91,201.89100000000002,34,301,0.08450704225352113,2011-02-02 13:46:00
14189,2,24,4604.31,191.84625000000003,176,366,0.04332129963898917,2010-12-06 11:42:00
14191,2,14,4660.01,332.85785714285714,146,218,0.015209125475285171,2011-05-03 10:30:00
14193,68,2,853.39,426.695,35,201,0.0,2011-03-15 11:38:00
14194,5,32,11216.75,350.5234375,269,303,0.041390728476821195,2011-02-04 14:51:00
14195,202,3,962.7,320.90000000000003,7,50,0.125,2011-04-01 16:50:00
14196,107,1,335.52,335.52,6,0,0.0,2011-08-25 10:25:00
14198,4,7,663.5,94.78571428571429,35,235,0.11363636363636363,2011-04-14 14:54:00
14199,218,1,185.39999999999998,185.39999999999998,2,0,0.0,2011-05-05 13:44:00
14201,60,9,688.04,76.44888888888889,32,299,0.05128205128205128,2010-12-15 13:25:00
14204,2,1,161.03,161.03,36,0,0.0,2011-12-07 13:38:00
14205,11,4,218.78,54.695,35,354,0.38461538461538464,2010-12-09 13:38:00
14206,239,2,308.26,154.13,21,121,0.047619047619047616,2010-12-14 10:31:00
14208,95,1,151.74,151.74,10,0,0.0,2011-09-06 12:48:00
14209,11,7,2067.13,295.30428571428575,55,321,0.011363636363636364,2011-01-11 12:56:00
14210,91,7,1900.89,271.5557142857143,66,280,0.009708737864077669,2010-12-03 12:43:00
14211,53,13,2208.3,169.8692307692308,87,241,0.05084745762711865,2011-02-17 15:50:00
14212,90,1,1070.48,1070.48,9,0,0.0,2011-09-11 12:45:00
14213,372,1,0.01,0.01,5,0,1.0,2010-12-03 09:47:00
14214,31,7,1000.23,142.89000000000001,64,246,0.04285714285714286,2011-03-07 12:26:00
14215,12,7,1777.92,253.98857142857145,98,356,0.009174311926605505,2010-12-06 15:34:00
14216,3,4,1839.3,459.825,47,34,0.0,2011-11-02 10:51:00
14217,2,24,1925.3600000000001,80.22333333333334,78,364,0.06542056074766354,2010-12-08 13:28:00
14218,43,1,169.48000000000002,169.48000000000002,12,0,0.0,2011-10-28 10:00:00
14219,4,1,89.94,89.94,7,0,0.0,2011-12-05 16:23:00
14220,247,2,632.4,316.2,21,110,0.0,2010-12-16 18:18:00
14221,42,10,3427.85,342.78499999999997,123,296,0.005154639175257732,2011-01-04 15:33:00
14222,177,1,683.17,683.17,41,0,0.0,2011-06-15 16:42:00
14223,92,4,975.23,243.8075,50,171,0.01639344262295082,2011-03-20 16:02:00
14224,110,4,1050.12,262.53,105,209,0.0,2011-01-23 13:58:00
14226,29,7,2201.64,314.52,64,240,0.0821917808219178,2011-03-15 15:36:00
14227,26,15,3315.71,221.04733333333334,117,258,0.04371584699453552,2011-02-28 12:27:00
14229,52,5,1450.6,290.12,29,281,0.06976744186046512,2011-01-10 12:03:00
14231,179,5,822.0600000000001,164.412,47,109,0.07407407407407407,2011-02-24 11:55:00
14232,32,8,2043.93,255.49125,81,232,0.025423728813559324,2011-03-20 12:44:00
14233,44,5,1447.51,289.502,30,273,0.027777777777777776,2011-01-26 12:43:00
14234,22,4,775.46,193.865,122,35,0.0,2011-10-13 13:58:00
14235,10,6,3093.86,515.6433333333333,65,250,0.0125,2011-03-24 13:23:00
14236,81,2,490.86,245.43,15,291,0.0,2010-12-02 18:49:00
14237,373,1,161.0,161.0,9,0,0.0,2010-12-01 13:20:00
14238,326,1,146.85,146.85,8,0,0.0,2011-01-17 14:40:00
14239,43,13,2323.5,178.73076923076923,83,272,0.034482758620689655,2011-01-27 14:45:00
14240,30,2,890.34,445.17,37,195,0.0,2011-04-28 11:40:00
14241,184,1,213.70000000000002,213.70000000000002,10,0,0.0,2011-06-09 11:46:00
14242,235,2,280.55,140.275,13,91,0.0,2011-01-18 08:53:00
14243,9,14,2535.88,181.1342857142857,99,357,0.0472972972972973,2010-12-09 08:34:00
14245,176,5,1677.48,335.496,107,87,0.03571428571428571,2011-03-21 10:41:00
14246,111,3,1474.06,491.3533333333333,57,135,0.0,2011-04-08 08:25:00
14247,278,1,136.76999999999998,136.76999999999998,19,0,0.0,2011-03-06 15:21:00
14248,318,1,302.58,302.58,8,0,0.0,2011-01-25 14:45:00
14250,7,3,1904.05,634.6833333333333,94,82,0.0,2011-09-11 13:44:00
14251,2,5,2879.7000000000003,575.94,37,55,0.0,2011-10-13 12:46:00
14256,254,3,935.0600000000001,311.68666666666667,51,110,0.018518518518518517,2010-12-10 11:44:00
14257,51,6,3087.27,514.545,89,267,0.009345794392523364,2011-01-25 10:49:00
14258,9,10,12650.08,1265.008,58,328,0.008928571428571428,2011-01-06 12:18:00
14259,142,1,120.0,120.0,5,0,0.0,2011-07-21 10:44:00
14261,51,2,1163.45,581.725,52,27,0.0,2011-09-22 10:47:00
14262,8,8,2618.23,327.27875,87,232,0.0,2011-04-13 12:23:00
14264,155,3,319.47,106.49000000000001,17,217,0.10526315789473684,2010-12-02 17:35:00
14265,109,2,530.18,265.09,31,39,0.0,2011-07-14 09:10:00
14267,151,7,1279.09,182.72714285714284,25,109,0.16666666666666666,2011-03-24 11:38:00
14270,332,1,492.65000000000003,492.65000000000003,29,0,0.0,2011-01-12 09:33:00
14271,226,1,112.32,112.32,10,0,0.0,2011-04-28 12:47:00
14272,74,2,437.96,218.98,33,180,0.0,2011-03-30 13:57:00
14273,51,4,559.97,139.9925,22,190,0.0,2011-04-11 13:24:00
14276,88,5,1019.39,203.878,52,201,0.14666666666666667,2011-02-23 09:38:00
14277,15,4,3957.0,989.25,195,197,0.013157894736842105,2011-05-11 13:20:00
14280,197,1,134.04,134.04,8,0,0.0,2011-05-27 10:37:00
14282,3,15,3729.34,248.62266666666667,70,364,0.0,2010-12-07 12:21:00
14284,31,3,578.45,192.8166666666667,24,55,0.058823529411764705,2011-09-14 13:04:00
14285,21,4,1910.01,477.5025,18,155,0.0,2011-06-16 12:36:00
14286,24,5,4595.81,919.162,220,219,0.017543859649122806,2011-04-11 08:16:00
14287,8,4,151.23000000000002,37.807500000000005,10,190,0.18181818181818182,2011-05-25 11:41:00
14288,212,2,413.85,206.925,16,1,0.058823529411764705,2011-05-10 13:22:00
14289,9,6,911.26,151.87666666666667,33,280,0.0,2011-02-23 12:33:00
14290,11,6,2307.4500000000003,384.57500000000005,90,350,0.019417475728155338,2010-12-13 10:24:00
14291,2,12,3873.3,322.77500000000003,145,273,0.004201680672268907,2011-03-09 15:20:00
14292,8,14,4819.33,344.23785714285714,67,318,0.07407407407407407,2011-01-17 16:20:00
14293,3,4,1046.56,261.64,51,365,0.0,2010-12-06 10:18:00
14295,40,2,154.70000000000002,77.35000000000001,7,292,0.2857142857142857,2011-01-11 11:53:00
14297,18,6,1284.06,214.01,49,257,0.03125,2011-03-10 08:31:00
14298,3,45,50862.44,1130.2764444444445,884,357,0.001829268292682927,2010-12-14 12:59:00
14299,8,18,2855.35,158.63055555555556,94,358,0.11728395061728394,2010-12-08 13:33:00
14300,19,1,43.2,43.2,3,0,0.0,2011-11-21 08:57:00
14301,108,2,632.04,316.02,13,9,0.1875,2011-08-14 15:33:00
14304,223,2,197.1,98.55,25,78,0.37037037037037035,2011-02-11 14:48:00
14305,71,5,1803.76,360.752,96,64,0.045454545454545456,2011-07-27 14:14:00
14306,51,3,2083.42,694.4733333333334,33,34,0.05714285714285714,2011-09-15 10:31:00
14307,89,6,2995.72,499.28666666666663,150,284,0.0,2010-12-01 11:41:00
14309,8,10,2319.68,231.968,75,350,0.04878048780487805,2010-12-16 13:05:00
14311,225,2,229.71,114.855,20,17,0.25925925925925924,2011-04-11 10:14:00
14312,47,6,1611.59,268.5983333333333,74,290,0.0,2011-01-06 16:35:00
14314,107,1,120.0,120.0,8,0,0.0,2011-08-25 10:39:00
14315,21,7,2456.98,350.9971428571429,64,245,0.028846153846153848,2011-03-18 12:59:00
14317,65,1,508.58000000000004,508.58000000000004,24,0,0.0,2011-10-06 10:44:00
14320,207,3,343.11,114.37,29,126,0.2619047619047619,2011-01-11 09:12:00
14321,11,5,1530.75,306.15,111,322,0.0,2011-01-10 11:35:00
14323,115,4,574.26,143.565,32,123,0.12195121951219512,2011-04-15 11:44:00
14326,235,2,166.85,83.425,8,7,0.1111111111111111,2011-04-11 15:04:00
14327,163,1,311.65,311.65,12,0,0.0,2011-06-29 13:58:00
14329,9,14,4928.74,352.05285714285714,218,320,0.03717472118959108,2011-01-14 13:42:00
14331,124,2,462.65999999999997,231.32999999999998,27,10,0.0,2011-07-27 15:14:00
14332,23,3,866.31,288.77,22,125,0.0,2011-07-15 10:33:00
14333,64,2,351.45,175.725,15,3,0.21052631578947367,2011-10-03 10:38:00
14334,17,9,2539.46,282.1622222222222,98,341,0.006134969325153374,2010-12-16 17:37:00
14335,16,2,468.26,234.13,55,80,0.0,2011-09-04 13:07:00
14336,17,4,1614.91,403.7275,77,259,0.0,2011-03-08 16:48:00
14338,158,4,554.22,138.555,30,38,0.08823529411764706,2011-05-27 13:30:00
14339,235,4,289.90999999999997,72.47749999999999,15,8,0.2222222222222222,2011-04-11 11:06:00
14340,219,1,134.7,134.7,6,0,0.0,2011-05-05 09:44:00
14341,45,9,2166.38,240.7088888888889,109,273,0.007692307692307693,2011-01-25 13:55:00
14342,21,6,607.71,101.28500000000001,19,188,0.125,2011-05-13 13:50:00
14344,127,8,889.9300000000001,111.24125000000001,56,241,0.0,2010-12-06 11:58:00
14345,39,1,108.97999999999999,108.97999999999999,6,0,0.0,2011-11-01 09:51:00
14346,121,2,1021.58,510.79,55,176,0.0,2011-02-15 13:52:00
14348,260,1,409.57,409.57,18,0,0.0,2011-03-24 16:23:00
14349,10,1,133.5,133.5,31,0,0.0,2011-11-29 15:39:00
14350,271,2,258.7,129.35,19,3,0.14285714285714285,2011-03-10 14:14:00
14351,165,1,51.0,51.0,1,0,0.0,2011-06-28 11:56:00
14352,157,4,1078.96,269.74,44,116,0.0,2011-03-11 14:58:00
14353,215,1,90.6,90.6,6,0,0.0,2011-05-08 16:06:00
14354,6,2,163.62,81.81,9,24,0.0,2011-11-09 15:36:00
14355,366,1,174.4,174.4,11,0,0.0,2010-12-09 12:16:00
14356,60,4,666.9399999999999,166.73499999999999,36,21,0.13157894736842105,2011-09-19 14:43:00
14357,43,1,225.77,225.77,39,0,0.0,2011-10-27 16:23:00
14359,19,6,882.58,147.09666666666666,44,68,0.05172413793103448,2011-09-13 09:03:00
14360,32,4,2128.23,532.0575,104,62,0.0,2011-09-06 11:58:00
14362,22,1,161.2,161.2,37,0,0.0,2011-11-17 15:08:00
14364,109,8,3717.35,464.66875,61,102,0.0,2011-05-12 12:56:00
14367,8,19,9167.82,482.51684210526315,270,267,0.016885553470919325,2011-03-08 14:12:00
14368,320,1,155.0,155.0,8,0,0.0,2011-01-24 09:52:00
14371,295,1,100.5,100.5,4,0,0.0,2011-02-17 16:35:00
14373,358,1,76.55,76.55,4,0,0.0,2010-12-16 15:40:00
14375,185,1,257.68,257.68,57,0,0.0,2011-06-07 13:44:00
14377,191,2,617.05,308.525,11,70,0.0,2011-03-22 13:38:00
14379,44,2,348.1,174.05,39,251,0.0,2011-02-17 15:03:00
14381,52,1,202.68,202.68,56,0,0.0,2011-10-18 17:10:00
14382,26,1,626.0699999999999,626.0699999999999,121,0,0.0,2011-11-13 16:18:00
14383,38,3,1247.69,415.8966666666667,49,125,0.0,2011-06-29 10:18:00
14385,9,3,202.11,67.37,13,14,0.0,2011-11-16 11:55:00
14386,297,1,142.4,142.4,7,0,0.0,2011-02-16 09:45:00
14387,33,3,1770.56,590.1866666666666,125,76,0.0,2011-08-22 14:13:00
14388,9,10,3172.04,317.204,124,364,0.02617801047120419,2010-12-02 11:02:00
14389,9,5,999.72,199.94400000000002,34,309,0.27419354838709675,2011-01-25 12:45:00
14390,10,13,4592.47,353.2669230769231,135,362,0.01718213058419244,2010-12-02 11:56:00
14393,218,1,67.95,67.95,5,0,0.0,2011-05-05 18:16:00
14395,2,12,3471.91,289.3258333333333,181,369,0.0084985835694051,2010-12-02 18:15:00
14396,65,2,487.99,243.995,71,306,0.0,2010-12-03 15:19:00
14397,1,23,2556.68,111.16,18,212,0.08421052631578947,2011-05-10 12:25:00
14400,141,2,559.7,279.85,25,8,0.038461538461538464,2011-07-13 15:50:00
14401,4,14,4039.98,288.57,113,355,0.00546448087431694,2010-12-15 09:07:00
14403,130,5,1426.31,285.262,17,116,0.23076923076923078,2011-04-06 14:23:00
14404,34,7,1434.72,204.96,70,335,0.009615384615384616,2010-12-05 16:00:00
14406,119,1,156.75,156.75,8,0,0.0,2011-08-12 16:54:00
14407,107,9,2111.08,234.56444444444443,67,169,0.039473684210526314,2011-03-08 11:59:00
14408,11,7,2606.53,372.3614285714286,60,253,0.0,2011-03-20 14:41:00
14409,71,7,1908.25,272.60714285714283,40,297,0.01818181818181818,2010-12-06 15:03:00
14410,16,15,576.3,38.419999999999995,197,290,0.32517482517482516,2011-02-07 09:36:00
14411,311,1,1063.0,1063.0,14,0,0.0,2011-02-02 10:56:00
14412,35,3,761.3299999999999,253.77666666666664,43,37,0.044444444444444446,2011-09-28 08:48:00
14413,362,1,122.7,122.7,22,0,0.0,2010-12-12 13:37:00
14414,92,8,1485.1299999999999,185.64124999999999,79,267,0.01020408163265306,2010-12-16 11:11:00
14415,1,18,5811.56,322.8644444444445,284,359,0.03594771241830065,2010-12-14 13:06:00
14416,22,2,490.22,245.11,13,20,0.0,2011-10-28 15:10:00
14418,4,3,1937.25,645.75,114,104,0.0,2011-08-23 17:18:00
14419,11,6,1058.06,176.34333333333333,112,354,0.0,2010-12-10 10:56:00
14420,85,2,385.87,192.935,29,13,0.03333333333333333,2011-09-01 18:07:00
14421,57,2,813.11,406.555,25,154,0.0,2011-05-12 10:49:00
14422,1,6,4263.64,710.6066666666667,189,266,0.0,2011-03-17 17:26:00
14423,218,1,265.2,265.2,3,0,0.0,2011-05-05 15:12:00
14424,18,1,322.08,322.08,1,0,0.0,2011-11-22 11:48:00
14426,19,16,3918.9,244.93125,187,340,0.15151515151515152,2010-12-15 12:06:00
14427,50,2,363.34000000000003,181.67000000000002,16,13,0.0,2011-10-07 09:10:00
14428,7,7,1230.14,175.73428571428573,108,317,0.02702702702702703,2011-01-18 16:39:00
14431,299,2,397.76,198.88,17,4,0.22727272727272727,2011-02-10 10:40:00
14432,10,6,2255.51,375.91833333333335,256,79,0.0,2011-09-11 14:09:00
14434,22,6,1372.8,228.79999999999998,3,50,0.0,2011-09-28 15:31:00
14436,99,1,89.06,89.06,9,0,0.0,2011-09-02 10:13:00
14437,143,2,0.01,0.01,6,222,0.16666666666666666,2010-12-09 09:27:00
14438,306,1,131.9,131.9,9,0,0.0,2011-02-06 14:56:00
14439,320,1,2661.24,2661.24,32,0,0.0,2011-01-24 11:39:00
14440,8,5,2357.6800000000003,471.53600000000006,33,357,0.0,2010-12-09 12:49:00
14441,1,10,1545.14,154.514,45,364,0.13559322033898305,2010-12-09 14:57:00
14442,2,5,1544.62,308.924,59,315,0.07352941176470588,2011-01-27 09:33:00
14443,54,7,1400.88,200.1257142857143,86,318,0.05102040816326531,2010-12-02 17:05:00
14446,1,4,1039.58,259.895,233,245,0.0,2011-04-07 12:10:00
14447,19,5,1163.23,232.64600000000002,54,261,0.0,2011-03-04 10:49:00
14448,9,2,375.35,187.675,20,354,0.0,2010-12-10 17:26:00
14449,19,4,907.1,226.775,201,353,0.0,2010-12-02 14:09:00
14450,181,3,483.25,161.08333333333334,32,139,0.0,2011-01-23 11:53:00
14451,60,2,662.59,331.295,86,134,0.0,2011-05-29 12:35:00
14452,11,2,264.44,132.22,55,83,0.0,2011-09-07 11:32:00
14453,190,1,119.93,119.93,22,0,0.0,2011-06-02 14:15:00
14456,5,14,3047.63,217.68785714285715,580,137,0.007164790174002047,2011-07-20 13:06:00
14457,311,1,113.64,113.64,4,0,0.0,2011-02-02 09:39:00
14459,155,1,1837.92,1837.92,37,0,0.0,2011-07-07 13:35:00
14460,110,4,383.34,95.835,14,200,0.058823529411764705,2011-02-02 11:54:00
14461,148,3,2103.06,701.02,173,113,0.0,2011-03-23 12:15:00
14462,64,15,1965.9,131.06,151,275,0.024390243902439025,2011-01-04 12:45:00
14463,98,3,529.62,176.54,6,107,0.0,2011-05-18 14:42:00
14465,247,3,1058.6200000000001,352.8733333333334,107,56,0.0,2011-02-10 12:13:00
14466,29,7,2272.4,324.62857142857143,35,343,0.0,2010-12-02 13:36:00
14467,18,4,598.76,149.69,67,295,0.0,2011-01-31 12:35:00
14470,12,2,461.19,230.595,43,275,0.0,2011-02-25 11:56:00
14472,104,8,1936.84,242.105,153,251,0.0,2010-12-19 14:03:00
14473,74,2,234.34000000000003,117.17000000000002,7,208,0.0,2011-03-02 13:56:00
14474,43,2,537.71,268.855,29,2,0.03333333333333333,2011-10-24 13:26:00
14475,72,6,799.82,133.30333333333334,36,233,0.10638297872340426,2011-02-08 10:12:00
14476,257,1,215.7,215.7,17,0,0.0,2011-03-27 15:39:00
14477,20,5,1307.81,261.562,7,277,0.09090909090909091,2011-02-15 15:44:00
14479,254,2,316.25,158.125,18,111,0.0,2010-12-09 12:59:00
14480,11,1,279.05,279.05,13,0,0.0,2011-11-28 16:35:00
14481,165,2,636.51,318.255,25,122,0.0,2011-02-25 13:53:00
14482,18,6,2068.15,344.69166666666666,110,220,0.0,2011-04-14 16:41:00
14483,150,2,129.2,64.6,10,131,0.1,2011-03-03 10:26:00
14484,50,1,321.92,321.92,14,0,0.0,2011-10-20 14:11:00
14485,39,1,165.75,165.75,44,0,0.0,2011-11-01 12:25:00
14487,27,7,1183.58,169.08285714285714,112,341,0.006896551724137931,2010-12-06 12:55:00
14488,51,2,1047.43,523.715,46,16,0.061224489795918366,2011-10-03 09:30:00
14489,207,1,463.38,463.38,30,0,0.0,2011-05-16 14:51:00
14491,175,2,340.93,170.465,17,197,0.0,2010-12-02 12:10:00
14493,7,7,2362.84,337.54857142857145,95,147,0.024390243902439025,2011-07-07 16:59:00
14494,26,1,139.56,139.56,7,0,0.0,2011-11-14 09:21:00
14495,51,2,123.8,61.9,6,70,0.0,2011-08-10 14:13:00
14496,312,2,538.8100000000001,269.40500000000003,16,61,0.0,2010-12-01 15:35:00
14497,301,2,457.47,228.735,29,7,0.06451612903225806,2011-02-03 17:01:00
14498,43,5,1957.32,391.464,162,319,0.0,2010-12-13 11:29:00
14499,26,3,815.32,271.77333333333337,146,252,0.0,2011-03-06 11:55:00
14500,88,3,356.85,118.95,6,101,0.0,2011-06-03 10:08:00
14501,64,3,190.31,63.43666666666667,9,255,0.16666666666666666,2011-01-24 10:43:00
14502,20,14,2351.02,167.93,369,293,0.011093502377179081,2011-01-30 15:52:00
14503,3,6,3543.26,590.5433333333334,113,175,0.0,2011-06-14 10:00:00
14504,47,4,673.26,168.315,85,231,0.0,2011-03-06 14:38:00
14505,17,11,5818.7,528.9727272727273,542,344,0.0049813200498132005,2010-12-12 16:14:00
14506,17,5,2012.17,402.434,204,351,0.0,2010-12-05 14:25:00
14507,24,7,1368.18,195.45428571428573,79,252,0.02040816326530612,2011-03-08 17:23:00
14508,22,2,276.42,138.21,52,67,0.0,2011-09-11 11:29:00
14511,11,6,1267.4099999999999,211.23499999999999,53,122,0.04225352112676056,2011-07-29 12:13:00
14512,188,2,275.28,137.64,19,44,0.0,2011-04-21 19:05:00
14513,101,4,438.49,109.6225,11,188,0.3333333333333333,2011-02-24 09:36:00
14514,61,3,1055.35,351.7833333333333,65,270,0.0,2011-01-12 15:22:00
14515,18,6,2102.09,350.34833333333336,68,200,0.0,2011-05-05 12:13:00
14517,33,2,330.45,165.225,17,108,0.0,2011-07-21 11:42:00
14518,64,1,174.37,174.37,16,0,0.0,2011-10-06 14:43:00
14520,2,2,270.6,135.3,3,289,0.0,2011-02-22 09:15:00
14522,24,4,974.54,243.635,15,173,0.0,2011-05-25 16:01:00
14523,108,1,241.09,241.09,12,0,0.0,2011-08-23 13:13:00
14524,32,9,1867.68,207.52,161,329,0.0,2010-12-14 11:01:00
14525,9,13,4221.37,324.72076923076924,218,352,0.02348993288590604,2010-12-13 17:40:00
14527,3,86,7711.38,89.66720930232559,331,371,0.03857566765578635,2010-12-01 09:41:00
14528,37,1,364.21999999999997,364.21999999999997,18,0,0.0,2011-11-02 17:09:00
14529,60,3,620.04,206.67999999999998,177,50,0.0,2011-08-21 14:10:00
14530,26,6,2925.91,487.65166666666664,140,270,0.0,2011-02-16 10:47:00
14532,236,4,932.85,233.2125,45,115,0.0,2010-12-22 13:48:00
14533,25,9,1812.6200000000001,201.40222222222224,53,328,0.046153846153846156,2010-12-22 11:07:00
14534,3,25,4075.35,163.014,334,316,0.06989247311827956,2011-01-25 11:47:00
14535,59,4,2841.09,710.2725,280,189,0.009009009009009009,2011-04-05 12:50:00
14536,260,1,171.8,171.8,18,0,0.0,2011-03-25 12:21:00
14537,58,1,355.56,355.56,10,0,0.0,2011-10-13 10:54:00
14538,65,2,388.25,194.125,19,191,0.0,2011-03-28 14:57:00
14539,16,2,537.48,268.74,31,28,0.0,2011-10-26 12:03:00
14540,10,3,996.26,332.08666666666664,64,299,0.0,2011-02-03 15:02:00
14541,59,8,1461.65,182.70625,71,260,0.0,2011-01-24 14:16:00
14542,186,1,103.25,103.25,5,0,0.0,2011-06-07 08:19:00
14543,4,21,2916.17,138.8652380952381,43,360,0.32710280373831774,2010-12-10 11:51:00
14544,24,2,2024.45,1012.225,97,337,0.0,2010-12-13 12:50:00
14546,4,9,2487.02,276.3355555555556,255,244,0.04316546762589928,2011-04-05 10:45:00
14547,4,9,3986.7400000000002,442.97111111111116,198,50,0.0027247956403269754,2011-10-16 14:35:00
14548,151,2,652.8,326.4,2,167,0.0,2011-01-26 08:38:00
14549,311,1,289.24,289.24,56,0,0.0,2011-02-01 13:47:00
14550,11,2,765.62,382.81,38,33,0.0,2011-10-26 12:14:00
14551,18,2,186.23,93.115,9,185,0.0,2011-05-19 18:21:00
14552,152,1,165.07,165.07,57,0,0.0,2011-07-11 12:49:00
14553,19,5,859.27,171.85399999999998,103,319,0.0,2011-01-04 15:40:00
14554,10,4,2381.04,595.26,147,42,0.0,2011-10-18 13:04:00
14555,57,2,324.14,162.07,18,244,0.0,2011-02-10 17:19:00
14557,64,2,0.01,0.01,16,21,0.5,2011-09-15 15:48:00
14560,7,24,2174.18,90.59083333333332,39,350,0.02631578947368421,2010-12-17 09:22:00
14561,76,3,1080.76,360.25333333333333,67,108,0.0,2011-06-08 13:26:00
14562,4,22,4709.22,214.05545454545455,189,300,0.0515695067264574,2011-02-08 14:45:00
14565,96,6,3073.77,512.295,111,265,0.015503875968992248,2010-12-13 13:25:00
14566,111,1,1432.0,1432.0,4,0,0.0,2011-08-21 11:05:00
14567,35,3,1524.46,508.15333333333336,33,95,0.029411764705882353,2011-08-01 13:48:00
14569,1,1,227.39,227.39,10,0,0.0,2011-12-08 14:58:00
14570,281,2,218.06,109.03,29,0,0.0,2011-03-04 10:39:00
14572,3,10,2803.69,280.369,191,320,0.01098901098901099,2011-01-19 17:21:00
14573,180,13,1603.72,123.36307692307693,127,192,0.024896265560165973,2010-12-02 19:59:00
14576,372,1,35.400000000000006,35.400000000000006,1,0,0.0,2010-12-02 17:51:00
14577,13,4,859.71,214.9275,86,350,0.0,2010-12-12 11:26:00
14578,3,1,168.63,168.63,24,0,0.0,2011-12-06 17:18:00
14581,17,1,138.6,138.6,16,0,0.0,2011-11-23 12:39:00
14582,41,1,114.11,114.11,6,0,0.0,2011-10-30 11:56:00
14583,6,5,1052.55,210.51,243,200,0.0,2011-05-18 11:28:00
14584,169,5,1029.26,205.852,68,29,0.009900990099009901,2011-05-25 17:31:00
14585,50,1,157.05,157.05,29,0,0.0,2011-10-20 14:33:00
14586,227,3,134.16,44.72,19,49,0.2962962962962963,2011-03-08 10:04:00
14587,19,10,1598.24,159.824,170,312,0.0026041666666666665,2011-01-12 13:16:00
14589,372,1,39.75,39.75,3,0,0.0,2010-12-03 11:42:00
14591,15,4,1447.14,361.785,138,197,0.0,2011-05-10 14:09:00
14592,35,3,570.46,190.15333333333334,132,28,0.0,2011-10-06 18:08:00
14593,22,3,617.99,205.99666666666667,127,177,0.0,2011-05-25 11:14:00
14594,7,2,379.83,189.915,48,365,0.0,2010-12-01 13:54:00
14595,20,6,1740.6,290.09999999999997,94,293,0.0,2011-01-30 13:36:00
14597,11,2,883.15,441.575,45,180,0.0,2011-06-01 12:33:00
14598,44,1,221.97,221.97,49,0,0.0,2011-10-26 13:19:00
14600,306,1,393.33000000000004,393.33000000000004,25,0,0.0,2011-02-07 09:48:00
14601,11,1,213.96,213.96,7,0,0.0,2011-11-29 09:48:00
14603,275,1,660.0,660.0,2,0,0.0,2011-03-10 10:27:00
14606,1,128,11713.85,91.514453125,832,372,0.029475197699496764,2010-12-01 16:57:00
14607,16,17,11341.1,667.1235294117647,38,245,0.24561403508771928,2011-03-23 15:22:00
14608,4,4,1785.15,446.2875,8,358,0.0,2010-12-12 14:49:00
14609,72,4,601.56,150.39,2,224,0.0,2011-02-16 12:10:00
14616,243,3,406.08000000000004,135.36,2,74,0.0,2011-01-26 12:42:00
14618,9,4,538.59,134.6475,11,356,0.058823529411764705,2010-12-08 14:57:00
14619,239,2,379.51,189.755,20,6,0.09090909090909091,2011-04-08 07:37:00
14620,204,3,393.28000000000003,131.09333333333333,26,79,0.13333333333333333,2011-03-01 08:30:00
14621,1,6,1765.76,294.29333333333335,80,357,0.041666666666666664,2010-12-16 13:00:00
14622,185,1,320.58000000000004,320.58000000000004,21,0,0.0,2011-06-08 12:42:00
14623,32,6,869.35,144.89166666666668,108,203,0.007407407407407408,2011-04-18 13:54:00
14624,57,2,225.85,112.925,13,1,0.0,2011-10-11 14:39:00
14625,185,5,848.48,169.696,52,186,0.07017543859649122,2010-12-02 17:19:00
14626,9,7,2757.07,393.8671428571429,108,224,0.031746031746031744,2011-04-20 13:18:00
14627,312,1,0.01,0.01,5,0,1.0,2011-02-01 10:49:00
14628,91,2,671.96,335.98,22,151,0.0,2011-04-11 14:43:00
14629,4,3,939.21,313.07,133,43,0.006535947712418301,2011-10-23 16:13:00
14631,51,3,1006.98,335.66,38,248,0.0,2011-02-14 09:31:00
14632,263,1,114.56,114.56,8,0,0.0,2011-03-22 08:49:00
14633,266,1,344.90000000000003,344.90000000000003,20,0,0.0,2011-03-18 17:07:00
14636,36,2,609.85,304.925,27,232,0.0,2011-03-16 09:52:00
14638,51,1,443.6,443.6,16,0,0.0,2011-10-20 10:10:00
14639,52,8,2952.34,369.0425,138,309,0.017142857142857144,2010-12-13 13:50:00
14640,16,8,2042.15,255.26875,87,211,0.061946902654867256,2011-04-26 12:31:00
14641,22,1,110.46,110.46,7,0,0.0,2011-11-18 10:42:00
14642,59,1,96.12,96.12,2,0,0.0,2011-10-12 11:08:00
14643,170,3,668.61,222.87,30,187,0.08823529411764706,2010-12-16 17:53:00
14644,9,4,780.46,195.115,26,289,0.10344827586206896,2011-02-14 14:14:00
14645,157,2,597.09,298.545,28,118,0.0,2011-03-09 09:52:00
14646,2,76,279489.02,3677.4871052631584,702,353,0.002402691013935608,2010-12-20 10:09:00
14647,201,1,243.22,243.22,24,0,0.0,2011-05-22 13:40:00
14649,5,4,1417.29,354.3225,148,207,0.0,2011-05-11 14:37:00
14651,67,2,654.6,327.3,95,143,0.0,2011-05-12 16:29:00
14652,77,1,114.18,114.18,29,0,0.0,2011-09-23 14:21:00
14653,1,7,1947.55,278.2214285714286,154,337,0.0,2011-01-05 13:40:00
14655,4,5,1930.15,386.03000000000003,35,218,0.02,2011-05-01 14:59:00
14656,169,2,291.05,145.525,73,114,0.0,2011-03-01 13:19:00
14657,18,5,838.27,167.654,103,308,0.007874015748031496,2011-01-17 15:19:00
14658,5,2,247.15,123.575,27,111,0.0,2011-08-14 15:42:00
14659,9,12,2456.53,204.71083333333334,147,306,0.023166023166023165,2011-01-28 12:43:00
14660,87,2,285.74,142.87,24,14,0.0,2011-08-31 10:40:00
14661,27,1,107.95,107.95,4,0,0.0,2011-11-13 11:51:00
14662,29,4,771.17,192.7925,143,287,0.0,2011-01-27 17:41:00
14664,20,2,637.89,318.945,78,13,0.0,2011-11-06 14:56:00
14665,61,7,1258.38,179.76857142857145,63,250,0.23076923076923078,2011-02-02 09:08:00
14666,24,1,195.25,195.25,14,0,0.0,2011-11-15 12:57:00
14667,11,27,9231.2,341.8962962962963,354,357,0.005208333333333333,2010-12-06 13:13:00
14669,242,3,1269.99,423.33,158,90,0.0,2011-01-11 12:30:00
14670,280,2,411.53,205.765,107,0,0.0,2011-03-04 13:58:00
14672,235,2,765.55,382.775,58,101,0.0,2011-01-07 15:48:00
14673,3,5,1736.4,347.28000000000003,39,364,0.0,2010-12-07 12:49:00
14675,16,1,604.75,604.75,93,0,0.0,2011-11-23 12:58:00
14676,31,8,2543.2400000000002,317.90500000000003,30,269,0.045454545454545456,2011-02-11 13:38:00
14679,372,1,0.01,0.01,1,0,1.0,2010-12-03 10:07:00
14680,25,23,26932.34,1170.9713043478262,83,346,0.19375,2010-12-03 12:05:00
14681,71,3,498.95,166.31666666666666,6,140,0.0,2011-05-12 10:45:00
14682,188,2,52.0,26.0,1,13,0.0,2011-05-22 12:51:00
14684,26,5,1236.28,247.256,231,336,0.0,2010-12-12 12:44:00
14687,107,1,628.38,628.38,15,0,0.0,2011-08-25 11:59:00
14688,8,27,5107.38,189.16222222222223,148,366,0.08913649025069638,2010-12-01 09:37:00
14689,209,1,112.8,112.8,13,0,0.0,2011-05-15 11:22:00
14690,44,3,358.61,119.53666666666668,42,107,0.07407407407407407,2011-07-11 11:44:00
14691,31,5,2114.33,422.866,50,182,0.0,2011-05-11 09:55:00
14692,137,5,582.05,116.41,53,185,0.014492753623188406,2011-01-21 13:47:00
14693,265,1,172.9,172.9,8,0,0.0,2011-03-20 12:50:00
14696,4,9,2070.97,230.10777777777776,117,368,0.022556390977443608,2010-12-01 15:37:00
14697,218,2,188.60999999999999,94.30499999999999,22,0,0.0,2011-05-05 15:29:00
14698,2,5,1250.76,250.152,148,49,0.0,2011-10-19 12:54:00
14699,214,1,109.13000000000001,109.13000000000001,8,0,0.0,2011-05-09 14:54:00
14700,32,3,2235.3,745.1,80,206,0.0,2011-04-15 13:16:00
14701,11,12,2486.2200000000003,207.18500000000003,273,305,0.04285714285714286,2011-01-27 12:40:00
14702,1,18,3250.64,180.5911111111111,196,364,0.0028735632183908046,2010-12-09 19:23:00
14703,15,1,318.17,318.17,22,0,0.0,2011-11-25 09:23:00
14704,11,9,1546.91,171.8788888888889,288,168,0.0,2011-06-12 13:59:00
14705,199,1,179.0,179.0,1,0,0.0,2011-05-25 12:39:00
14708,3,4,1096.67,274.1675,25,365,0.034482758620689655,2010-12-06 12:23:00
14709,15,14,4911.14,350.7957142857143,71,343,0.005076142131979695,2010-12-16 13:43:00
14710,14,4,606.13,151.5325,124,45,0.0,2011-10-11 13:49:00
14711,10,12,2838.2,236.51666666666665,221,252,0.005571030640668524,2011-03-22 13:32:00
14712,29,3,917.07,305.69,21,82,0.0,2011-08-19 13:33:00
14713,9,12,2664.2599999999998,222.02166666666665,146,355,0.005865102639296188,2010-12-09 18:58:00
14714,24,1,160.19,160.19,10,0,0.0,2011-11-15 13:07:00
14715,25,4,867.38,216.845,60,306,0.0,2011-01-12 13:27:00
14716,43,2,329.68,164.84,46,105,0.0,2011-07-14 12:42:00
14719,2,6,1592.18,265.36333333333334,177,247,0.004201680672268907,2011-04-04 14:17:00
14720,6,3,663.81,221.26999999999998,34,120,0.0,2011-08-05 12:06:00
14722,147,1,187.92000000000002,187.92000000000002,28,0,0.0,2011-07-15 14:58:00
14723,10,6,1158.3,193.04999999999998,193,361,0.0,2010-12-03 14:18:00
14725,25,1,718.08,718.08,45,0,0.0,2011-11-15 12:42:00
14727,274,1,268.58,268.58,10,0,0.0,2011-03-10 14:45:00
14729,374,1,313.49,313.49,69,0,0.0,2010-12-01 12:43:00
14730,1,8,2005.06,250.6325,317,275,0.0,2011-03-08 12:49:00
14731,47,3,380.02,126.67333333333333,38,165,0.0,2011-05-11 13:06:00
14732,8,10,2686.34,268.634,105,330,0.013422818791946308,2011-01-04 14:40:00
14733,9,15,9451.54,630.1026666666668,102,358,0.06481481481481481,2010-12-07 11:30:00
14735,4,34,5807.6900000000005,170.8144117647059,99,354,0.05365853658536585,2010-12-16 16:05:00
14737,4,3,1164.55,388.18333333333334,15,349,0.0,2010-12-21 13:49:00
14738,39,9,1289.94,143.32666666666668,39,276,0.03571428571428571,2011-01-27 14:10:00
14739,2,8,3899.1,487.3875,47,364,0.01639344262295082,2010-12-07 14:58:00
14740,191,4,1423.21,355.8025,85,92,0.043010752688172046,2011-03-01 08:35:00
14741,12,6,1400.34,233.39,35,361,0.0,2010-12-02 08:43:00
14744,16,9,1088.53,120.94777777777777,21,350,0.07142857142857142,2010-12-08 10:21:00
14745,113,6,1167.16,194.52666666666667,46,172,0.014285714285714285,2011-02-27 15:25:00
14747,248,2,294.3,147.15,18,1,0.05263157894736842,2011-04-04 14:09:00
14748,29,6,1311.79,218.63166666666666,90,339,0.03260869565217391,2010-12-06 10:19:00
14752,44,1,389.64,389.64,5,0,0.0,2011-10-27 11:55:00
14753,87,1,563.15,563.15,30,0,0.0,2011-09-13 14:50:00
14754,45,2,638.05,319.025,38,250,0.0,2011-02-17 12:21:00
14755,10,12,4965.38,413.7816666666667,128,324,0.008438818565400843,2011-01-09 14:02:00
14756,15,1,738.96,738.96,38,0,0.0,2011-11-24 18:13:00
14757,75,1,420.5,420.5,19,0,0.0,2011-09-25 14:36:00
14758,145,4,1484.06,371.015,54,114,0.0,2011-03-25 12:10:00
14759,5,3,1625.97,541.99,92,228,0.0,2011-04-21 10:55:00
14760,294,2,53.8,26.9,5,2,0.2857142857142857,2011-02-15 16:27:00
14761,59,2,255.9,127.95,11,276,0.0,2011-01-09 12:03:00
14762,264,1,300.52,300.52,21,0,0.0,2011-03-21 08:20:00
14764,44,2,250.55,125.275,6,2,0.14285714285714285,2011-10-24 11:54:00
14765,29,3,254.11,84.70333333333333,38,147,0.0,2011-06-16 19:49:00
14766,8,8,2423.07,302.88375,111,364,0.014598540145985401,2010-12-02 10:46:00
14768,17,3,139.5,46.5,4,109,0.16666666666666666,2011-08-04 13:25:00
14769,3,10,10641.6,1064.16,718,354,0.003656307129798903,2010-12-17 11:40:00
14770,232,2,876.42,438.21,49,90,0.0,2011-01-20 15:00:00
14772,112,1,139.26,139.26,9,0,0.0,2011-08-19 15:04:00
14775,58,3,1011.9,337.3,57,313,0.0,2010-12-02 16:38:00
14776,51,13,2195.58,168.89076923076922,44,261,0.12686567164179105,2011-01-31 13:17:00
14777,4,2,0.01,0.01,2,353,1.0,2010-12-16 15:27:00
14778,127,2,730.86,365.43,34,181,0.0,2011-02-04 11:43:00
14779,281,3,386.15,128.71666666666667,40,43,0.0,2011-01-20 12:04:00
14780,55,2,447.68,223.84,26,24,0.0,2011-09-21 15:15:00
14782,320,1,200.10000000000002,200.10000000000002,6,0,0.0,2011-01-24 11:12:00
14784,26,2,289.99,144.995,15,297,0.0,2011-01-20 09:25:00
14785,10,2,77.4,38.7,2,4,0.0,2011-11-24 13:40:00
14788,7,2,679.4399999999999,339.71999999999997,26,19,0.0,2011-11-13 15:52:00
14789,29,1,197.64,197.64,6,0,0.0,2011-11-11 08:59:00
14790,17,4,745.06,186.265,30,236,0.0,2011-03-31 11:49:00
14792,64,2,0.01,0.01,2,0,0.5,2011-10-06 18:34:00
14793,4,2,214.14,107.07,14,17,0.06666666666666667,2011-11-18 14:50:00
14794,3,9,1272.11,141.34555555555553,68,331,0.024390243902439025,2011-01-09 16:11:00
14795,166,1,131.45000000000002,131.45000000000002,6,0,0.0,2011-06-26 13:04:00
14796,1,27,7839.51,290.3522222222222,403,365,0.020600858369098713,2010-12-08 09:55:00
14798,53,3,173.74,57.913333333333334,11,257,0.0,2011-02-02 15:26:00
14799,51,1,157.7,157.7,13,0,0.0,2011-10-19 16:16:00
14800,48,16,4236.34,264.77125,248,322,0.017857142857142856,2010-12-05 11:10:00
14801,61,1,193.14,193.14,56,0,0.0,2011-10-09 15:24:00
14803,162,3,845.55,281.84999999999997,35,130,0.0,2011-02-20 13:21:00
14804,9,1,353.27,353.27,12,0,0.0,2011-12-01 11:20:00
14805,15,4,554.65,138.6625,30,298,0.0,2011-01-30 10:43:00
14806,75,1,193.39000000000001,193.39000000000001,11,0,0.0,2011-09-25 15:32:00
14808,40,15,2175.37,145.02466666666666,179,132,0.08203125,2011-06-20 12:53:00
14810,41,11,2087.88,189.80727272727273,106,328,0.0,2010-12-05 12:08:00
14813,370,2,155.43,77.715,25,0,0.0,2010-12-05 11:54:00
14815,37,2,778.5,389.25,53,31,0.0,2011-10-03 11:36:00
14816,197,1,271.85,271.85,4,0,0.0,2011-05-26 13:16:00
14817,200,2,1110.34,555.17,52,76,0.0,2011-03-07 13:51:00
14818,74,3,657.8,219.26666666666665,41,179,0.0,2011-03-31 12:28:00
14819,64,2,272.07,136.035,13,127,0.0,2011-05-31 13:50:00
14820,21,4,507.29,126.8225,24,152,0.0,2011-06-19 14:56:00
14821,367,1,48.800000000000004,48.800000000000004,2,0,0.0,2010-12-08 08:43:00
14823,180,3,321.43,107.14333333333333,56,14,0.0,2011-05-29 12:48:00
14824,10,4,1127.71,281.9275,19,81,0.0,2011-09-09 14:12:00
14825,4,12,2226.91,185.57583333333332,82,364,0.0,2010-12-06 12:30:00
14828,197,3,2139.76,713.2533333333334,17,140,0.0,2011-01-07 09:50:00
14829,29,6,644.65,107.44166666666666,40,343,0.06666666666666667,2010-12-02 16:12:00
14830,53,1,197.13,197.13,39,0,0.0,2011-10-17 14:29:00
14834,18,8,1698.35,212.29375,43,222,0.04285714285714286,2011-04-13 15:00:00
14836,10,3,102.44999999999999,34.15,5,20,0.0,2011-11-09 13:26:00
14837,90,5,1641.2,328.24,96,111,0.01818181818181818,2011-05-22 12:49:00
14840,268,1,62.85,62.85,4,0,0.0,2011-03-17 12:00:00
14841,53,6,3295.76,549.2933333333334,103,305,0.0,2010-12-16 10:28:00
14842,35,8,2456.8,307.1,128,272,0.08227848101265822,2011-02-04 15:32:00
14844,64,4,3189.81,797.4525,87,177,0.0,2011-04-12 13:10:00
14847,149,1,309.4,309.4,13,0,0.0,2011-07-14 10:52:00
14849,22,28,7904.28,282.29571428571427,159,351,0.01020408163265306,2010-12-01 12:22:00
14850,312,2,278.15,139.075,22,56,0.045454545454545456,2010-12-07 08:42:00
14851,23,2,511.35,255.675,28,232,0.0,2011-03-28 14:59:00
14852,58,6,2836.69,472.7816666666667,96,193,0.0,2011-04-01 13:22:00
14853,9,3,463.05,154.35,8,202,0.1,2011-05-12 15:17:00
14854,78,8,2749.89,343.73625,110,196,0.030534351145038167,2011-03-10 12:22:00
14855,119,2,645.65,322.825,13,15,0.0,2011-07-28 12:06:00
14856,36,3,1311.3799999999999,437.1266666666666,65,20,0.0,2011-10-14 09:35:00
14857,60,3,1165.65,388.55,58,88,0.01639344262295082,2011-07-14 15:03:00
14859,13,5,1352.04,270.408,47,191,0.01694915254237288,2011-05-19 14:42:00
14860,9,2,168.62,84.31,11,10,0.08333333333333333,2011-11-20 14:17:00
14861,52,1,125.79,125.79,6,0,0.0,2011-10-18 12:54:00
14862,26,2,841.1999999999999,420.59999999999997,47,122,0.0,2011-07-14 11:20:00
14863,29,1,266.76,266.76,11,0,0.0,2011-11-10 15:04:00
14865,7,2,52.2,26.1,4,364,0.0,2010-12-02 18:23:00
14866,11,13,14197.45,1092.1115384615384,30,355,0.038834951456310676,2010-12-08 14:58:00
14867,186,4,701.33,175.3325,32,182,0.02702702702702703,2010-12-06 11:47:00
14868,3,9,2939.64,326.62666666666667,96,230,0.02040816326530612,2011-04-20 13:36:00
14869,4,3,721.95,240.65,66,99,0.013888888888888888,2011-08-28 16:09:00
14870,262,1,327.25,327.25,13,0,0.0,2011-03-23 10:51:00
14871,3,4,522.38,130.595,68,357,0.0,2010-12-14 12:18:00
14873,210,1,519.68,519.68,28,0,0.0,2011-05-13 13:52:00
14875,9,5,1448.72,289.744,47,253,0.06,2011-03-22 11:53:00
14878,13,9,1485.54,165.06,62,345,0.0,2010-12-16 12:11:00
14880,77,3,706.19,235.39666666666668,45,211,0.0,2011-02-24 12:27:00
14881,20,1,255.4,255.4,17,0,0.0,2011-11-20 11:06:00
14882,27,2,589.7,294.85,6,7,0.0,2011-11-06 10:15:00
14883,19,7,756.64,108.09142857142857,39,193,0.018518518518518517,2011-05-12 09:49:00
14885,132,1,765.3199999999999,765.3199999999999,15,0,0.0,2011-07-31 12:05:00
14886,253,1,364.8,364.8,18,0,0.0,2011-04-01 08:56:00
14887,79,1,1862.0,1862.0,6,0,0.0,2011-09-21 15:32:00
14888,207,1,369.2,369.2,20,0,0.0,2011-05-16 14:58:00
14889,336,1,135.9,135.9,10,0,0.0,2011-01-07 15:19:00
14890,254,1,125.65,125.65,7,0,0.0,2011-03-31 11:57:00
14891,148,2,554.38,277.19,30,39,0.0,2011-06-05 10:58:00
14893,10,2,1237.8500000000001,618.9250000000001,72,2,0.0,2011-11-28 10:49:00
14894,85,1,655.75,655.75,23,0,0.0,2011-09-15 13:51:00
14895,8,24,11020.26,459.1775,275,314,0.015810276679841896,2011-01-21 09:26:00
14896,205,2,468.77000000000004,234.38500000000002,43,160,0.0,2010-12-09 12:24:00
14897,8,4,1366.38,341.595,43,289,0.0,2011-02-16 08:37:00
14898,23,8,1228.32,153.54,87,347,0.025210084033613446,2010-12-03 15:25:00
14901,11,10,1414.99,141.499,73,361,0.02040816326530612,2010-12-02 11:20:00
14902,21,2,314.11,157.055,20,4,0.16666666666666666,2011-11-14 10:34:00
14903,21,10,2744.48,274.448,227,257,0.024725274725274724,2011-03-06 11:50:00
14904,2,2,1025.44,512.72,66,23,0.0,2011-11-14 09:13:00
14905,154,3,599.9,199.96666666666667,14,79,0.05555555555555555,2011-04-20 10:48:00
14907,3,10,3478.85,347.885,125,364,0.017857142857142856,2010-12-07 10:14:00
14908,74,1,277.8,277.8,9,0,0.0,2011-09-26 12:56:00
14910,3,7,389.86,55.69428571428572,25,51,0.14285714285714285,2011-10-16 11:06:00
14911,1,248,132572.62,534.5670161290323,1794,372,0.038298593458735805,2010-12-01 14:05:00
14912,17,3,841.52,280.50666666666666,22,230,0.03571428571428571,2011-04-07 11:06:00
14913,36,4,1227.43,306.8575,76,323,0.0,2010-12-15 14:35:00
14915,86,3,258.83,86.27666666666666,12,192,0.07692307692307693,2011-03-07 09:39:00
14916,71,5,1264.84,252.968,72,253,0.02531645569620253,2011-01-19 15:30:00
14918,116,2,1610.15,805.075,39,38,0.0,2011-07-08 12:50:00
14920,213,2,977.77,488.885,57,0,0.0,2011-05-11 10:31:00
14921,30,2,1316.07,658.035,78,171,0.0,2011-05-22 12:51:00
14923,51,1,749.1,749.1,44,0,0.0,2011-10-20 11:51:00
14924,246,1,310.05,310.05,10,0,0.0,2011-04-08 09:25:00
14929,32,1,223.88,223.88,11,0,0.0,2011-11-07 17:21:00
14930,109,3,2372.86,790.9533333333334,116,165,0.0,2011-03-10 14:42:00
14931,5,6,964.6800000000001,160.78,30,236,0.023809523809523808,2011-04-13 09:32:00
14932,366,1,363.53,363.53,17,0,0.0,2010-12-09 11:48:00
14934,73,3,1888.84,629.6133333333333,68,209,0.011363636363636364,2011-03-02 11:48:00
14935,297,1,1784.71,1784.71,10,0,0.0,2011-02-15 14:44:00
14936,9,9,8117.42,901.9355555555555,210,266,0.00546448087431694,2011-03-09 11:53:00
14937,57,4,1617.63,404.4075,33,73,0.02857142857142857,2011-08-01 14:16:00
14944,30,14,5842.95,417.3535714285714,101,322,0.011627906976744186,2010-12-22 13:13:00
14946,14,1,100.9,100.9,3,0,0.0,2011-11-25 13:33:00
14947,72,2,290.82,145.41,14,58,0.0,2011-08-01 09:31:00
14948,23,7,1066.57,152.36714285714285,56,196,0.015625,2011-05-04 14:52:00
14950,9,2,361.25,180.625,19,10,0.05,2011-11-20 13:48:00
14951,79,1,311.69,311.69,20,0,0.0,2011-09-21 15:15:00
14952,46,15,7912.79,527.5193333333333,119,320,0.0738255033557047,2010-12-08 11:33:00
14953,25,1,289.82,289.82,54,0,0.0,2011-11-14 14:59:00
14954,12,1,336.17,336.17,75,0,0.0,2011-11-27 14:30:00
14957,253,1,58.49,58.49,12,0,0.0,2011-03-31 17:59:00
14958,147,3,499.68,166.56,33,98,0.0,2011-04-08 11:28:00
14959,59,5,684.97,136.994,37,237,0.03278688524590164,2011-02-16 13:00:00
14960,8,2,221.27,110.635,23,162,0.0,2011-06-21 13:38:00
14961,11,12,7006.58,583.8816666666667,193,349,0.015772870662460567,2010-12-14 11:38:00
14962,271,1,126.7,126.7,5,0,0.0,2011-03-14 09:42:00
14963,10,5,1487.8,297.56,149,173,0.0,2011-06-09 12:30:00
14964,247,1,206.21,206.21,13,0,0.0,2011-04-06 14:13:00
14965,96,2,599.0,299.5,80,0,0.0,2011-09-04 13:15:00
14966,15,1,191.32,191.32,35,0,0.0,2011-11-25 12:20:00
14967,50,1,463.8,463.8,6,0,0.0,2011-10-21 11:06:00
14968,30,1,147.59,147.59,37,0,0.0,2011-11-09 13:58:00
14970,68,4,1592.06,398.015,24,248,0.0,2011-01-27 12:23:00
14971,35,3,1116.57,372.19,144,8,0.0,2011-10-27 13:33:00
14972,128,1,114.77,114.77,18,0,0.0,2011-08-03 14:54:00
14973,107,3,1314.45,438.15000000000003,29,118,0.0,2011-04-28 12:22:00
14974,37,1,114.39,114.39,17,0,0.0,2011-11-02 13:01:00
14975,57,1,279.94,279.94,11,0,0.0,2011-10-13 14:08:00
14976,57,8,765.86,95.7325,47,269,0.0136986301369863,2011-01-17 11:09:00
14978,72,5,1931.42,386.284,136,258,0.0,2011-01-13 12:03:00
14981,246,1,102.12,102.12,8,0,0.0,2011-04-07 13:45:00
14984,19,2,213.27,106.635,37,161,0.0,2011-06-12 11:04:00
14985,198,2,296.75,148.375,78,159,0.0,2010-12-16 19:51:00
14987,16,2,326.4,163.2,2,349,0.0,2010-12-09 12:13:00
14988,212,1,334.54,334.54,40,0,0.0,2011-05-12 12:05:00
14995,39,2,233.23000000000002,116.61500000000001,53,241,0.0,2011-03-04 13:14:00
14997,46,4,540.98,135.245,25,131,0.037037037037037035,2011-06-14 16:52:00
14998,170,2,429.87,214.935,70,71,0.0,2011-04-12 16:28:00
15000,48,1,490.52,490.52,76,0,0.0,2011-10-23 11:42:00
15002,116,4,1641.76,410.44,93,251,0.0,2010-12-07 13:16:00
15004,147,1,1246.32,1246.32,154,0,0.0,2011-07-15 14:05:00
15005,16,35,6180.49,176.58542857142857,368,350,0.0353448275862069,2010-12-08 14:36:00
15006,51,1,502.09,502.09,121,0,0.0,2011-10-19 15:08:00
15007,159,1,156.91,156.91,12,0,0.0,2011-07-03 16:00:00
15009,12,3,1261.78,420.5933333333333,148,12,0.0,2011-11-14 17:40:00
15010,36,1,308.94,308.94,20,0,0.0,2011-11-04 12:42:00
15012,54,2,423.04,211.52,110,319,0.0,2010-12-01 12:49:00
15014,43,2,260.17,130.085,29,133,0.0,2011-06-16 19:40:00
15016,173,1,170.04,170.04,20,0,0.0,2011-06-20 12:06:00
15017,34,1,125.58,125.58,20,0,0.0,2011-11-06 10:33:00
15018,39,4,456.26,114.065,30,329,0.03125,2010-12-07 10:47:00
15019,267,1,266.0,266.0,64,0,0.0,2011-03-18 12:35:00
15021,9,13,1872.28,144.02153846153846,287,359,0.014613778705636743,2010-12-07 08:57:00
15022,12,4,905.04,226.26,96,35,0.0,2011-10-23 15:47:00
15023,3,12,6763.16,563.5966666666667,347,366,0.0017761989342806395,2010-12-05 13:49:00
15024,10,10,1661.33,166.13299999999998,105,357,0.0,2010-12-07 13:20:00
15025,33,1,377.01,377.01,66,0,0.0,2011-11-06 15:20:00
15026,80,3,469.0,156.33333333333334,57,197,0.0,2011-03-07 13:45:00
15027,31,6,1051.95,175.32500000000002,30,207,0.05405405405405406,2011-04-15 14:14:00
15028,8,4,627.13,156.7825,35,360,0.0,2010-12-06 12:47:00
15030,72,2,518.28,259.14,7,196,0.0,2011-03-16 15:34:00
15031,4,4,668.14,167.035,74,277,0.0,2011-03-02 14:46:00
15032,256,5,4464.1,892.82,29,110,0.05454545454545454,2010-12-08 12:57:00
15033,5,11,2571.02,233.7290909090909,315,324,0.005847953216374269,2011-01-14 13:28:00
15034,16,11,4277.66,388.8781818181818,299,338,0.015,2010-12-21 09:47:00
15035,90,1,252.73000000000002,252.73000000000002,26,0,0.0,2011-09-11 11:08:00
15036,72,3,465.55,155.18333333333334,107,107,0.0,2011-06-13 12:19:00
15038,43,7,665.59,95.08428571428571,105,326,0.022556390977443608,2010-12-05 10:54:00
15039,10,52,19786.44,380.5084615384615,408,359,0.003978779840848806,2010-12-06 11:26:00
15041,170,1,180.35,180.35,66,0,0.0,2011-06-22 16:16:00
15042,199,1,135.93,135.93,5,0,0.0,2011-05-24 16:25:00
15043,31,1,537.0,537.0,3,0,0.0,2011-11-08 14:26:00
15044,19,22,7629.38,346.79,233,342,0.01735357917570499,2010-12-12 14:27:00
15045,152,3,633.66,211.22,11,105,0.07692307692307693,2011-03-27 11:44:00
15046,9,16,5064.01,316.500625,147,329,0.004830917874396135,2011-01-05 15:30:00
15047,270,1,343.62,343.62,22,0,0.0,2011-03-15 10:49:00
15048,65,5,380.57,76.114,86,303,0.01020408163265306,2010-12-06 12:15:00
15049,274,1,121.17000000000002,121.17000000000002,3,0,0.0,2011-03-11 12:13:00
15050,25,5,1727.17,345.434,68,46,0.025,2011-09-29 13:22:00
15051,23,3,1391.61,463.86999999999995,130,127,0.0,2011-07-12 15:29:00
15052,319,1,215.78,215.78,27,0,0.0,2011-01-24 15:52:00
15053,5,3,697.79,232.59666666666666,49,277,0.0,2011-03-03 12:06:00
15054,12,2,302.1,151.05,105,28,0.0,2011-10-30 14:33:00
15057,275,2,1489.5,744.75,25,40,0.0,2011-01-28 09:09:00
15058,25,11,2124.9900000000002,193.18090909090913,199,286,0.0,2011-01-31 15:35:00
15059,41,11,1325.82,120.5290909090909,161,293,0.008368200836820083,2011-01-09 11:54:00
15060,8,4,303.09,75.7725,81,0,0.0,2011-11-30 14:03:00
15061,4,55,54228.74,985.9770909090909,71,368,0.01707317073170732,2010-12-02 15:19:00
15062,71,4,987.86,246.965,47,288,0.0,2010-12-15 15:37:00
15063,213,1,370.79999999999995,370.79999999999995,5,0,0.0,2011-05-10 13:25:00
15065,38,6,3135.98,522.6633333333333,148,253,0.0189873417721519,2011-02-21 12:54:00
15066,32,2,760.59,380.295,42,21,0.20754716981132076,2011-10-17 13:25:00
15067,78,3,1744.76,581.5866666666667,82,204,0.0,2011-03-02 12:10:00
15068,46,2,553.36,276.68,96,210,0.0,2011-03-28 14:27:00
15069,179,1,1109.53,1109.53,70,0,0.0,2011-06-13 14:16:00
15070,373,1,106.2,106.2,1,0,0.0,2010-12-02 11:23:00
15071,94,2,982.07,491.035,25,182,0.0,2011-03-09 10:19:00
15073,10,4,612.43,153.1075,31,177,0.2894736842105263,2011-06-06 09:59:00
15074,105,1,748.87,748.87,41,0,0.0,2011-08-26 14:45:00
15075,78,1,773.03,773.03,27,0,0.0,2011-09-23 12:27:00
15076,173,1,880.85,880.85,49,0,0.0,2011-06-20 08:23:00
15078,7,38,9623.35,253.24605263157895,98,361,0.024390243902439025,2010-12-06 12:38:00
15079,213,5,893.66,178.732,47,153,0.020833333333333332,2010-12-09 09:25:00
15081,22,6,487.35,81.22500000000001,26,345,0.05714285714285714,2010-12-07 16:20:00
15083,257,1,88.2,88.2,5,0,0.0,2011-03-28 12:18:00
15087,282,1,306.94,306.94,15,0,0.0,2011-03-03 10:34:00
15088,21,3,1140.27,380.09,53,45,0.05,2011-10-03 14:05:00
15089,10,6,2420.84,403.47333333333336,139,118,0.0,2011-08-03 14:14:00
15090,308,1,381.32,381.32,23,0,0.0,2011-02-04 14:03:00
15091,54,2,476.96,238.48,30,13,0.03225806451612903,2011-10-03 12:47:00
15092,215,2,457.81,228.905,23,68,0.0,2011-03-01 12:24:00
15093,18,9,4410.14,490.0155555555556,52,353,0.03571428571428571,2010-12-02 18:25:00
15095,104,5,1364.7,272.94,30,99,0.04081632653061224,2011-05-20 14:27:00
15096,43,1,219.39000000000001,219.39000000000001,11,0,0.0,2011-10-28 10:27:00
15097,4,1,248.08,248.08,25,0,0.0,2011-12-05 14:03:00
15098,182,5,649.5,129.9,2,0,0.4,2011-06-10 15:22:00
15099,84,1,410.48,410.48,23,0,0.0,2011-09-16 13:13:00
15100,330,6,635.1,105.85000000000001,1,43,0.5,2010-12-01 09:09:00
15101,9,3,310.03,103.34333333333332,8,350,0.1111111111111111,2010-12-15 12:54:00
15103,31,2,703.36,351.68,35,55,0.0,2011-09-14 13:54:00
15104,167,3,1002.54,334.18,66,115,0.028169014084507043,2011-03-02 14:16:00
15105,18,7,2298.93,328.4185714285714,90,116,0.0,2011-07-28 10:09:00
15106,18,7,1407.73,201.1042857142857,90,251,0.0196078431372549,2011-03-15 12:52:00
15107,311,8,247.66,30.9575,13,61,0.15789473684210525,2010-12-02 13:45:00
15108,142,5,1291.75,258.35,50,85,0.01639344262295082,2011-04-26 10:54:00
15109,241,2,463.75,231.875,28,4,0.0967741935483871,2011-04-08 09:58:00
15110,24,7,970.25,138.60714285714286,17,294,0.125,2011-01-25 11:41:00
15111,29,3,1567.48,522.4933333333333,70,343,0.0,2010-12-02 11:45:00
15113,10,4,3439.41,859.8525,77,44,0.009900990099009901,2011-10-16 15:27:00
15114,30,10,2760.56,276.056,136,271,0.0,2011-02-11 08:45:00
15115,18,1,340.11,340.11,21,0,0.0,2011-11-21 14:59:00
15116,18,4,1352.75,338.1875,37,187,0.0,2011-05-19 08:50:00
15117,15,6,1550.13,258.355,63,200,0.0125,2011-05-08 12:38:00
15118,134,1,244.8,244.8,1,0,0.0,2011-07-28 14:54:00
15119,246,1,266.4,266.4,14,0,0.0,2011-04-08 09:08:00
15120,130,2,343.82,171.91,21,4,0.045454545454545456,2011-07-29 09:48:00
15121,50,2,457.72,228.86,28,238,0.0,2011-02-24 12:41:00
15122,85,6,1612.13,268.68833333333333,65,212,0.05747126436781609,2011-02-15 09:59:00
15123,7,2,2199.31,1099.655,93,198,0.0,2011-05-17 14:57:00
15124,23,2,184.19,92.095,14,169,0.0,2011-06-01 09:06:00
15125,25,23,11117.05,483.34999999999997,102,245,0.09285714285714286,2011-03-14 09:59:00
15127,66,1,406.53,406.53,16,0,0.0,2011-10-05 10:30:00
15128,60,8,1419.54,177.4425,76,159,0.08108108108108109,2011-05-04 12:32:00
15129,50,11,3447.4,313.40000000000003,54,241,0.0,2011-02-21 09:09:00
15130,170,1,330.11,330.11,22,0,0.0,2011-06-23 10:15:00
15132,18,5,977.9300000000001,195.586,49,244,0.0,2011-03-22 12:02:00
15133,128,3,982.42,327.4733333333333,27,174,0.0,2011-02-11 10:38:00
15134,15,8,1387.99,173.49875,44,225,0.0,2011-04-13 11:05:00
15135,233,2,127.15,63.575,9,5,0.1,2011-04-14 19:16:00
15136,3,5,1282.45,256.49,61,93,0.014492753623188406,2011-09-04 16:05:00
15139,240,2,178.96,89.48,13,96,0.0,2011-01-07 12:44:00
15140,52,8,2350.0,293.75,74,211,0.012345679012345678,2011-03-20 14:37:00
15142,46,1,498.74,498.74,26,0,0.0,2011-10-24 12:51:00
15143,226,1,259.45,259.45,14,0,0.0,2011-04-28 12:03:00
15144,8,18,6530.04,362.78,132,304,0.0045871559633027525,2011-01-31 13:17:00
15145,4,4,1194.73,298.6825,54,244,0.0,2011-04-05 15:20:00
15146,165,3,1313.66,437.8866666666667,90,126,0.042105263157894736,2011-02-21 13:07:00
15147,219,2,608.65,304.325,28,21,0.034482758620689655,2011-04-13 15:57:00
15148,11,1,301.29,301.29,20,0,0.0,2011-11-29 08:21:00
15149,134,1,520.8000000000001,520.8000000000001,23,0,0.0,2011-07-29 10:58:00
15150,17,11,5303.97,482.1790909090909,282,251,0.0029069767441860465,2011-03-15 14:21:00
15152,10,16,4684.24,292.765,196,177,0.025179856115107913,2011-06-05 15:36:00
15153,31,1,329.25,329.25,22,0,0.0,2011-11-08 17:09:00
15154,74,2,240.27,120.135,66,1,0.07608695652173914,2011-09-25 16:05:00
15156,1,3,961.49,320.49666666666667,51,32,0.0,2011-11-06 12:41:00
15157,4,5,1869.5,373.9,126,354,0.06015037593984962,2010-12-16 13:44:00
15158,45,1,401.40000000000003,401.40000000000003,7,0,0.0,2011-10-25 13:53:00
15159,2,34,18573.68,546.2847058823529,363,359,0.013888888888888888,2010-12-13 15:44:00
15160,357,1,158.16,158.16,4,0,0.0,2010-12-17 14:15:00
15163,18,2,304.47,152.235,29,173,0.0,2011-05-31 15:22:00
15164,69,3,843.05,281.01666666666665,79,270,0.0,2011-01-04 14:21:00
15165,373,1,487.75,487.75,27,0,0.0,2010-12-01 14:03:00
15167,321,1,163.0,163.0,39,0,0.0,2011-01-23 12:41:00
15168,26,1,106.56,106.56,5,0,0.0,2011-11-14 11:26:00
15171,325,2,1034.5,517.25,5,6,0.2857142857142857,2011-01-12 15:36:00
15172,9,5,1624.05,324.81,106,227,0.0,2011-04-17 11:56:00
15174,323,1,135.75,135.75,11,0,0.0,2011-01-21 09:06:00
15175,72,1,224.14,224.14,23,0,0.0,2011-09-29 11:31:00
15178,260,1,40.5,40.5,3,0,0.0,2011-03-24 15:12:00
15179,18,7,2186.2,312.3142857142857,91,345,0.021052631578947368,2010-12-10 17:05:00
15180,367,1,87.5,87.5,6,0,0.0,2010-12-07 14:57:00
15181,66,5,680.28,136.05599999999998,13,299,0.1111111111111111,2010-12-09 13:28:00
15182,154,2,622.85,311.425,24,114,0.0,2011-03-16 12:42:00
15184,29,2,406.76,203.38,59,161,0.0,2011-06-02 12:06:00
15185,70,1,310.62,310.62,21,0,0.0,2011-09-30 14:06:00
15186,14,2,411.41,205.705,17,154,0.0,2011-06-24 14:54:00
15187,2,18,4670.08,259.44888888888886,61,210,0.021505376344086023,2011-05-11 13:49:00
15189,1,53,15802.14,298.15358490566035,80,331,0.08620689655172414,2011-01-11 12:29:00
15192,120,3,1044.32,348.1066666666666,36,245,0.0,2010-12-09 14:56:00
15193,61,1,499.32,499.32,19,0,0.0,2011-10-10 08:23:00
15194,3,22,7521.17,341.87136363636364,209,365,0.049079754601226995,2010-12-06 15:00:00
15195,3,1,3861.0,3861.0,1,0,0.0,2011-12-07 12:20:00
15197,9,5,656.44,131.288,30,349,0.1111111111111111,2010-12-16 18:01:00
15198,92,2,193.64,96.82,10,31,0.0,2011-08-07 15:16:00
15199,59,4,1268.7,317.175,5,249,0.0,2011-02-04 14:04:00
15201,79,11,927.84,84.34909090909092,38,168,0.28865979381443296,2011-04-06 14:02:00
15203,26,6,1827.8,304.6333333333333,82,285,0.0,2011-02-01 12:29:00
15204,357,1,316.58,316.58,9,0,0.0,2010-12-17 13:49:00
15205,85,3,648.8299999999999,216.27666666666664,38,42,0.02631578947368421,2011-08-04 16:07:00
15206,10,4,420.29999999999995,105.07499999999999,3,265,0.0,2011-03-09 08:59:00
15208,1,6,867.62,144.60333333333332,25,352,0.023255813953488372,2010-12-21 13:03:00
15210,225,1,331.18,331.18,20,0,0.0,2011-04-28 16:11:00
15211,60,2,894.4100000000001,447.20500000000004,52,304,0.0,2010-12-09 16:08:00
15212,239,2,88.94999999999999,44.474999999999994,5,1,0.2857142857142857,2011-04-12 13:45:00
15213,319,3,325.05,108.35000000000001,22,11,0.04,2011-01-14 11:05:00
15214,2,8,1661.44,207.68,109,241,0.0,2011-04-11 09:46:00
15215,45,6,615.99,102.665,35,272,0.18604651162790697,2011-01-26 17:25:00
15216,88,1,96.6,96.6,2,0,0.0,2011-09-13 11:41:00
15218,11,11,5756.89,523.3536363636364,77,308,0.0,2011-01-25 11:20:00
15219,176,1,305.75,305.75,9,0,0.0,2011-06-16 16:57:00
15220,52,7,1758.92,251.27428571428572,110,229,0.01680672268907563,2011-03-04 10:24:00
15221,366,2,114.1,57.05,9,3,0.5454545454545454,2010-12-05 12:29:00
15222,319,1,585.0,585.0,5,0,0.0,2011-01-25 08:03:00
15223,226,3,454.90000000000003,151.63333333333335,14,23,0.375,2011-04-04 12:17:00
15224,358,3,310.48,103.49333333333334,13,4,0.125,2010-12-12 11:23:00
15225,234,1,409.40000000000003,409.40000000000003,23,0,0.0,2011-04-19 14:51:00
15226,311,1,154.41,154.41,8,0,0.0,2011-02-02 11:41:00
15227,37,5,1219.4,243.88000000000002,43,280,0.0,2011-01-26 15:31:00
15228,66,5,3376.96,675.392,110,228,0.007936507936507936,2011-02-18 09:04:00
15230,239,2,429.6,214.8,23,1,0.0,2011-04-13 11:04:00
15232,113,2,612.06,306.03,26,27,0.0,2011-07-22 12:21:00
15234,277,1,197.0,197.0,14,0,0.0,2011-03-08 08:53:00
15235,218,12,2247.51,187.29250000000002,132,155,0.0,2010-12-01 17:22:00
15236,299,1,321.05,321.05,15,0,0.0,2011-02-14 10:52:00
15237,2,4,1412.32,353.08,94,225,0.0,2011-04-26 15:04:00
15238,29,5,1056.54,211.308,49,154,0.038461538461538464,2011-06-08 16:00:00
15239,10,3,764.34,254.78,48,68,0.057692307692307696,2011-09-22 09:53:00
15240,45,7,1685.57,240.79571428571427,61,326,0.060240963855421686,2010-12-03 10:09:00
15241,67,9,1738.59,193.17666666666665,82,216,0.009009009009009009,2011-03-01 11:02:00
15243,74,1,316.68,316.68,22,0,0.0,2011-09-26 14:12:00
15244,65,2,631.57,315.785,31,182,0.0,2011-04-05 15:12:00
15245,134,3,2515.84,838.6133333333333,55,127,0.0,2011-03-23 13:42:00
15246,238,2,514.15,257.075,32,120,0.0,2010-12-16 09:46:00
15247,122,1,356.0,356.0,6,0,0.0,2011-08-09 12:52:00
15249,32,15,6657.36,443.82399999999996,211,224,0.0223463687150838,2011-03-28 12:49:00
15251,9,15,10327.11,688.474,97,232,0.08264462809917356,2011-04-12 10:38:00
15252,36,2,740.78,370.39,44,146,0.0,2011-06-09 14:15:00
15253,16,6,915.3,152.54999999999998,52,153,0.03636363636363636,2011-06-23 12:19:00
15254,127,1,300.36,300.36,18,0,0.0,2011-08-04 15:04:00
15255,67,1,890.85,890.85,47,0,0.0,2011-10-04 12:43:00
15256,149,1,98.45,98.45,6,0,0.0,2011-07-14 11:47:00
15257,281,2,232.14999999999998,116.07499999999999,7,2,0.125,2011-03-01 12:58:00
15258,169,2,623.16,311.58,32,48,0.0,2011-05-06 14:16:00
15260,100,8,1780.77,222.59625,62,272,0.01282051282051282,2010-12-02 12:09:00
15261,135,1,254.82,254.82,19,0,0.0,2011-07-27 15:20:00
15262,324,1,178.95000000000002,178.95000000000002,10,0,0.0,2011-01-20 12:16:00
15263,107,1,156.51,156.51,12,0,0.0,2011-08-25 10:26:00
15264,64,1,393.74,393.74,23,0,0.0,2011-10-06 13:49:00
15265,151,2,1506.1200000000001,753.0600000000001,76,84,0.0,2011-04-18 12:16:00
15266,338,1,119.3,119.3,6,0,0.0,2011-01-05 13:40:00
15267,22,5,1717.36,343.472,8,160,0.0,2011-06-10 10:24:00
15269,24,1,408.8,408.8,2,0,0.0,2011-11-16 09:32:00
15270,16,9,2298.2,255.35555555555553,22,294,0.14583333333333334,2011-02-02 13:25:00
15271,7,16,2485.82,155.36375,184,358,0.0036363636363636364,2010-12-09 13:47:00
15272,57,2,721.94,360.97,63,28,0.0,2011-09-14 16:36:00
15274,4,2,716.57,358.285,44,14,0.0,2011-11-21 14:17:00
15275,31,2,609.19,304.595,41,6,0.023809523809523808,2011-11-02 11:20:00
15276,66,1,135.31,135.31,49,0,0.0,2011-10-04 16:39:00
15277,47,1,255.89999999999998,255.89999999999998,12,0,0.0,2011-10-24 10:08:00
15279,355,2,277.40999999999997,138.70499999999998,21,10,0.09523809523809523,2010-12-09 14:58:00
15280,172,1,113.12,113.12,16,0,0.0,2011-06-20 17:14:00
15281,59,12,2239.9500000000003,186.66250000000002,122,274,0.07333333333333333,2011-01-10 15:51:00
15286,50,1,240.55,240.55,3,0,0.0,2011-10-21 11:08:00
15287,22,3,485.24,161.74666666666667,17,48,0.047619047619047616,2011-09-30 12:30:00
15288,43,5,2306.52,461.304,80,322,0.0,2010-12-09 13:59:00
15289,29,4,935.1,233.775,43,220,0.01694915254237288,2011-04-04 12:44:00
15290,5,21,7803.7699999999995,371.6080952380952,93,354,0.03773584905660377,2010-12-15 16:03:00
15291,26,20,4596.51,229.8255,63,348,0.05504587155963303,2010-12-01 09:32:00
15292,201,1,180.94,180.94,24,0,0.0,2011-05-22 15:00:00
15296,44,10,3610.31,361.031,137,282,0.03,2011-01-17 11:57:00
15297,10,4,635.04,158.76,30,53,0.04878048780487805,2011-10-07 09:42:00
15298,2,14,3774.1,269.5785714285714,115,364,0.010309278350515464,2010-12-08 13:55:00
15299,67,11,3787.09,344.2809090909091,9,304,0.4166666666666667,2010-12-02 16:48:00
15300,64,1,496.44,496.44,28,0,0.0,2011-10-06 17:08:00
15301,51,14,5028.12,359.15142857142854,167,317,0.016194331983805668,2010-12-06 12:21:00
15303,290,1,574.02,574.02,31,0,0.0,2011-02-22 13:59:00
15304,61,10,680.3,68.03,8,307,0.11538461538461539,2010-12-06 11:42:00
15306,64,3,1174.35,391.45,57,83,0.0,2011-07-14 15:22:00
15307,96,1,205.3,205.3,12,0,0.0,2011-09-05 11:38:00
15308,271,2,302.27,151.135,19,3,0.09523809523809523,2011-03-10 13:08:00
15311,1,118,59419.340000000004,503.55372881355936,571,373,0.044961862705740666,2010-12-01 09:41:00
15312,75,5,921.1,184.22,42,279,0.020833333333333332,2010-12-20 11:01:00
15313,110,1,52.0,52.0,1,0,0.0,2011-08-21 16:02:00
15314,199,1,327.97,327.97,24,0,0.0,2011-05-24 14:39:00
15315,64,3,551.54,183.84666666666666,35,51,0.02631578947368421,2011-08-15 15:17:00
15316,327,1,165.0,165.0,1,0,0.0,2011-01-17 11:34:00
15318,4,1,312.62,312.62,33,0,0.0,2011-12-06 11:30:00
15319,284,1,204.5,204.5,16,0,0.0,2011-03-01 12:48:00
15320,44,1,267.13,267.13,36,0,0.0,2011-10-26 13:27:00
15321,49,4,2650.73,662.6825,83,242,0.10377358490566038,2011-02-21 11:10:00
15322,64,2,602.97,301.485,42,21,0.14285714285714285,2011-09-15 09:34:00
15325,104,1,162.29,162.29,47,0,0.0,2011-08-28 11:55:00
15326,334,1,311.71,311.71,29,0,0.0,2011-01-10 11:38:00
15327,53,1,208.75,208.75,10,0,0.0,2011-10-18 11:55:00
15329,35,5,1005.5,201.1,52,329,0.08064516129032258,2010-12-09 15:43:00
15330,32,2,714.96,357.48,10,28,0.0,2011-10-10 12:30:00
15332,366,4,1661.06,415.265,29,3,0.0,2010-12-05 12:00:00
15333,208,1,1028.56,1028.56,16,0,0.0,2011-05-15 13:27:00
15334,157,3,351.67,117.22333333333334,67,16,0.0,2011-06-19 13:51:00
15335,54,1,173.97,173.97,34,0,0.0,2011-10-17 12:50:00
15339,66,3,557.57,185.85666666666668,79,251,0.022727272727272728,2011-01-25 13:15:00
15341,81,1,2020.52,2020.52,17,0,0.0,2011-09-20 09:40:00
15342,116,2,391.76,195.88,24,13,0.07692307692307693,2011-08-02 10:19:00
15343,87,1,364.5,364.5,21,0,0.0,2011-09-13 13:55:00
15344,1,5,476.58,95.316,21,73,0.1875,2011-09-26 14:48:00
15345,35,2,367.69,183.845,20,10,0.13043478260869565,2011-10-25 11:28:00
15346,333,1,252.42000000000002,252.42000000000002,17,0,0.0,2011-01-11 11:18:00
15347,366,1,201.60000000000002,201.60000000000002,5,0,0.0,2010-12-08 15:25:00
15348,72,1,158.04,158.04,9,0,0.0,2011-09-28 13:17:00
15349,158,2,473.81,236.905,65,29,0.0,2011-06-05 15:46:00
15350,373,1,115.65,115.65,5,0,0.0,2010-12-01 13:33:00
15351,12,10,1862.14,186.214,160,357,0.034334763948497854,2010-12-05 10:48:00
15353,255,2,777.02,388.51,59,113,0.0,2010-12-07 11:49:00
15355,29,2,277.05,138.525,9,23,0.0,2011-10-17 15:22:00
15356,31,10,2766.5,276.65,215,336,0.0,2010-12-06 14:05:00
15358,5,29,8234.8,283.95862068965516,292,360,0.017825311942959002,2010-12-09 10:04:00
15360,40,1,427.93,427.93,13,0,0.0,2011-10-31 09:35:00
15361,362,1,418.92,418.92,7,0,0.0,2010-12-13 09:52:00
15363,241,2,318.05,159.025,16,131,0.058823529411764705,2010-12-02 12:28:00
15364,96,2,913.19,456.595,29,158,0.0,2011-03-30 13:39:00
15365,26,9,1330.45,147.82777777777778,66,289,0.24503311258278146,2011-01-28 13:08:00
15366,75,2,602.51,301.255,37,282,0.0,2010-12-16 15:59:00
15367,57,5,1867.69,373.538,92,218,0.010416666666666666,2011-03-09 13:53:00
15368,21,1,446.94000000000005,446.94000000000005,4,0,0.0,2011-11-18 14:42:00
15369,144,1,0.01,0.01,1,0,1.0,2011-07-18 15:11:00
15370,41,8,2360.55,295.06875,65,291,0.010526315789473684,2011-01-11 11:32:00
15372,137,1,2007.3999999999999,2007.3999999999999,27,0,0.0,2011-07-25 16:39:00
15373,8,13,2213.11,170.23923076923077,74,363,0.0364963503649635,2010-12-03 14:40:00
15374,129,1,168.0,168.0,3,0,0.0,2011-08-03 09:59:00
15376,40,3,1233.3600000000001,411.12000000000006,100,182,0.0,2011-05-01 13:45:00
15379,169,8,3631.8900000000003,453.98625000000004,145,189,0.01020408163265306,2010-12-16 13:02:00
15380,9,6,1682.3600000000001,280.3933333333334,22,356,0.02702702702702703,2010-12-09 15:01:00
15381,214,2,596.85,298.425,8,54,0.0,2011-03-16 13:44:00
15382,15,8,5927.86,740.9825,193,280,0.013071895424836602,2011-02-17 12:01:00
15384,170,3,635.76,211.92,35,202,0.046511627906976744,2010-12-02 17:27:00
15385,40,1,316.88,316.88,12,0,0.0,2011-10-30 15:11:00
15386,186,1,394.14,394.14,31,0,0.0,2011-06-06 13:47:00
15388,270,1,140.54,140.54,10,0,0.0,2011-03-14 13:53:00
15389,172,1,500.0,500.0,1,0,0.0,2011-06-20 16:18:00
15392,5,5,1515.73,303.146,74,355,0.011764705882352941,2010-12-14 15:50:00
15393,16,2,231.86,115.93,10,264,0.0,2011-03-03 16:58:00
15394,10,4,2183.54,545.885,54,348,0.0,2010-12-16 12:46:00
15395,326,1,107.45,107.45,7,0,0.0,2011-01-18 12:40:00
15396,113,1,288.18,288.18,14,0,0.0,2011-08-19 10:56:00
15397,290,1,94.0,94.0,6,0,0.0,2011-02-23 09:25:00
15398,16,3,1339.63,446.54333333333335,60,62,0.013513513513513514,2011-09-22 14:56:00
15399,1,3,815.77,271.92333333333335,45,77,0.0,2011-09-21 15:57:00
15400,92,6,666.7,111.11666666666667,10,186,0.07692307692307693,2011-03-06 11:27:00
15402,149,2,626.77,313.385,35,47,0.0,2011-05-27 13:32:00
15405,189,1,349.1,349.1,8,0,0.0,2011-06-03 14:44:00
15406,18,4,426.61,106.6525,51,282,0.08620689655172414,2011-02-11 16:19:00
15407,34,4,1056.44,264.11,142,271,0.0,2011-02-07 13:18:00
15408,264,1,267.18,267.18,34,0,0.0,2011-03-20 15:02:00
15410,84,8,3450.84,431.355,48,177,0.0,2011-03-23 10:15:00
15411,26,5,1346.38,269.276,86,156,0.01,2011-06-10 12:30:00
15412,171,1,190.53,190.53,10,0,0.0,2011-06-21 15:24:00
15414,10,3,774.9000000000001,258.3,37,232,0.0,2011-04-11 13:45:00
15415,313,1,572.8100000000001,572.8100000000001,46,0,0.0,2011-01-30 14:13:00
15416,65,5,3974.37,794.874,165,218,0.0051813471502590676,2011-03-02 08:41:00
15417,85,1,508.8,508.8,28,0,0.0,2011-09-15 15:26:00
15419,25,1,135.86,135.86,8,0,0.0,2011-11-15 09:23:00
15421,59,4,950.36,237.59,40,251,0.0,2011-02-02 14:36:00
15422,323,2,97.7,48.85,6,0,0.0,2011-01-20 14:17:00
15423,38,1,43.5,43.5,2,0,0.0,2011-11-01 14:01:00
15424,254,2,383.34,191.67,17,0,0.0,2011-03-30 13:00:00
15426,19,7,1429.9,204.27142857142857,222,350,0.02666666666666667,2010-12-05 13:55:00
15427,33,3,1483.14,494.38000000000005,233,13,0.0,2011-10-23 14:47:00
15428,15,1,93.78,93.78,6,0,0.0,2011-11-24 16:54:00
15429,27,3,364.90000000000003,121.63333333333334,77,48,0.012048192771084338,2011-09-25 13:42:00
15432,23,1,171.19,171.19,10,0,0.0,2011-11-16 16:30:00
15433,79,3,417.87,139.29,40,188,0.22641509433962265,2011-03-17 14:12:00
15434,8,6,997.48,166.24666666666667,40,191,0.06779661016949153,2011-05-23 14:18:00
15435,22,1,149.29,149.29,29,0,0.0,2011-11-17 16:39:00
15436,12,3,1122.53,374.1766666666667,243,221,0.0,2011-04-19 16:52:00
15437,262,1,200.16,200.16,44,0,0.0,2011-03-22 13:11:00
15438,131,1,156.57999999999998,156.57999999999998,25,0,0.0,2011-07-31 14:19:00
15440,55,3,383.68,127.89333333333333,50,154,0.0,2011-05-15 11:30:00
15442,249,1,594.0,594.0,2,0,0.0,2011-04-05 12:24:00
15443,2,8,3212.16,401.52,237,318,0.007792207792207792,2011-01-23 13:25:00
15444,9,2,1418.26,709.13,191,31,0.0,2011-10-30 16:12:00
15445,264,1,113.5,113.5,5,0,0.0,2011-03-20 15:06:00
15447,331,1,155.17,155.17,9,0,0.0,2011-01-13 11:26:00
15448,313,1,494.64,494.64,28,0,0.0,2011-01-31 10:42:00
15449,26,5,971.22,194.244,47,235,0.03225806451612903,2011-03-23 10:43:00
15450,30,1,429.84,429.84,30,0,0.0,2011-11-09 17:11:00
15452,30,3,538.73,179.57666666666668,47,234,0.0,2011-03-20 15:21:00
15453,2,7,1388.37,198.3385714285714,169,185,0.0,2011-06-05 12:37:00
15454,362,1,179.1,179.1,23,0,0.0,2010-12-12 14:21:00
15456,283,3,447.22,149.07333333333335,48,75,0.0,2010-12-15 15:34:00
15457,262,1,237.07,237.07,56,0,0.0,2011-03-22 15:31:00
15458,25,1,161.64,161.64,7,0,0.0,2011-11-14 13:08:00
15460,354,1,216.76,216.76,53,0,0.0,2010-12-20 16:08:00
15462,94,3,234.6,78.2,9,92,0.0,2011-06-05 15:36:00
15463,29,1,126.14,126.14,7,0,0.0,2011-11-10 12:57:00
15464,338,1,1048.85,1048.85,155,0,0.0,2011-01-05 15:56:00
15465,20,24,6945.0199999999995,289.37583333333333,43,349,0.0673076923076923,2010-12-05 10:12:00
15466,85,1,334.53,334.53,56,0,0.0,2011-09-15 14:08:00
15467,9,4,511.88,127.97,41,142,0.018867924528301886,2011-07-10 14:42:00
15468,35,5,438.46,87.692,25,325,0.1724137931034483,2010-12-14 10:50:00
15469,43,4,504.5,126.125,24,77,0.1111111111111111,2011-08-11 16:54:00
15471,2,1,469.48,469.48,67,0,0.0,2011-12-07 14:12:00
15472,113,1,371.56,371.56,76,0,0.0,2011-08-18 15:17:00
15473,14,10,1465.2,146.52,4,46,0.21428571428571427,2011-10-10 11:12:00
15475,77,1,454.10999999999996,454.10999999999996,29,0,0.0,2011-09-23 15:20:00
15478,40,2,1441.42,720.71,34,16,0.0,2011-10-14 11:09:00
15480,116,1,905.5,905.5,45,0,0.0,2011-08-15 14:32:00
15482,16,16,6568.72,410.545,46,343,0.2283464566929134,2010-12-16 10:08:00
15483,161,4,233.81,58.4525,74,105,0.0,2011-03-18 12:26:00
15484,1,5,3563.11,712.6220000000001,135,77,0.005291005291005291,2011-09-22 13:31:00
15485,30,3,2575.0,858.3333333333334,59,343,0.0,2010-12-01 13:23:00
15488,93,1,91.32000000000001,91.32000000000001,2,0,0.0,2011-09-08 10:11:00
15489,23,4,1090.03,272.5075,47,188,0.09090909090909091,2011-05-12 12:54:00
15491,95,7,3090.85,441.55,108,140,0.0064516129032258064,2011-04-18 10:04:00
15492,28,2,659.4599999999999,329.72999999999996,32,46,0.0,2011-09-26 14:02:00
15493,33,7,1967.25,281.0357142857143,177,238,0.006688963210702341,2011-03-14 11:44:00
15494,21,2,1299.23,649.615,120,99,0.0,2011-08-10 15:29:00
15497,18,3,1259.7,419.90000000000003,13,302,0.0625,2011-01-24 10:01:00
15498,1,35,12396.46,354.1845714285714,362,366,0.021032504780114723,2010-12-07 12:34:00
15500,8,4,1131.56,282.89,64,73,0.0,2011-09-19 13:47:00
15502,16,23,5541.46,240.93304347826088,164,353,0.15476190476190477,2010-12-05 15:40:00
15503,363,1,147.09,147.09,66,0,0.0,2010-12-12 10:57:00
15504,81,1,52.83,52.83,13,0,0.0,2011-09-19 13:45:00
15505,53,7,3497.14,499.59142857142854,90,102,0.020202020202020204,2011-07-07 13:33:00
15506,23,3,979.26,326.42,121,116,0.0,2011-07-24 11:45:00
15507,172,1,492.36,492.36,41,0,0.0,2011-06-21 11:19:00
15508,189,6,1000.27,166.71166666666667,78,46,0.0,2011-04-18 15:31:00
15510,331,1,250.0,250.0,1,0,0.0,2011-01-13 12:10:00
15511,12,5,909.23,181.846,117,73,0.0,2011-09-15 15:05:00
15512,156,2,121.0,60.5,7,203,0.0,2010-12-15 12:01:00
15513,31,22,14520.08,660.0036363636364,183,342,0.01910828025477707,2010-12-01 11:22:00
15514,12,13,2963.19,227.93769230769232,96,352,0.1834862385321101,2010-12-10 13:50:00
15516,45,3,62.43,20.81,15,1,0.0,2011-10-24 11:33:00
15517,233,1,267.03,267.03,27,0,0.0,2011-04-20 14:02:00
15518,64,13,1911.89,147.06846153846155,136,268,0.02727272727272727,2011-01-11 12:50:00
15520,2,1,343.5,343.5,18,0,0.0,2011-12-08 10:58:00
15521,36,13,2574.65,198.05,117,218,0.075,2011-03-30 09:15:00
15522,33,2,398.84,199.42,47,54,0.0,2011-09-13 12:26:00
15523,84,1,412.01000000000005,412.01000000000005,10,0,0.0,2011-09-16 16:29:00
15524,25,1,440.0,440.0,1,0,0.0,2011-11-15 12:09:00
15525,2,4,811.02,202.755,133,371,0.011111111111111112,2010-12-01 13:17:00
15526,33,2,148.44,74.22,4,0,0.0,2011-11-06 15:01:00
15527,19,10,2348.82,234.882,128,335,0.018072289156626505,2010-12-20 14:15:00
15528,254,1,229.33,229.33,26,0,0.0,2011-03-30 16:14:00
15529,23,12,3967.78,330.64833333333337,415,343,0.002967359050445104,2010-12-08 12:24:00
15530,22,4,1502.35,375.5875,90,225,0.0,2011-04-07 11:16:00
15531,8,2,2007.44,1003.72,196,22,0.0,2011-11-09 17:47:00
15532,25,6,1517.08,252.84666666666666,205,332,0.026615969581749048,2010-12-16 16:45:00
15533,19,5,746.92,149.384,73,69,0.03488372093023256,2011-09-11 15:41:00
15535,173,7,459.9,65.7,55,192,0.038461538461538464,2010-12-09 15:36:00
15537,163,1,110.92,110.92,24,0,0.0,2011-06-29 13:10:00
15539,7,1,538.46,538.46,41,0,0.0,2011-12-02 13:36:00
15540,11,1,213.3,213.3,15,0,0.0,2011-11-28 13:51:00
15541,114,1,85.13000000000001,85.13000000000001,29,0,0.0,2011-08-17 14:58:00
15543,288,1,127.86,127.86,26,0,0.0,2011-02-24 15:26:00
15544,9,11,3542.51,322.04636363636365,122,363,0.007662835249042145,2010-12-02 12:47:00
15545,54,2,292.71999999999997,146.35999999999999,78,316,0.0,2010-12-03 17:28:00
15547,7,14,4954.84,353.9171428571429,441,354,0.0,2010-12-12 13:26:00
15549,77,4,1655.76,413.94,104,239,0.008620689655172414,2011-01-27 15:38:00
15550,4,4,575.63,143.9075,43,297,0.0,2011-02-11 12:49:00
15551,37,1,436.06,436.06,29,0,0.0,2011-11-03 12:37:00
15552,217,1,90.12,90.12,17,0,0.0,2011-05-06 14:47:00
15553,60,1,437.23,437.23,51,0,0.0,2011-10-10 14:02:00
15554,278,1,217.2,217.2,14,0,0.0,2011-03-07 09:00:00
15555,12,20,4758.2,237.91,404,357,0.02810810810810811,2010-12-05 14:45:00
15556,24,1,279.77,279.77,31,0,0.0,2011-11-15 16:08:00
15557,29,1,473.65000000000003,473.65000000000003,16,0,0.0,2011-11-11 12:46:00
15561,12,5,722.74,144.548,27,203,0.12903225806451613,2011-05-08 11:38:00
15562,352,1,134.55,134.55,1,0,0.0,2010-12-23 09:55:00
15563,9,7,1319.69,188.52714285714288,88,349,0.03418803418803419,2010-12-16 11:27:00
15565,50,2,173.16,86.58,8,20,0.0,2011-09-30 10:44:00
15567,19,1,186.01,186.01,7,0,0.0,2011-11-21 10:48:00
15568,3,3,758.29,252.76333333333332,27,70,0.0,2011-09-27 14:37:00
15569,104,5,1375.71,275.142,27,228,0.0,2011-01-11 13:26:00
15570,7,13,4109.97,316.1515384615385,232,362,0.021212121212121213,2010-12-05 12:57:00
15571,12,4,650.4300000000001,162.60750000000002,47,66,0.0,2011-09-22 13:15:00
15572,5,7,2552.86,364.69428571428574,166,273,0.0,2011-03-06 14:44:00
15573,32,2,607.45,303.725,88,53,0.0,2011-09-15 12:16:00
15574,178,4,702.25,175.5625,131,194,0.0,2010-12-02 15:46:00
15576,38,1,940.6700000000001,940.6700000000001,43,0,0.0,2011-11-02 12:03:00
15577,151,3,258.88,86.29333333333334,39,154,0.0,2011-02-07 13:32:00
15578,162,1,127.1,127.1,13,0,0.0,2011-06-30 13:03:00
15579,69,2,348.6,174.3,45,245,0.0,2011-01-30 12:09:00
15581,121,14,3429.9700000000003,244.99785714285716,134,245,0.006666666666666667,2010-12-08 14:38:00
15582,25,3,682.9100000000001,227.63666666666668,39,195,0.0,2011-05-03 13:36:00
15584,24,5,722.61,144.522,89,138,0.016,2011-06-30 16:39:00
15585,177,1,455.3,455.3,31,0,0.0,2011-06-16 08:38:00
15587,50,4,913.6800000000001,228.42000000000002,3,301,0.0,2010-12-23 09:59:00
15589,253,4,456.58,114.145,28,58,0.03333333333333333,2011-02-02 10:46:00
15590,289,1,0.01,0.01,1,0,1.0,2011-02-23 16:36:00
15592,47,1,388.58,388.58,24,0,0.0,2011-10-24 08:59:00
15593,71,1,199.8,199.8,5,0,0.0,2011-09-30 11:46:00
15594,16,6,1767.53,294.5883333333333,85,218,0.009615384615384616,2011-04-19 10:08:00
15596,101,9,1343.34,149.26,51,264,0.08333333333333333,2010-12-09 16:10:00
15597,30,2,315.71999999999997,157.85999999999999,22,5,0.043478260869565216,2011-11-04 13:26:00
15598,35,3,235.68,78.56,14,17,0.125,2011-10-17 16:04:00
15599,27,2,761.74,380.87,50,177,0.0,2011-05-19 13:05:00
15601,11,17,6745.36,396.78588235294114,230,361,0.00966183574879227,2010-12-02 10:39:00
15602,8,15,1083.63,72.242,31,359,0.1320754716981132,2010-12-06 15:35:00
15603,79,1,48.480000000000004,48.480000000000004,2,0,0.0,2011-09-22 10:04:00
15604,52,1,216.39,216.39,17,0,0.0,2011-10-18 14:47:00
15605,36,5,1198.23,239.64600000000002,61,337,0.0,2010-12-01 13:38:00
15606,57,11,2422.64,220.23999999999998,51,267,0.15384615384615385,2011-01-19 12:07:00
15607,337,1,104.76,104.76,13,0,0.0,2011-01-07 12:44:00
15608,28,4,1093.68,273.42,59,92,0.0,2011-08-11 09:56:00
15609,183,2,270.03000000000003,135.01500000000001,16,1,0.1111111111111111,2011-06-08 13:00:00
15610,52,1,112.46000000000001,112.46000000000001,6,0,0.0,2011-10-19 10:36:00
15611,10,15,1568.39,104.55933333333334,23,325,0.044444444444444446,2011-01-09 11:32:00
15612,36,2,195.15,97.575,4,25,0.0,2011-10-09 12:49:00
15615,10,27,10360.04,383.7051851851852,185,348,0.013986013986013986,2010-12-15 16:21:00
15618,33,5,747.031,149.40619999999998,39,103,0.08163265306122448,2011-07-26 10:13:00
15619,11,1,336.40000000000003,336.40000000000003,3,0,0.0,2011-11-29 08:14:00
15620,50,6,1524.4,254.0666666666667,92,308,0.038461538461538464,2010-12-16 14:34:00
15621,4,6,1158.77,193.12833333333333,11,17,0.1111111111111111,2011-11-18 11:49:00
15622,3,16,3224.53,201.533125,169,279,0.13551401869158877,2011-03-02 13:42:00
15623,141,1,301.03,301.03,19,0,0.0,2011-07-21 17:26:00
15624,117,4,588.13,147.0325,26,139,0.0,2011-03-28 13:32:00
15625,100,8,1504.56,188.07,44,135,0.058823529411764705,2011-04-18 14:01:00
15626,75,2,675.8,337.9,49,254,0.0,2011-01-14 10:10:00
15628,5,10,2865.64,286.56399999999996,85,362,0.012738853503184714,2010-12-08 09:51:00
15630,45,3,1180.4,393.4666666666667,57,159,0.01639344262295082,2011-05-19 10:16:00
15632,16,10,3147.31,314.731,107,259,0.05649717514124294,2011-03-10 08:29:00
15634,17,1,243.55,243.55,15,0,0.0,2011-11-22 16:28:00
15636,90,2,724.76,362.38,20,192,0.0,2011-03-02 14:50:00
15637,53,1,223.36,223.36,15,0,0.0,2011-10-18 08:28:00
15638,301,1,0.01,0.01,2,0,1.0,2011-02-11 15:12:00
15639,134,1,425.32,425.32,25,0,0.0,2011-07-28 14:30:00
15640,4,17,12433.34,731.3729411764706,241,367,0.022222222222222223,2010-12-02 15:40:00
15641,105,4,1887.2,471.8,102,253,0.0,2010-12-15 14:45:00
15643,179,6,647.4,107.89999999999999,31,103,0.08333333333333333,2011-03-02 14:34:00
15644,166,4,813.0,203.25,166,94,0.0,2011-03-23 15:37:00
15645,19,1,612.01,612.01,50,0,0.0,2011-11-21 11:55:00
15646,158,4,425.14000000000004,106.28500000000001,35,214,0.027777777777777776,2010-12-02 16:59:00
15648,204,4,599.9,149.975,24,62,0.10714285714285714,2011-03-17 18:59:00
15649,336,2,816.0,408.0,1,31,0.0,2010-12-07 10:06:00
15651,37,3,646.3,215.4333333333333,27,223,0.0,2011-03-24 08:56:00
15652,91,1,337.74,337.74,21,0,0.0,2011-09-09 14:22:00
15653,93,2,877.4399999999999,438.71999999999997,4,23,0.0,2011-08-16 09:50:00
15654,9,2,922.53,461.265,15,16,0.0,2011-11-13 15:15:00
15655,233,2,511.32,255.66,34,10,0.08108108108108109,2011-04-10 15:25:00
15656,45,4,748.5,187.125,46,238,0.0,2011-02-28 15:32:00
15657,23,1,30.0,30.0,1,0,0.0,2011-11-17 12:19:00
15658,190,8,958.9,119.8625,40,182,0.14285714285714285,2010-12-02 10:53:00
15659,44,1,306.45,306.45,11,0,0.0,2011-10-27 09:23:00
15660,25,12,1552.01,129.33416666666668,55,340,0.0425531914893617,2010-12-09 09:49:00
15661,317,2,309.8,154.9,4,21,0.0,2011-01-05 12:32:00
15663,106,1,138.14,138.14,9,0,0.0,2011-08-25 15:50:00
15664,51,2,358.63,179.315,19,308,0.10526315789473684,2010-12-15 17:05:00
15665,168,2,2242.01,1121.005,92,74,0.0,2011-04-10 15:09:00
15667,40,1,301.32,301.32,13,0,0.0,2011-10-31 10:56:00
15668,218,1,76.32000000000001,76.32000000000001,1,0,0.0,2011-05-06 10:39:00
15669,40,5,677.69,135.538,31,223,0.05714285714285714,2011-03-21 09:13:00
15670,297,1,173.05,173.05,12,0,0.0,2011-02-16 10:50:00
15671,19,10,2635.4900000000002,263.54900000000004,52,252,0.037037037037037035,2011-03-14 09:37:00
15673,88,4,2881.02,720.255,107,238,0.0,2011-01-16 16:25:00
15674,73,8,1744.02,218.0025,88,181,0.15555555555555556,2011-03-30 09:19:00
15675,81,3,323.69,107.89666666666666,20,198,0.0,2011-03-04 14:21:00
15676,9,5,3324.09,664.818,191,274,0.06481481481481481,2011-03-01 10:19:00
15677,49,1,657.23,657.23,33,0,0.0,2011-10-21 15:36:00
15678,53,1,352.7,352.7,12,0,0.0,2011-10-18 09:25:00
15679,24,4,781.28,195.32,98,158,0.0,2011-06-10 08:24:00
15680,9,3,1333.68,444.56,61,356,0.0,2010-12-08 14:43:00
15681,18,6,946.36,157.72666666666666,32,261,0.208955223880597,2011-03-04 13:46:00
15683,117,1,193.75,193.75,10,0,0.0,2011-08-14 12:56:00
15687,9,11,2981.5,271.04545454545456,119,321,0.011904761904761904,2011-01-13 15:13:00
15689,120,2,254.1,127.05,8,241,0.0,2010-12-13 09:57:00
15690,4,2,239.76,119.88,19,96,0.0,2011-08-31 11:40:00
15691,252,1,136.8,136.8,2,0,0.0,2011-04-01 15:13:00
15692,28,1,191.04,191.04,12,0,0.0,2011-11-11 14:12:00
15694,1,15,6423.6,428.24,42,372,0.012658227848101266,2010-12-02 07:49:00
15695,267,2,409.98,204.99,22,0,0.0,2011-03-18 08:31:00
15696,33,12,2644.46,220.37166666666667,140,293,0.03389830508474576,2011-01-17 11:24:00
15699,18,1,309.65,309.65,18,0,0.0,2011-11-22 08:26:00
15700,172,3,664.03,221.34333333333333,85,1,0.033707865168539325,2011-06-19 15:36:00
15701,2,4,1542.14,385.535,193,108,0.0,2011-08-21 12:36:00
15703,265,1,211.5,211.5,5,0,0.0,2011-03-20 10:51:00
15704,140,4,2293.62,573.405,79,75,0.0,2011-05-08 12:42:00
15705,201,1,143.1,143.1,6,0,0.0,2011-05-22 15:37:00
15706,60,7,1001.8100000000001,143.1157142857143,50,56,0.06779661016949153,2011-08-15 14:32:00
15707,35,4,945.58,236.395,126,51,0.0,2011-09-14 14:19:00
15708,41,11,3329.7200000000003,302.7018181818182,124,329,0.030303030303030304,2010-12-05 10:25:00
15709,284,1,133.25,133.25,6,0,0.0,2011-03-01 10:38:00
15712,9,5,1072.3600000000001,214.47200000000004,41,278,0.0,2011-02-25 11:32:00
15713,143,3,346.75,115.58333333333333,18,222,0.05,2010-12-08 15:16:00
15714,12,2,330.88,165.44,34,66,0.0,2011-09-23 11:25:00
15716,146,4,1118.81,279.7025,101,223,0.0,2010-12-05 12:26:00
15717,234,1,150.3,150.3,7,0,0.0,2011-04-19 13:21:00
15719,33,14,5043.96,360.28285714285715,299,304,0.0010660980810234541,2011-01-06 12:31:00
15720,24,1,598.73,598.73,128,0,0.0,2011-11-15 14:48:00
15721,12,1,507.08,507.08,80,0,0.0,2011-11-28 12:14:00
15722,36,6,2181.21,363.535,47,254,0.041666666666666664,2011-02-22 12:24:00
15723,365,1,203.1,203.1,37,0,0.0,2010-12-10 11:12:00
15724,201,3,212.3,70.76666666666667,11,83,0.08333333333333333,2011-02-28 10:40:00
15725,15,1,415.25,415.25,32,0,0.0,2011-11-24 14:51:00
15727,17,7,5178.96,739.8514285714285,213,342,0.0,2010-12-15 15:47:00
15728,49,1,0.01,0.01,4,0,1.0,2011-10-21 14:03:00
15729,198,2,62.0,31.0,5,14,0.16666666666666666,2011-05-11 12:36:00
15730,66,4,1108.38,277.095,68,140,0.0410958904109589,2011-05-17 12:43:00
15732,212,2,294.12,147.06,13,159,0.0,2010-12-02 15:00:00
15733,283,1,162.3,162.3,10,0,0.0,2011-03-02 09:05:00
15734,115,2,1339.45,669.725,25,85,0.0,2011-05-23 14:59:00
15737,15,12,1121.21,93.43416666666667,60,228,0.1111111111111111,2011-04-11 10:01:00
15738,19,19,4788.77,252.0405263157895,46,353,0.017045454545454544,2010-12-02 12:50:00
15739,66,1,449.12,449.12,8,0,0.0,2011-10-04 13:42:00
15740,49,1,154.88,154.88,9,0,0.0,2011-10-21 14:29:00
15743,16,4,784.46,196.115,59,168,0.0,2011-06-08 10:14:00
15744,78,1,34.8,34.8,3,0,0.0,2011-09-23 09:52:00
15745,9,6,1071.24,178.54,57,227,0.046153846153846156,2011-04-17 13:04:00
15746,134,2,182.96,91.48,28,0,0.034482758620689655,2011-07-28 15:21:00
15747,13,3,974.04,324.68,52,160,0.0,2011-06-20 11:30:00
15748,40,1,149.31,149.31,19,0,0.0,2011-10-30 12:51:00
15749,235,4,21535.9,5383.975,6,97,0.3333333333333333,2011-01-11 12:55:00
15750,3,9,2451.23,272.3588888888889,214,364,0.006779661016949152,2010-12-08 10:36:00
15752,40,8,2628.93,328.61625,236,333,0.0024271844660194173,2010-12-02 09:43:00
15753,305,1,79.2,79.2,1,0,0.0,2011-02-08 12:41:00
15754,51,4,455.67,113.9175,24,195,0.034482758620689655,2011-04-07 12:24:00
15755,1,8,2318.88,289.86,127,293,0.053691275167785234,2011-02-18 11:53:00
15756,61,4,532.96,133.24,160,187,0.0,2011-04-04 14:00:00
15757,66,2,714.42,357.21,43,152,0.0,2011-05-06 11:40:00
15758,25,1,205.25,205.25,9,0,0.0,2011-11-15 10:48:00
15759,218,3,253.04,84.34666666666666,5,139,0.0,2010-12-16 15:29:00
15762,65,2,583.75,291.875,37,12,0.0,2011-09-23 15:17:00
15763,32,3,1048.67,349.5566666666667,58,45,0.031746031746031744,2011-09-23 12:10:00
15764,81,10,3245.47,324.54699999999997,150,195,0.0425531914893617,2011-03-08 09:23:00
15766,64,1,315.06,315.06,11,0,0.0,2011-10-06 17:03:00
15768,116,4,581.8299999999999,145.45749999999998,24,110,0.03571428571428571,2011-04-28 09:20:00
15769,7,29,51823.72,1787.024827586207,26,363,0.11564625850340136,2010-12-03 15:16:00
15773,6,1,635.6800000000001,635.6800000000001,10,0,0.0,2011-12-04 12:48:00
15774,69,1,270.8,270.8,25,0,0.0,2011-10-02 12:04:00
15775,245,1,104.9,104.9,7,0,0.0,2011-04-08 12:56:00
15776,133,1,241.62,241.62,18,0,0.0,2011-07-29 13:46:00
15777,241,5,1021.61,204.322,18,120,0.045454545454545456,2010-12-13 16:38:00
15780,184,3,475.28000000000003,158.42666666666668,26,174,0.0,2010-12-17 11:43:00
15781,25,4,333.56,83.39,20,280,0.047619047619047616,2011-02-07 09:15:00
15782,10,4,2593.94,648.485,34,79,0.022727272727272728,2011-09-11 14:29:00
15783,11,1,246.3,246.3,14,0,0.0,2011-11-29 09:50:00
15785,30,8,2303.75,287.96875,58,265,0.04597701149425287,2011-02-17 14:17:00
15786,44,5,4834.2,966.8399999999999,257,70,0.04642857142857143,2011-08-17 13:33:00
15787,26,3,948.05,316.01666666666665,156,35,0.0,2011-10-09 13:11:00
15789,358,1,351.3,351.3,25,0,0.0,2010-12-16 14:35:00
15790,10,1,220.85,220.85,34,0,0.0,2011-11-29 14:53:00
15791,44,3,1604.44,534.8133333333334,66,160,0.013157894736842105,2011-05-19 15:15:00
15793,9,4,948.96,237.24,6,259,0.07692307692307693,2011-03-16 10:45:00
15795,150,1,610.01,610.01,42,0,0.0,2011-07-13 10:43:00
15796,1,10,2666.61,266.661,71,301,0.014814814814814815,2011-02-10 15:40:00
15797,113,4,2207.4,551.85,8,206,0.0,2011-01-24 15:47:00
15799,76,3,884.14,294.7133333333333,94,258,0.0,2011-01-09 15:13:00
15800,107,2,699.08,349.54,116,139,0.0,2011-04-07 12:39:00
15801,46,4,1042.19,260.5475,61,63,0.07246376811594203,2011-08-22 09:53:00
15802,143,3,0.01,0.01,1,0,0.6666666666666666,2011-07-20 11:23:00
15803,51,1,415.82000000000005,415.82000000000005,8,0,0.0,2011-10-19 14:56:00
15804,1,19,3848.55,202.55526315789476,170,198,0.040293040293040296,2011-05-25 10:12:00
15805,23,20,5452.17,272.6085,220,341,0.019543973941368076,2010-12-10 09:33:00
15806,46,3,784.58,261.5266666666667,24,230,0.0,2011-03-08 09:24:00
15807,50,3,903.9,301.3,48,26,0.0,2011-09-23 14:43:00
15808,306,5,3724.77,744.954,143,63,0.009523809523809525,2010-12-05 13:05:00
15809,36,6,399.21,66.535,31,267,0.18604651162790697,2011-02-10 11:16:00
15810,79,7,1145.43,163.63285714285715,66,218,0.20535714285714285,2011-02-16 09:11:00
15811,17,9,2171.32,241.2577777777778,117,348,0.04316546762589928,2010-12-09 15:29:00
15812,107,5,1801.14,360.228,36,210,0.0,2011-01-26 12:12:00
15813,208,2,1303.9099999999999,651.9549999999999,40,31,0.0,2011-04-14 09:09:00
15814,3,6,1842.73,307.12166666666667,64,47,0.02702702702702703,2011-10-20 09:04:00
15815,64,5,2100.6,420.12,33,196,0.0,2011-03-25 08:43:00
15819,49,4,1905.45,476.3625,96,227,0.0,2011-03-08 09:45:00
15820,320,1,206.98,206.98,17,0,0.0,2011-01-24 12:00:00
15821,44,2,570.96,285.48,57,17,0.0,2011-10-09 13:28:00
15822,3,2,885.47,442.735,28,356,0.0,2010-12-15 13:38:00
15823,337,2,0.01,0.01,17,34,0.9411764705882353,2010-12-02 15:08:00
15825,172,1,532.94,532.94,20,0,0.0,2011-06-20 13:27:00
15826,51,4,1649.3600000000001,412.34000000000003,64,159,0.014492753623188406,2011-05-13 10:44:00
15827,73,20,1641.48,82.074,73,299,0.1417910447761194,2010-12-02 13:06:00
15829,99,2,636.14,318.07,44,41,0.0,2011-07-22 10:23:00
15830,29,2,547.7,273.85,39,8,0.04878048780487805,2011-11-02 10:40:00
15831,58,4,747.76,186.94,64,265,0.014492753623188406,2011-01-19 14:44:00
15832,254,1,836.79,836.79,54,0,0.0,2011-03-30 15:29:00
15834,70,6,2084.9,347.48333333333335,243,301,0.010869565217391304,2010-12-02 16:45:00
15835,44,4,954.09,238.5225,47,286,0.0,2011-01-13 10:35:00
15836,45,2,117.47,58.735,10,4,0.16666666666666666,2011-10-20 17:13:00
15837,65,1,391.98,391.98,24,0,0.0,2011-10-06 09:01:00
15838,11,21,33350.76,1588.1314285714286,56,360,0.011834319526627219,2010-12-02 14:23:00
15839,25,5,1020.74,204.148,56,122,0.046153846153846156,2011-07-14 16:35:00
15840,59,3,345.66,115.22000000000001,26,113,0.03571428571428571,2011-06-20 11:42:00
15841,64,6,1209.1,201.51666666666665,36,274,0.06,2011-01-05 11:25:00
15843,304,1,118.95000000000002,118.95000000000002,8,0,0.0,2011-02-09 10:19:00
15844,46,1,130.73999999999998,130.73999999999998,11,0,0.0,2011-10-24 15:19:00
15845,18,10,3650.87,365.087,97,319,0.014285714285714285,2011-01-06 17:19:00
15847,38,2,389.27,194.635,22,249,0.0,2011-02-24 16:46:00
15850,19,2,238.85,119.425,87,148,0.0,2011-06-24 14:16:00
15852,187,2,160.71,80.355,22,10,0.0,2011-05-26 13:26:00
15853,52,1,110.8,110.8,29,0,0.0,2011-10-19 10:38:00
15854,4,12,2974.65,247.88750000000002,105,357,0.0,2010-12-13 11:47:00
15855,137,5,712.24,142.448,59,126,0.0,2011-03-21 12:32:00
15856,4,31,16173.67,521.7312903225807,297,361,0.01225114854517611,2010-12-09 13:34:00
15857,19,1,297.0,297.0,14,0,0.0,2011-11-21 12:18:00
15858,16,5,1438.85,287.77,145,351,0.0,2010-12-07 14:31:00
15860,41,8,977.21,122.15125,105,327,0.0,2010-12-06 11:38:00
15861,12,9,3000.36,333.37333333333333,339,254,0.0018281535648994515,2011-03-17 20:12:00
15862,8,4,832.88,208.22,142,365,0.0,2010-12-01 11:21:00
15863,26,2,68.84,34.42,18,167,0.0,2011-05-31 11:36:00
15864,22,8,1769.7800000000002,221.22250000000003,16,293,0.16666666666666666,2011-01-27 16:43:00
15865,41,3,895.13,298.37666666666667,37,173,0.0,2011-05-10 11:44:00
15866,101,1,230.53,230.53,43,0,0.0,2011-08-30 14:09:00
15867,5,16,3797.79,237.361875,302,363,0.004319654427645789,2010-12-05 14:17:00
15869,277,2,149.64,74.82,13,0,0.0,2011-03-07 17:19:00
15870,33,1,354.09000000000003,354.09000000000003,68,0,0.0,2011-11-07 10:58:00
15872,15,2,360.93,180.465,101,0,0.0,2011-11-25 11:54:00
15874,63,9,4330.67,481.18555555555554,123,220,0.12408759124087591,2011-02-28 13:28:00
15877,2,3,440.78,146.92666666666665,122,16,0.015267175572519083,2011-11-22 11:18:00
15880,369,2,313.28000000000003,156.64000000000001,95,0,0.009433962264150943,2010-12-05 13:00:00
15881,312,8,438.24,54.78,26,52,0.09375,2010-12-10 13:32:00
15882,199,5,495.36,99.072,23,169,0.041666666666666664,2010-12-06 13:01:00
15883,2,2,396.48,198.24,42,31,0.0,2011-11-06 14:50:00
15885,93,3,379.35,126.45,18,216,0.0,2011-02-03 15:28:00
15886,60,1,181.09,181.09,12,0,0.0,2011-10-10 14:25:00
15888,80,2,141.27,70.635,11,0,0.14285714285714285,2011-09-20 12:30:00
15889,157,2,446.87,223.435,79,212,0.0,2010-12-05 15:12:00
15891,227,1,524.52,524.52,60,0,0.0,2011-04-27 12:35:00
15894,253,2,263.55,131.775,35,115,0.0,2010-12-05 14:06:00
15895,150,1,179.17,179.17,11,0,0.0,2011-07-13 10:27:00
15897,194,2,222.05,111.025,17,0,0.0,2011-05-29 13:32:00
15898,1,6,1384.68,230.78,70,367,0.011494252873563218,2010-12-06 11:01:00
15899,369,1,56.25,56.25,4,0,0.0,2010-12-06 10:36:00
15900,24,1,351.11,351.11,44,0,0.0,2011-11-16 12:19:00
15901,17,3,363.88,121.29333333333334,102,138,0.0,2011-07-08 12:18:00
15903,10,8,5126.34,640.7925,46,285,0.013333333333333334,2011-02-17 14:04:00
15904,8,1,164.68,164.68,30,0,0.0,2011-12-01 14:50:00
15906,20,8,1521.79,190.22375,114,235,0.006622516556291391,2011-03-29 13:18:00
15907,4,3,967.45,322.48333333333335,175,206,0.0,2011-05-13 13:01:00
15909,174,1,191.94,191.94,7,0,0.0,2011-06-19 10:38:00
15910,1,8,1232.18,154.0225,215,315,0.0,2011-01-27 11:55:00
15912,178,2,264.62,132.31,19,54,0.0,2011-04-20 17:10:00
15916,16,10,1491.24,149.124,125,350,0.03125,2010-12-08 12:49:00
15917,248,1,123.1,123.1,12,0,0.0,2011-04-06 10:40:00
15918,191,2,334.23,167.115,33,80,0.0,2011-03-13 15:55:00
15919,20,2,639.89,319.945,103,349,0.0,2010-12-06 11:26:00
15920,154,4,167.5,41.875,53,0,0.0,2011-07-08 15:16:00
15921,173,1,336.03000000000003,336.03000000000003,24,0,0.0,2011-06-20 11:03:00
15922,372,2,363.6,181.8,11,0,0.08333333333333333,2010-12-01 13:51:00
15923,373,1,127.08,127.08,21,0,0.0,2010-12-02 12:16:00
15925,194,1,207.15,207.15,12,0,0.0,2011-05-29 15:35:00
15930,67,1,426.63,426.63,21,0,0.0,2011-10-03 14:52:00
15932,4,11,2461.85,223.80454545454543,93,285,0.03361344537815126,2011-02-23 14:50:00
15933,21,3,1107.46,369.15333333333336,63,65,0.0,2011-09-14 12:05:00
15935,239,2,416.86,208.43,12,2,0.0,2011-04-12 09:35:00
15937,64,1,145.35,145.35,7,0,0.0,2011-10-06 15:48:00
15938,112,5,404.58,80.916,13,211,0.0,2011-01-20 10:11:00
15939,90,16,6102.26,381.39125,28,241,0.012987012987012988,2011-01-12 12:43:00
15940,311,2,31.799999999999997,15.899999999999999,2,0,0.5,2011-02-01 16:18:00
15942,134,1,337.44,337.44,14,0,0.0,2011-07-29 09:01:00
15944,277,1,325.1,325.1,6,0,0.0,2011-03-08 10:33:00
15945,365,1,181.0,181.0,2,0,0.0,2010-12-09 13:14:00
15947,83,1,1708.24,1708.24,29,0,0.0,2011-09-18 10:46:00
15948,8,2,955.24,477.62,51,35,0.0,2011-10-27 08:35:00
15949,17,2,364.72,182.36,12,54,0.0,2011-09-29 17:34:00
15950,2,5,1705.26,341.052,86,357,0.04854368932038835,2010-12-15 11:56:00
15951,1,3,669.57,223.19000000000003,36,284,0.046511627906976744,2011-02-27 11:57:00
15952,34,4,806.57,201.6425,65,191,0.0,2011-04-28 12:55:00
15953,15,10,1634.53,163.453,65,354,0.04854368932038835,2010-12-05 15:15:00
15955,24,16,4389.81,274.363125,137,348,0.010810810810810811,2010-12-02 11:22:00
15957,32,1,428.89,428.89,40,0,0.0,2011-11-08 12:14:00
15958,74,1,104.35,104.35,7,0,0.0,2011-09-26 13:41:00
15963,20,2,470.76,235.38,26,25,0.0,2011-10-25 13:05:00
15965,17,4,845.64,211.41,88,350,0.0,2010-12-07 13:18:00
15967,23,2,418.83,209.415,73,295,0.0,2011-01-25 11:57:00
15969,3,4,582.9,145.725,20,182,0.047619047619047616,2011-06-07 12:19:00
15970,304,1,314.1,314.1,11,0,0.0,2011-02-09 12:08:00
15971,18,12,4199.85,349.9875,10,293,0.0,2011-02-01 16:47:00
15973,236,3,99.77000000000002,33.256666666666675,4,130,0.3333333333333333,2010-12-08 11:42:00
15974,39,8,3429.55,428.69375,141,249,0.005649717514124294,2011-02-24 10:10:00
15975,84,1,371.01,371.01,24,0,0.0,2011-09-16 13:33:00
15976,165,2,430.94,215.47,83,54,0.0,2011-05-03 17:12:00
15977,17,2,1054.73,527.365,48,21,0.0,2011-10-31 16:24:00
15978,77,1,1098.78,1098.78,49,0,0.0,2011-09-23 15:21:00
15980,89,3,2398.86,799.62,40,165,0.0,2011-03-30 15:05:00
15981,25,8,3408.48,426.06,53,286,0.0,2011-02-01 13:50:00
15983,22,4,1475.02,368.755,82,351,0.0,2010-12-01 12:15:00
15984,3,11,2816.97,256.0881818181818,217,365,0.01818181818181818,2010-12-06 13:21:00
15985,123,3,1037.42,345.8066666666667,29,113,0.02631578947368421,2011-04-17 11:04:00
15986,30,1,168.12,168.12,14,0,0.0,2011-11-09 15:17:00
15987,12,7,1451.28,207.32571428571427,110,356,0.0,2010-12-06 08:34:00
15988,19,1,158.03,158.03,26,0,0.0,2011-11-20 13:23:00
15990,44,2,792.11,396.055,52,243,0.0,2011-02-25 15:35:00
15992,4,1,41.989999999999995,41.989999999999995,3,0,0.0,2011-12-06 11:00:00
15993,9,10,2756.82,275.682,336,35,0.014285714285714285,2011-10-26 16:21:00
15994,55,1,427.07,427.07,31,0,0.0,2011-10-16 12:28:00
15996,88,7,1044.78,149.25428571428571,103,277,0.007633587786259542,2010-12-08 15:59:00
15998,37,6,3084.17,514.0283333333333,373,325,0.005893909626719057,2010-12-12 13:32:00
16000,3,3,12393.7,4131.233333333334,9,0,0.0,2011-12-07 12:14:00
16003,30,5,2735.37,547.074,82,329,0.0,2010-12-15 12:09:00
16005,12,4,615.39,153.8475,173,258,0.0,2011-03-14 11:46:00
16006,211,1,101.4,101.4,8,0,0.0,2011-05-12 13:12:00
16007,48,4,1701.94,425.485,221,167,0.0,2011-05-08 13:32:00
16008,24,3,478.78,159.59333333333333,29,180,0.0,2011-05-19 10:54:00
16009,22,4,992.71,248.1775,68,137,0.0,2011-07-03 11:26:00
16010,246,3,407.5,135.83333333333334,62,116,0.0,2010-12-12 12:18:00
16011,8,16,3362.71,210.169375,99,357,0.0,2010-12-08 16:34:00
16012,35,3,1415.29,471.7633333333333,87,119,0.0,2011-07-07 18:02:00
16013,4,54,33366.25,617.8935185185185,34,367,0.07947019867549669,2010-12-03 13:09:00
16014,36,4,653.13,163.2825,123,255,0.02027027027027027,2011-02-21 17:42:00
16015,4,4,690.54,172.635,146,45,0.010869565217391304,2011-10-21 12:56:00
16016,3,10,1483.31,148.331,156,363,0.008438818565400843,2010-12-08 12:36:00
16017,47,1,211.88,211.88,26,0,0.0,2011-10-23 12:56:00
16018,39,2,408.90000000000003,204.45000000000002,26,141,0.0,2011-06-12 13:52:00
16019,2,10,3450.2400000000002,345.024,133,362,0.030303030303030304,2010-12-10 12:29:00
16020,17,3,851.01,283.67,42,48,0.0,2011-10-05 13:54:00
16022,260,1,628.28,628.28,68,0,0.0,2011-03-24 13:16:00
16023,46,3,719.81,239.93666666666664,90,220,0.0,2011-03-18 13:32:00
16024,12,1,251.24,251.24,61,0,0.0,2011-11-27 13:26:00
16025,30,1,439.65999999999997,439.65999999999997,28,0,0.0,2011-11-10 11:45:00
16026,43,1,236.09,236.09,30,0,0.0,2011-10-27 13:53:00
16027,92,7,852.12,121.73142857142857,12,210,0.058823529411764705,2011-02-10 12:19:00
16029,39,76,50992.61,670.9553947368421,46,335,0.11678832116788321,2010-12-01 09:57:00
16030,310,1,331.24,331.24,28,0,0.0,2011-02-03 11:28:00
16031,92,2,548.94,274.47,91,154,0.0,2011-04-06 14:23:00
16033,6,27,8727.61,323.24481481481484,539,364,0.013020833333333334,2010-12-05 10:36:00
16034,196,3,437.7,145.9,18,136,0.0,2011-01-11 11:54:00
16036,87,2,758.92,379.46,55,176,0.0,2011-03-21 13:01:00
16037,270,3,855.02,285.00666666666666,37,88,0.0,2010-12-16 10:18:00
16038,8,4,454.33000000000004,113.58250000000001,24,194,0.07142857142857142,2011-05-22 11:29:00
16040,65,3,1313.55,437.84999999999997,57,203,0.0,2011-03-16 09:58:00
16041,31,3,3166.4,1055.4666666666667,6,110,0.0,2011-07-21 16:27:00
16042,22,7,1147.37,163.91,68,350,0.05333333333333334,2010-12-02 12:50:00
16043,38,4,773.99,193.4975,30,280,0.0,2011-01-26 11:14:00
16045,120,4,1340.7,335.175,71,170,0.0,2011-02-22 14:55:00
16048,86,3,243.69000000000003,81.23,9,287,0.1111111111111111,2010-12-01 15:27:00
16049,40,3,1111.79,370.59666666666664,248,34,0.0,2011-09-25 14:33:00
16050,174,1,137.9,137.9,10,0,0.0,2011-06-19 11:44:00
16052,54,1,362.06,362.06,34,0,0.0,2011-10-16 15:13:00
16053,33,2,1511.95,755.975,81,89,0.0,2011-08-09 14:57:00
16054,145,1,783.9,783.9,70,0,0.0,2011-07-17 13:08:00
16055,221,1,134.8,134.8,8,0,0.0,2011-05-03 09:26:00
16056,45,1,664.85,664.85,66,0,0.0,2011-10-25 15:19:00
16057,4,10,2140.2200000000003,214.02200000000002,109,280,0.09701492537313433,2011-02-28 10:35:00
16059,66,6,1459.8600000000001,243.31000000000003,126,301,0.0,2010-12-07 10:36:00
16061,269,1,0.01,0.01,1,0,1.0,2011-03-15 14:41:00
16062,10,4,1153.62,288.405,50,355,0.0,2010-12-10 12:00:00
16063,260,1,335.32,335.32,23,0,0.0,2011-03-24 14:55:00
16065,365,1,372.09,372.09,71,0,0.0,2010-12-09 13:03:00
16066,17,5,1521.87,304.37399999999997,77,107,0.0,2011-08-07 14:33:00
16070,22,2,852.15,426.075,32,9,0.0,2011-11-07 16:36:00
16071,45,1,326.24,326.24,21,0,0.0,2011-10-26 11:14:00
16072,288,1,584.3199999999999,584.3199999999999,23,0,0.0,2011-02-24 14:32:00
16073,292,2,94.35,47.175,1,5,0.5,2011-02-15 15:41:00
16076,3,11,2173.53,197.5936363636364,71,205,0.015267175572519083,2011-05-15 12:31:00
16078,284,1,79.2,79.2,1,0,0.0,2011-03-01 09:47:00
16079,17,3,1352.0,450.6666666666667,18,23,0.0,2011-10-30 13:06:00
16080,82,3,176.6,58.86666666666667,10,192,0.09090909090909091,2011-03-10 14:44:00
16081,56,5,2806.9,561.38,175,310,0.0,2010-12-08 11:16:00
16083,101,2,1317.62,658.81,31,259,0.0,2010-12-14 11:51:00
16084,299,1,436.18,436.18,38,0,0.0,2011-02-13 16:05:00
16085,23,5,981.51,196.302,123,297,0.0,2011-01-23 12:07:00
16086,59,6,1119.31,186.55166666666665,24,307,0.025,2010-12-07 13:45:00
16091,155,2,315.06,157.53,16,43,0.0,2011-05-25 09:18:00
16092,99,5,779.36,155.872,37,155,0.03773584905660377,2011-03-30 15:38:00
16093,107,1,17.0,17.0,1,0,0.0,2011-08-25 11:09:00
16094,12,6,1041.83,173.63833333333332,48,325,0.05970149253731343,2011-01-06 17:36:00
16096,264,1,320.62,320.62,12,0,0.0,2011-03-20 13:38:00
16097,240,1,185.04999999999998,185.04999999999998,10,0,0.0,2011-04-13 13:47:00
16098,88,7,2005.63,286.5185714285714,34,286,0.0,2010-12-01 09:45:00
16099,50,3,731.9,243.96666666666667,29,175,0.0,2011-04-28 08:34:00
16101,9,3,1245.96,415.32,76,61,0.08433734939759036,2011-09-30 10:18:00
16102,42,3,1842.14,614.0466666666667,41,86,0.0,2011-08-03 12:50:00
16103,7,6,1429.64,238.27333333333334,30,226,0.0,2011-04-20 12:28:00
16104,62,1,302.36,302.36,28,0,0.0,2011-10-09 10:23:00
16105,249,1,336.96,336.96,13,0,0.0,2011-04-05 10:13:00
16106,66,1,108.38,108.38,6,0,0.0,2011-10-05 10:37:00
16107,18,7,3204.1600000000003,457.7371428571429,16,165,0.0,2011-06-09 18:42:00
16108,85,2,816.1,408.05,48,0,0.02040816326530612,2011-09-16 11:48:00
16109,219,2,611.88,305.94,18,89,0.0,2011-02-04 12:37:00
16110,45,3,1337.48,445.82666666666665,283,266,0.0,2011-02-01 14:01:00
16112,143,4,195.73999999999998,48.934999999999995,15,195,0.0,2011-01-05 11:47:00
16113,183,1,161.38,161.38,30,0,0.0,2011-06-09 16:16:00
16114,171,1,135.75000000000003,135.75000000000003,8,0,0.0,2011-06-22 10:13:00
16115,10,8,1667.97,208.49625,169,282,0.0,2011-02-20 12:14:00
16116,206,2,592.88,296.44,34,5,0.02857142857142857,2011-05-12 12:01:00
16117,190,1,232.21,232.21,30,0,0.0,2011-06-03 11:42:00
16119,8,2,423.36,211.68,14,64,0.0,2011-09-28 10:15:00
16120,59,5,1294.14,258.82800000000003,26,0,0.0625,2011-10-11 14:10:00
16121,57,2,867.11,433.555,170,158,0.0,2011-05-08 11:52:00
16122,73,4,684.4200000000001,171.10500000000002,26,293,0.0,2010-12-08 11:41:00
16123,52,1,307.78,307.78,16,0,0.0,2011-10-19 09:18:00
16124,316,2,187.15,93.575,11,1,0.3125,2011-01-26 14:45:00
16125,367,1,289.35,289.35,13,0,0.0,2010-12-07 15:48:00
16126,29,4,6287.77,1571.9425,57,267,0.0,2011-02-16 11:18:00
16127,39,1,656.25,656.25,40,0,0.0,2011-10-31 13:58:00
16128,18,5,1880.22,376.044,76,264,0.0,2011-03-02 12:21:00
16131,52,6,3506.54,584.4233333333333,55,188,0.0,2011-04-14 08:32:00
16133,4,46,14305.66,310.99260869565217,220,314,0.07142857142857142,2011-01-25 15:55:00
16134,22,3,603.69,201.23000000000002,34,337,0.07894736842105263,2010-12-15 14:00:00
16135,263,1,517.55,517.55,21,0,0.0,2011-03-22 12:30:00
16136,60,3,709.38,236.46,35,217,0.0,2011-03-07 09:52:00
16138,368,1,0.01,0.01,1,0,1.0,2010-12-06 15:10:00
16139,19,3,635.41,211.8033333333333,25,187,0.0,2011-05-17 10:23:00
16140,53,4,703.77,175.9425,33,318,0.05405405405405406,2010-12-03 14:40:00
16141,88,1,620.4,620.4,30,0,0.0,2011-09-12 13:11:00
16142,250,1,535.34,535.34,37,0,0.0,2011-04-04 10:16:00
16143,3,7,2419.84,345.6914285714286,75,365,0.00847457627118644,2010-12-05 15:18:00
16144,247,1,175.2,175.2,1,0,0.0,2011-04-07 10:09:00
16145,9,18,3741.98,207.88777777777779,134,351,0.05485232067510549,2010-12-15 09:09:00
16146,157,3,734.13,244.71,26,74,0.0,2011-04-21 15:25:00
16147,134,1,375.0,375.0,22,0,0.0,2011-07-29 09:57:00
16148,296,1,76.32000000000001,76.32000000000001,1,0,0.0,2011-02-16 14:01:00
16149,5,2,280.52,140.26,18,137,0.0,2011-07-20 14:54:00
16150,39,10,1906.07,190.607,91,333,0.13970588235294118,2010-12-02 18:27:00
16152,269,1,1829.04,1829.04,29,0,0.0,2011-03-16 09:47:00
16153,50,5,1824.23,364.846,78,305,0.0,2010-12-20 09:22:00
16156,9,13,3024.62,232.66307692307691,109,302,0.06474820143884892,2011-02-02 12:02:00
16157,16,4,644.24,161.06,12,56,0.05263157894736842,2011-09-28 11:48:00
16159,282,1,348.2,348.2,14,0,0.0,2011-03-03 12:27:00
16160,64,4,1009.4499999999999,252.36249999999998,20,21,0.09090909090909091,2011-09-15 10:53:00
16161,2,26,5352.97,205.88346153846155,293,367,0.055776892430278883,2010-12-06 09:40:00
16162,252,1,37.4,37.4,2,0,0.0,2011-04-01 15:03:00
16163,225,3,441.59999999999997,147.2,5,140,0.14285714285714285,2010-12-09 16:28:00
16164,17,4,802.53,200.6325,27,25,0.02857142857142857,2011-10-28 09:12:00
16168,11,28,3770.6,134.6642857142857,57,359,0.010101010101010102,2010-12-05 11:38:00
16169,8,4,1822.97,455.7425,71,67,0.0,2011-09-25 11:33:00
16170,51,7,1880.4199999999998,268.63142857142856,106,197,0.015748031496062992,2011-04-05 13:42:00
16171,59,1,73.2,73.2,3,0,0.0,2011-10-11 14:51:00
16172,95,5,1140.21,228.042,52,146,0.0,2011-04-12 12:02:00
16173,16,7,1406.57,200.9385714285714,70,82,0.034482758620689655,2011-09-02 15:23:00
16174,126,3,1009.5500000000001,336.5166666666667,19,25,0.0,2011-07-11 09:23:00
16175,94,4,1037.59,259.3975,45,145,0.0,2011-04-13 14:38:00
16177,50,1,331.95,331.95,15,0,0.0,2011-10-20 12:57:00
16178,138,1,197.9,197.9,8,0,0.0,2011-07-24 16:05:00
16179,61,1,215.83,215.83,11,0,0.0,2011-10-10 09:41:00
16180,100,10,10217.48,1021.7479999999999,92,152,0.07954545454545454,2011-04-01 10:23:00
16181,73,1,305.54,305.54,11,0,0.0,2011-09-27 13:38:00
16182,72,4,6617.65,1654.4125,17,222,0.0,2011-02-18 10:11:00
16183,67,1,338.71000000000004,338.71000000000004,15,0,0.0,2011-10-03 14:59:00
16184,64,7,1155.54,165.07714285714286,26,147,0.021739130434782608,2011-05-12 13:33:00
16185,17,2,529.41,264.705,31,215,0.0,2011-04-21 11:59:00
16186,23,13,3991.94,307.0723076923077,87,349,0.0045662100456621,2010-12-02 14:40:00
16187,32,17,6841.24,402.4258823529412,160,252,0.006734006734006734,2011-02-28 13:34:00
16188,45,4,981.86,245.465,65,198,0.0,2011-04-11 09:44:00
16189,16,2,215.48,107.74,9,69,0.0,2011-09-15 15:21:00
16190,40,1,215.08,215.08,6,0,0.0,2011-10-30 15:59:00
16191,3,25,4913.32,196.53279999999998,67,357,0.11258278145695365,2010-12-14 12:38:00
16193,237,1,314.45,314.45,19,0,0.0,2011-04-17 11:45:00
16198,75,1,400.68100000000004,400.68100000000004,15,0,0.0,2011-09-25 14:58:00
16200,4,2,1080.6200000000001,540.3100000000001,149,159,0.0,2011-06-28 15:47:00
16201,3,5,1821.52,364.304,74,106,0.034782608695652174,2011-08-22 10:47:00
16202,361,1,365.27,365.27,18,0,0.0,2010-12-14 10:43:00
16203,59,5,589.15,117.83,27,313,0.027777777777777776,2010-12-02 15:39:00
16204,23,1,405.71,405.71,45,0,0.0,2011-11-16 13:40:00
16205,31,4,761.38,190.345,73,148,0.0,2011-06-13 11:33:00
16206,55,4,537.0600000000001,134.26500000000001,52,272,0.0,2011-01-16 11:07:00
16207,25,1,394.38,394.38,19,0,0.0,2011-11-14 13:51:00
16208,45,2,664.26,332.13,61,244,0.0,2011-02-23 13:37:00
16209,89,5,2262.62,452.524,37,157,0.0,2011-04-07 12:23:00
16210,2,18,21086.3,1171.461111111111,74,372,0.0,2010-12-01 12:27:00
16211,81,2,542.77,271.385,23,7,0.041666666666666664,2011-09-12 12:11:00
16212,19,3,681.19,227.06333333333336,40,264,0.046511627906976744,2011-03-01 12:51:00
16213,79,1,159.0,159.0,6,0,0.0,2011-09-22 10:03:00
16214,171,3,1062.75,354.25,36,98,0.0,2011-03-15 13:23:00
16215,81,1,242.35,242.35,14,0,0.0,2011-09-20 10:18:00
16216,267,1,914.9300000000001,914.9300000000001,37,0,0.0,2011-03-17 15:34:00
16217,235,4,259.39000000000004,64.84750000000001,14,46,0.21052631578947367,2011-03-02 15:28:00
16218,30,8,3054.87,381.85875,56,343,0.06666666666666667,2010-12-01 11:29:00
16221,37,3,864.86,288.2866666666667,90,330,0.0,2010-12-07 13:13:00
16222,318,1,846.72,846.72,120,0,0.0,2011-01-25 13:38:00
16224,57,4,1295.3,323.825,90,192,0.0,2011-04-04 12:00:00
16225,45,5,1096.32,219.26399999999998,109,232,0.0,2011-03-07 12:17:00
16226,203,3,255.12,85.04,6,32,0.0,2011-04-18 12:58:00
16227,219,2,308.32000000000005,154.16000000000003,6,6,0.14285714285714285,2011-04-28 13:33:00
16229,87,2,1010.6,505.3,46,125,0.0,2011-05-11 10:18:00
16230,190,2,542.03,271.015,32,30,0.0,2011-05-03 15:12:00
16232,33,5,983.23,196.64600000000002,24,182,0.02631578947368421,2011-05-08 14:05:00
16233,71,5,422.13,84.426,22,295,0.12,2010-12-08 12:51:00
16235,41,6,858.41,143.06833333333333,42,291,0.041666666666666664,2011-01-11 15:42:00
16236,78,1,432.2,432.2,20,0,0.0,2011-09-22 14:10:00
16239,57,3,372.9,124.3,18,132,0.09523809523809523,2011-06-03 09:30:00
16240,8,5,3693.81,738.762,127,69,0.04929577464788732,2011-09-23 13:44:00
16241,10,13,2607.87,200.6053846153846,347,360,0.0,2010-12-05 11:04:00
16242,8,8,3598.26,449.7825,184,268,0.003389830508474576,2011-03-07 17:04:00
16243,34,2,409.1,204.55,49,21,0.0,2011-10-16 12:09:00
16244,212,2,1522.75,761.375,88,160,0.0,2010-12-02 11:41:00
16245,24,5,1352.3600000000001,270.47200000000004,80,233,0.03225806451612903,2011-03-28 09:30:00
16247,170,1,114.56,114.56,16,0,0.0,2011-06-22 14:23:00
16248,62,1,152.94,152.94,7,0,0.0,2011-10-09 11:32:00
16249,53,5,1800.07,360.014,67,186,0.0,2011-04-14 13:50:00
16250,261,2,389.44,194.72,22,112,0.0,2010-12-01 09:59:00
16252,366,1,0.01,0.01,21,0,1.0,2010-12-08 16:15:00
16253,32,3,3665.62,1221.8733333333332,115,223,0.008064516129032258,2011-03-29 13:33:00
16255,17,10,2609.3,260.93,146,348,0.014598540145985401,2010-12-09 14:25:00
16256,258,2,732.63,366.315,13,8,0.07142857142857142,2011-03-18 12:18:00
16257,177,1,46.95,46.95,2,0,0.0,2011-06-16 10:11:00
16258,45,5,5203.51,1040.702,111,173,0.0,2011-05-04 14:33:00
16260,51,1,1035.45,1035.45,18,0,0.0,2011-10-20 09:40:00
16261,17,4,746.83,186.7075,98,228,0.0,2011-04-07 19:05:00
16262,361,1,0.01,0.01,3,0,1.0,2010-12-14 11:55:00
16265,9,11,5423.15,493.01363636363635,164,355,0.007692307692307693,2010-12-10 10:21:00
16266,74,7,861.89,123.12714285714286,44,132,0.0,2011-05-17 14:50:00
16268,71,2,667.65,333.825,45,0,0.0,2011-09-29 18:30:00
16270,353,1,1141.24,1141.24,54,0,0.0,2010-12-21 14:26:00
16271,3,6,1423.29,237.215,90,355,0.007462686567164179,2010-12-16 16:36:00
16272,117,1,411.7,411.7,25,0,0.0,2011-08-15 10:53:00
16274,373,1,357.95,357.95,64,0,0.0,2010-12-01 15:35:00
16275,197,1,559.87,559.87,33,0,0.0,2011-05-27 12:41:00
16276,177,1,810.6000000000001,810.6000000000001,6,0,0.0,2011-06-16 09:34:00
16278,23,3,537.83,179.27666666666667,23,76,0.08,2011-08-31 17:12:00
16279,21,4,1496.68,374.17,104,312,0.01834862385321101,2011-01-10 09:56:00
16281,72,1,2062.06,2062.06,17,0,0.0,2011-09-28 14:57:00
16282,340,1,168.3,168.3,11,0,0.0,2011-01-04 11:42:00
16283,6,7,1531.51,218.78714285714287,117,202,0.011904761904761904,2011-05-15 13:37:00
16284,31,2,823.97,411.985,87,19,0.0,2011-10-20 13:54:00
16287,170,1,142.5,142.5,8,0,0.0,2011-06-23 09:08:00
16292,117,2,280.9,140.45,17,4,0.10526315789473684,2011-08-10 12:24:00
16293,9,12,2236.7400000000002,186.395,102,358,0.016666666666666666,2010-12-07 15:02:00
16295,10,4,1328.55,332.1375,70,54,0.0,2011-10-06 10:45:00
16297,213,4,275.4,68.85,21,56,0.13043478260869565,2011-03-16 08:29:00
16298,23,3,598.2,199.4,22,164,0.0,2011-06-06 10:06:00
16302,108,2,212.82,106.41,11,18,0.08333333333333333,2011-08-05 09:44:00
16303,26,4,5305.83,1326.4575,119,307,0.029940119760479042,2011-01-10 14:16:00
16305,139,1,361.21999999999997,361.21999999999997,22,0,0.0,2011-07-24 12:18:00
16306,214,9,602.27,66.91888888888889,36,153,0.06818181818181818,2010-12-07 15:18:00
16308,38,4,2560.0,640.0,1,223,0.0,2011-03-23 14:46:00
16309,92,3,686.67,228.89,39,149,0.045454545454545456,2011-04-13 11:46:00
16311,18,2,616.26,308.13,35,31,0.0,2011-10-21 13:13:00
16313,3,2,274.15000000000003,137.07500000000002,16,46,0.0,2011-10-21 09:04:00
16315,331,1,226.37,226.37,14,0,0.0,2011-01-13 11:57:00
16316,64,12,2755.56,229.63,121,293,0.03205128205128205,2010-12-16 14:26:00
16317,120,3,1341.65,447.2166666666667,64,177,0.0,2011-02-15 14:30:00
16318,35,1,328.15,328.15,19,0,0.0,2011-11-04 13:05:00
16319,218,1,404.40000000000003,404.40000000000003,3,0,0.0,2011-05-06 11:27:00
16320,172,2,1038.46,519.23,56,40,0.0,2011-05-10 15:31:00
16321,72,7,230.70000000000002,32.95714285714286,7,251,0.25,2011-01-20 12:11:00
16322,1,2,326.75,163.375,28,35,0.0,2011-11-03 14:33:00
16323,196,1,207.50000000000003,207.50000000000003,1,0,0.0,2011-05-27 14:48:00
16324,128,3,428.68,142.89333333333335,100,48,0.0,2011-06-15 14:26:00
16325,44,5,510.54,102.108,14,201,0.1,2011-04-08 09:20:00
16326,6,15,3085.96,205.73066666666668,158,328,0.003125,2011-01-09 12:01:00
16327,14,6,3844.22,640.7033333333333,142,355,0.0,2010-12-05 12:43:00
16330,18,4,242.21,60.5525,39,94,0.04878048780487805,2011-08-19 17:08:00
16332,28,8,1583.2,197.9,125,277,0.006493506493506494,2011-02-07 14:16:00
16333,8,22,26626.8,1210.3090909090909,9,302,0.0,2011-02-03 10:50:00
16337,37,1,151.05,151.05,10,0,0.0,2011-11-03 10:03:00
16338,157,1,214.79999999999998,214.79999999999998,11,0,0.0,2011-07-05 13:56:00
16339,284,1,109.95,109.95,17,0,0.0,2011-02-28 13:41:00
16340,107,1,549.07,549.07,124,0,0.0,2011-08-24 14:53:00
16341,25,6,1959.38,326.56333333333333,60,176,0.08333333333333333,2011-05-22 13:20:00
16342,75,4,322.41,80.6025,10,104,0.0,2011-06-13 10:10:00
16343,16,2,370.47999999999996,185.23999999999998,29,0,0.0,2011-11-23 17:43:00
16344,158,1,101.10000000000001,101.10000000000001,1,0,0.0,2011-07-04 15:50:00
16345,44,1,575.41,575.41,35,0,0.0,2011-10-26 16:03:00
16347,11,2,887.65,443.825,61,25,0.0,2011-11-03 13:01:00
16348,32,7,1469.45,209.92142857142858,157,207,0.0,2011-04-13 15:49:00
16349,291,1,53.5,53.5,9,0,0.0,2011-02-22 12:40:00
16350,21,5,1100.47,220.094,41,344,0.05,2010-12-09 14:43:00
16351,333,1,153.9,153.9,8,0,0.0,2011-01-11 10:26:00
16352,18,2,494.44,247.22,28,20,0.0,2011-11-02 08:44:00
16353,4,23,6675.71,290.24826086956523,51,366,0.0,2010-12-05 12:09:00
16354,63,2,395.8,197.9,38,9,0.0,2011-09-27 16:28:00
16356,198,4,210.32000000000002,52.580000000000005,20,79,0.03125,2011-03-07 12:31:00
16357,33,3,658.88,219.62666666666667,31,180,0.0,2011-05-10 10:35:00
16358,1,5,2024.95,404.99,82,183,0.00909090909090909,2011-06-08 15:05:00
16359,7,12,1460.3700000000001,121.6975,39,324,0.05714285714285714,2011-01-12 10:49:00
16360,5,8,3411.69,426.46125,365,83,0.013412816691505217,2011-09-12 13:50:00
16361,10,4,896.66,224.165,87,61,0.0,2011-09-29 13:13:00
16362,32,9,652.07,72.45222222222223,58,58,0.1,2011-09-09 14:47:00
16363,53,1,109.36000000000001,109.36000000000001,5,0,0.0,2011-10-17 14:14:00
16364,12,2,707.04,353.52,48,125,0.0,2011-07-25 14:35:00
16365,18,9,1540.42,171.1577777777778,45,349,0.0,2010-12-07 17:19:00
16366,19,1,327.3,327.3,18,0,0.0,2011-11-21 08:19:00
16367,37,2,804.49,402.245,123,325,0.0,2010-12-12 12:01:00
16368,2,2,497.43,248.715,58,25,0.0,2011-11-11 15:08:00
16369,18,3,1553.66,517.8866666666667,91,178,0.0,2011-05-27 09:39:00
16370,82,4,1320.56,330.14,143,142,0.0,2011-04-28 16:40:00
16372,33,2,367.93,183.965,86,0,0.0,2011-11-06 12:50:00
16374,66,2,473.03000000000003,236.51500000000001,101,196,0.0,2011-03-22 13:46:00
16376,9,3,977.52,325.84,104,8,0.0234375,2011-11-22 16:47:00
16377,267,1,676.2,676.2,5,0,0.0,2011-03-17 15:41:00
16378,247,3,362.95,120.98333333333333,22,63,0.0,2011-02-02 12:42:00
16379,4,5,2131.9,426.38,87,74,0.009174311926605505,2011-09-22 09:33:00
16380,61,1,1780.59,1780.59,28,0,0.0,2011-10-09 15:40:00
16383,75,2,668.36,334.18,80,193,0.0,2011-03-16 13:00:00
16384,90,2,584.5,292.25,33,174,0.0,2011-03-21 10:13:00
16385,60,3,555.89,185.29666666666665,52,306,0.0,2010-12-08 12:56:00
16386,29,2,317.2,158.6,76,225,0.0,2011-03-31 12:19:00
16387,323,1,94.36,94.36,4,0,0.0,2011-01-21 11:34:00
16389,53,5,1362.27,272.454,33,229,0.02857142857142857,2011-03-01 15:47:00
16392,270,1,221.19,221.19,41,0,0.0,2011-03-15 12:11:00
16393,2,20,2941.05,147.0525,121,366,0.0782122905027933,2010-12-05 13:10:00
16394,50,9,1412.06,156.89555555555555,61,239,0.17,2011-02-23 10:58:00
16395,61,5,1486.9,297.38,150,270,0.0,2011-01-13 12:10:00
16398,145,4,1631.15,407.7875,75,109,0.046511627906976744,2011-03-31 09:38:00
16399,19,2,408.57,204.285,68,216,0.0,2011-04-18 13:46:00
16400,95,1,303.93,303.93,28,0,0.0,2011-09-06 12:27:00
16401,1,20,4061.24,203.06199999999998,68,326,0.06060606060606061,2011-01-16 10:56:00
16402,265,2,299.6,149.8,55,104,0.0,2010-12-05 13:42:00
16403,302,2,161.04999999999998,80.52499999999999,10,10,0.3333333333333333,2011-01-31 13:39:00
16404,70,1,443.05,443.05,23,0,0.0,2011-09-30 14:55:00
16405,302,2,167.25,83.625,3,7,0.0,2011-02-02 17:08:00
16406,19,1,163.07,163.07,54,0,0.0,2011-11-21 11:57:00
16407,13,10,2126.93,212.69299999999998,99,299,0.0,2011-01-31 14:02:00
16409,36,5,2028.88,405.776,145,281,0.0,2011-01-26 14:51:00
16411,19,2,214.65,107.325,41,349,0.0,2010-12-05 13:26:00
16412,54,1,151.83,151.83,25,0,0.0,2011-10-17 12:35:00
16413,57,1,262.2,262.2,30,0,0.0,2011-10-14 12:08:00
16414,22,2,126.25,63.125,5,258,0.0,2011-03-04 13:27:00
16415,44,1,210.35,210.35,45,0,0.0,2011-10-26 13:35:00
16416,27,4,1026.99,256.7475,60,29,0.0273972602739726,2011-10-14 13:35:00
16418,45,3,675.27,225.09,76,181,0.0,2011-04-27 16:54:00
16419,113,7,959.48,137.06857142857143,36,199,0.019230769230769232,2011-02-01 12:25:00
16422,17,75,33805.69,450.74253333333337,72,351,0.07518796992481203,2010-12-05 15:35:00
16423,25,1,346.12,346.12,18,0,0.0,2011-11-15 09:21:00
16424,191,2,82.56,41.28,6,145,0.16666666666666666,2011-01-06 13:56:00
16425,302,1,302.7,302.7,21,0,0.0,2011-02-10 14:30:00
16426,2,10,1908.25,190.825,211,273,0.0,2011-03-08 15:45:00
16427,263,2,241.06,120.53,8,21,0.0,2011-02-28 15:18:00
16428,81,1,0.01,0.01,1,0,1.0,2011-09-19 16:31:00
16429,106,1,284.55,284.55,2,0,0.0,2011-08-25 13:54:00
16430,57,1,300.85,300.85,6,0,0.0,2011-10-13 14:47:00
16431,213,3,642.81,214.26999999999998,51,84,0.0,2011-02-15 14:02:00
16432,64,1,287.4,287.4,8,0,0.0,2011-10-06 13:59:00
16433,28,1,184.26,184.26,17,0,0.0,2011-11-11 14:09:00
16434,29,7,1522.25,217.46428571428572,88,270,0.0,2011-02-13 12:17:00
16438,6,5,798.35,159.67000000000002,74,76,0.0,2011-09-18 13:31:00
16440,8,5,3640.67,728.134,186,206,0.0,2011-05-09 12:25:00
16441,67,2,381.2,190.6,22,224,0.0,2011-02-21 17:35:00
16442,2,3,616.79,205.59666666666666,161,359,0.0,2010-12-14 10:46:00
16444,46,5,638.77,127.75399999999999,70,218,0.023255813953488372,2011-03-20 12:11:00
16445,34,1,230.51,230.51,62,0,0.0,2011-11-06 12:32:00
16446,1,3,2.8999999999941792,0.9666666666647264,3,204,0.25,2011-05-18 09:52:00
16447,136,1,259.01,259.01,34,0,0.0,2011-07-27 12:45:00
16448,198,1,188.89000000000001,188.89000000000001,19,0,0.0,2011-05-25 16:28:00
16449,191,3,674.69,224.89666666666668,40,89,0.06976744186046512,2011-03-04 12:15:00
16450,150,1,311.92,311.92,11,0,0.0,2011-07-13 11:47:00
16451,88,1,266.97,266.97,14,0,0.0,2011-09-13 09:17:00
16454,45,3,0.01,0.01,2,196,0.3333333333333333,2011-04-13 10:36:00
16455,64,7,1841.18,263.0257142857143,69,307,0.0,2010-12-03 16:44:00
16456,99,5,2158.37,431.674,80,273,0.0,2010-12-01 14:11:00
16457,218,1,208.36,208.36,9,0,0.0,2011-05-05 13:19:00
16458,3,18,3482.7400000000002,193.48555555555558,52,357,0.0,2010-12-14 11:51:00
16460,28,3,814.72,271.5733333333333,128,53,0.0,2011-09-19 10:15:00
16461,178,1,151.42,151.42,31,0,0.0,2011-06-15 12:07:00
16462,64,4,102.0,25.5,1,219,0.25,2011-03-01 08:58:00
16463,21,7,1383.7,197.67142857142858,74,182,0.03529411764705882,2011-05-19 14:45:00
16464,20,3,1314.68,438.2266666666667,152,122,0.0,2011-07-20 13:53:00
16466,34,7,1603.46,229.06571428571428,103,258,0.0,2011-02-20 11:39:00
16468,74,1,74.9,74.9,2,0,0.0,2011-09-26 14:13:00
16469,24,4,650.43,162.6075,148,222,0.0,2011-04-07 13:11:00
16470,52,5,757.44,151.488,120,307,0.005847953216374269,2010-12-16 11:10:00
16471,275,1,223.95000000000002,223.95000000000002,13,0,0.0,2011-03-10 09:41:00
16473,165,4,314.86,78.715,18,171,0.05263157894736842,2011-01-07 10:55:00
16474,7,11,1811.47,164.67909090909092,237,137,0.021739130434782608,2011-07-17 14:51:00
16475,88,4,544.3,136.075,23,185,0.0,2011-03-11 09:39:00
16477,64,7,2494.46,356.3514285714286,111,307,0.0,2010-12-03 12:48:00
16478,25,3,331.0,110.33333333333333,15,40,0.0,2011-10-05 12:02:00
16479,10,2,300.83,150.415,35,0,0.0,2011-11-29 13:04:00
16480,76,1,769.29,769.29,51,0,0.0,2011-09-25 11:40:00
16482,16,1,220.62,220.62,18,0,0.0,2011-11-24 12:33:00
16483,192,1,139.35,139.35,19,0,0.0,2011-05-31 13:08:00
16484,174,3,379.4,126.46666666666665,25,17,0.038461538461538464,2011-06-02 10:39:00
16485,77,1,363.65,363.65,41,0,0.0,2011-09-23 15:50:00
16488,33,4,492.2,123.05,28,115,0.06451612903225806,2011-07-14 11:46:00
16491,47,1,731.5,731.5,39,0,0.0,2011-10-24 10:18:00
16493,73,6,1329.66,221.61,40,257,0.0967741935483871,2011-01-14 08:16:00
16494,297,1,826.53,826.53,47,0,0.0,2011-02-16 12:49:00
16495,3,3,684.41,228.13666666666666,78,272,0.0,2011-03-08 16:38:00
16496,9,4,1562.22,390.555,92,308,0.020618556701030927,2011-01-27 09:42:00
16497,50,6,2965.69,494.2816666666667,128,283,0.0,2011-01-10 13:20:00
16498,161,3,86.12,28.706666666666667,15,0,0.0625,2011-06-30 19:52:00
16499,360,5,319.1,63.82000000000001,20,5,0.13636363636363635,2010-12-09 14:48:00
16500,5,6,400.86,66.81,8,326,0.0,2011-01-13 10:28:00
16503,107,5,1421.43,284.286,71,253,0.023255813953488372,2010-12-14 13:50:00
16504,25,1,484.38,484.38,76,0,0.0,2011-11-14 15:18:00
16505,32,1,777.6,777.6,4,0,0.0,2011-11-08 12:14:00
16506,20,2,90.30000000000001,45.150000000000006,3,20,0.0,2011-10-30 15:50:00
16509,297,1,363.7,363.7,13,0,0.0,2011-02-16 09:25:00
16510,372,1,248.1,248.1,13,0,0.0,2010-12-02 13:39:00
16511,22,3,950.26,316.75333333333333,135,244,0.0,2011-03-18 11:24:00
16513,5,4,874.59,218.6475,33,38,0.0,2011-10-27 14:56:00
16515,52,5,1627.13,325.42600000000004,89,259,0.0,2011-02-01 13:09:00
16516,30,1,101.69999999999999,101.69999999999999,6,0,0.0,2011-11-09 14:59:00
16517,277,1,162.7,162.7,17,0,0.0,2011-03-07 13:50:00
16518,61,3,480.92,160.30666666666667,36,222,0.047619047619047616,2011-02-28 16:36:00
16519,25,2,215.07999999999998,107.53999999999999,13,340,0.0,2010-12-09 14:08:00
16520,186,4,1036.6200000000001,259.15500000000003,129,179,0.006369426751592357,2010-12-09 13:08:00
16523,2,28,9295.67,331.98821428571426,151,313,0.026845637583892617,2011-01-28 12:06:00
16525,2,29,11895.57,410.19206896551725,75,364,0.085,2010-12-08 11:31:00
16526,172,1,290.36,290.36,15,0,0.0,2011-06-21 12:02:00
16527,81,1,228.06,228.06,14,0,0.0,2011-09-19 16:21:00
16528,4,1,244.41,244.41,17,0,0.0,2011-12-06 12:45:00
16529,190,1,455.25,455.25,30,0,0.0,2011-06-02 17:23:00
16531,22,7,1244.59,177.79857142857142,68,338,0.0,2010-12-14 13:19:00
16532,18,3,6748.8,2249.6,2,320,0.0,2011-01-05 12:37:00
16533,19,5,1026.94,205.388,112,48,0.022099447513812154,2011-10-02 15:07:00
16535,5,1,593.75,593.75,31,0,0.0,2011-12-04 15:18:00
16536,107,2,539.02,269.51,49,2,0.017857142857142856,2011-08-21 15:54:00
16539,3,4,1388.81,347.2025,36,370,0.0,2010-12-01 15:40:00
16542,54,1,119.62,119.62,5,0,0.0,2011-10-17 10:47:00
16545,165,1,339.3,339.3,3,0,0.0,2011-06-28 10:37:00
16546,291,3,0.01,0.01,31,81,0.1935483870967742,2010-12-02 12:07:00
16549,10,10,4154.64,415.46400000000006,445,324,0.0,2011-01-09 14:03:00
16550,109,9,2266.25,251.80555555555554,163,259,0.038314176245210725,2010-12-06 13:17:00
16551,96,3,922.12,307.37333333333333,26,240,0.0,2011-01-07 10:24:00
16552,243,2,379.73,189.865,17,130,0.0,2010-12-01 12:36:00
16553,163,14,5664.57,404.6121428571428,63,203,0.023255813953488372,2010-12-08 13:07:00
16554,3,7,641.55,91.64999999999999,52,328,0.2972972972972973,2011-01-12 12:40:00
16555,35,2,285.89,142.945,15,74,0.0,2011-08-22 12:32:00
16556,67,7,3313.79,473.3985714285714,144,293,0.0,2010-12-14 13:32:00
16557,24,2,281.85,140.925,11,113,0.0,2011-07-25 13:28:00
16558,1,24,8257.04,344.04333333333335,264,365,0.029535864978902954,2010-12-08 12:01:00
16560,21,3,816.51,272.17,52,337,0.017543859649122806,2010-12-16 14:36:00
16561,6,2,511.12,255.56,29,54,0.0,2011-10-11 09:53:00
16563,54,1,1077.74,1077.74,19,0,0.0,2011-10-17 11:51:00
16565,364,1,173.7,173.7,3,0,0.0,2010-12-10 15:21:00
16566,15,6,614.01,102.335,14,277,0.05263157894736842,2011-02-20 10:29:00
16567,194,2,865.6,432.8,34,142,0.0,2011-01-07 09:31:00
16569,3,1,124.2,124.2,5,0,0.0,2011-12-06 15:32:00
16570,9,15,3622.95,241.53,70,351,0.05263157894736842,2010-12-14 10:53:00
16571,3,5,1285.22,257.044,73,278,0.1792452830188679,2011-03-03 09:41:00
16572,127,4,999.7,249.925,40,148,0.017241379310344827,2011-03-09 12:04:00
16573,74,4,648.41,162.1025,40,216,0.08695652173913043,2011-02-22 15:14:00
16574,71,1,451.44,451.44,28,0,0.0,2011-09-29 13:39:00
16579,365,1,0.01,0.01,1,0,1.0,2010-12-09 15:00:00
16581,155,2,70.44,35.22,9,27,0.18181818181818182,2011-06-10 10:05:00
16582,113,1,313.62,313.62,6,0,0.0,2011-08-18 17:02:00
16583,374,1,233.45,233.45,14,0,0.0,2010-12-01 12:03:00
16584,80,3,908.03,302.6766666666667,25,174,0.0967741935483871,2011-03-30 13:14:00
16586,249,1,463.95,463.95,8,0,0.0,2011-04-05 09:32:00
16587,232,1,225.15,225.15,13,0,0.0,2011-04-21 15:51:00
16589,71,3,459.24,153.08,31,90,0.0,2011-07-01 13:31:00
16591,69,1,213.5,213.5,10,0,0.0,2011-10-02 10:43:00
16592,4,19,4073.28,214.38315789473685,142,283,0.02702702702702703,2011-02-25 10:19:00
16593,51,3,330.03,110.00999999999999,24,277,0.0,2011-01-16 12:11:00
16594,75,1,181.09,181.09,53,0,0.0,2011-09-25 14:08:00
16595,61,1,360.16,360.16,83,0,0.0,2011-10-09 13:15:00
16596,16,2,250.15,125.075,12,350,0.0,2010-12-08 16:18:00
16597,4,1,90.04,90.04,7,0,0.0,2011-12-05 15:44:00
16598,277,2,140.7,70.35,10,8,0.09090909090909091,2011-02-27 11:42:00
16600,4,6,813.52,135.58666666666667,50,334,0.0,2011-01-05 12:13:00
16601,41,1,244.79999999999998,244.79999999999998,29,0,0.0,2011-10-30 11:09:00
16602,31,2,494.72999999999996,247.36499999999998,29,5,0.09375,2011-11-03 15:54:00
16603,75,2,482.47,241.235,34,16,0.0,2011-09-09 13:02:00
16607,18,16,3038.67,189.916875,140,341,0.011494252873563218,2010-12-16 08:41:00
16609,15,9,5450.96,605.6622222222222,155,237,0.014285714285714285,2011-04-01 10:11:00
16610,219,1,75.66,75.66,6,0,0.0,2011-05-04 13:13:00
16611,186,2,120.99000000000001,60.495000000000005,10,46,0.09090909090909091,2011-04-20 16:41:00
16612,33,4,1187.66,296.915,48,278,0.0,2011-02-01 10:38:00
16613,70,1,618.59,618.59,30,0,0.0,2011-09-30 15:52:00
16614,183,1,506.19,506.19,26,0,0.0,2011-06-10 11:36:00
16616,15,2,500.42,250.21,31,142,0.0,2011-07-05 13:38:00
16617,236,1,151.85,151.85,5,0,0.0,2011-04-18 10:35:00
16618,31,6,2630.64,438.44,79,291,0.010309278350515464,2011-01-21 11:55:00
16619,254,2,204.41,102.205,14,10,0.125,2011-03-21 08:18:00
16620,4,2,178.96,89.48,9,257,0.0,2011-03-24 10:37:00
16621,52,4,813.48,203.37,22,226,0.0,2011-03-07 11:32:00
16623,246,1,129.45,129.45,5,0,0.0,2011-04-08 10:09:00
16624,81,2,810.5699999999999,405.28499999999997,44,116,0.0,2011-05-26 14:20:00
16625,275,1,333.08,333.08,23,0,0.0,2011-03-10 12:50:00
16626,1,20,4379.65,218.9825,86,265,0.02717391304347826,2011-03-18 12:27:00
16627,79,1,322.8,322.8,20,0,0.0,2011-09-21 14:38:00
16628,30,6,2183.04,363.84,79,205,0.01680672268907563,2011-04-19 08:55:00
16629,74,2,417.73,208.865,58,22,0.0,2011-09-04 16:12:00
16633,17,7,2878.15,411.1642857142857,115,216,0.006535947712418301,2011-04-19 14:36:00
16634,223,2,217.9,108.95,9,149,0.0,2010-12-02 17:41:00
16637,32,5,1124.59,224.91799999999998,66,193,0.041666666666666664,2011-04-28 10:20:00
16638,23,11,1676.47,152.40636363636364,92,346,0.010526315789473684,2010-12-06 10:19:00
16639,25,4,1169.38,292.345,48,210,0.038461538461538464,2011-04-18 09:31:00
16641,106,1,231.10000000000002,231.10000000000002,12,0,0.0,2011-08-26 12:49:00
16642,5,3,679.83,226.61,32,202,0.02857142857142857,2011-05-16 12:35:00
16643,246,1,487.51,487.51,27,0,0.0,2011-04-08 08:24:00
16644,178,2,833.78,416.89,62,34,0.0,2011-05-11 12:53:00
16647,170,2,214.06,107.03,12,35,0.0,2011-05-19 09:31:00
16648,39,2,270.85999999999996,135.42999999999998,19,4,0.09523809523809523,2011-10-28 08:58:00
16650,72,1,518.42,518.42,24,0,0.0,2011-09-29 09:51:00
16652,54,11,6654.26,604.9327272727273,75,219,0.04065040650406504,2011-03-11 13:13:00
16653,16,3,1166.92,388.97333333333336,67,55,0.09210526315789473,2011-09-29 13:38:00
16654,141,5,594.97,118.994,29,227,0.06451612903225806,2010-12-06 15:09:00
16655,18,6,3794.52,632.42,208,314,0.0,2011-01-12 10:16:00
16656,22,21,8568.24,408.01142857142855,14,342,0.0875,2010-12-10 11:23:00
16657,10,4,933.62,233.405,158,244,0.0,2011-03-30 12:02:00
16658,368,1,123.24,123.24,8,0,0.0,2010-12-06 13:47:00
16659,189,1,39.12,39.12,2,0,0.0,2011-06-03 15:03:00
16660,16,5,810.4499999999999,162.08999999999997,16,303,0.058823529411764705,2011-01-24 12:44:00
16665,362,1,135.39999999999998,135.39999999999998,9,0,0.0,2010-12-12 14:03:00
16666,19,1,118.98,118.98,32,0,0.0,2011-11-20 14:01:00
16667,68,2,570.13,285.065,52,216,0.0,2011-02-28 12:57:00
16668,15,6,306.71999999999997,51.12,9,269,0.0,2011-02-28 12:46:00
16669,24,4,1370.8700000000001,342.71750000000003,141,54,0.006211180124223602,2011-09-22 14:13:00
16670,17,17,4022.46,236.61529411764707,179,341,0.03816793893129771,2010-12-16 10:30:00
16671,28,3,1692.27,564.09,3,136,0.0,2011-06-28 11:20:00
16672,2,23,8093.59,351.89521739130436,23,264,0.02564102564102564,2011-03-18 10:15:00
16674,55,2,319.61,159.805,89,43,0.0,2011-09-02 13:59:00
16676,34,5,1558.72,311.744,75,303,0.03260869565217391,2011-01-06 13:00:00
16678,3,17,3013.83,177.28411764705882,93,280,0.041176470588235294,2011-03-02 09:24:00
16679,366,1,129.75,129.75,3,0,0.0,2010-12-08 13:51:00
16680,43,1,183.7,183.7,10,0,0.0,2011-10-27 17:35:00
16681,73,6,1770.34,295.0566666666667,18,180,0.0,2011-03-31 13:46:00
16682,5,5,1028.0,205.6,15,183,0.0,2011-06-05 11:02:00
16684,4,31,65892.08,2125.5509677419354,120,353,0.014234875444839857,2010-12-16 17:34:00
16685,61,2,324.24,162.12,60,0,0.0,2011-10-09 13:44:00
16686,47,9,3043.48,338.1644444444444,406,307,0.00510204081632653,2010-12-19 14:41:00
16688,1,4,1260.86,315.215,52,59,0.0,2011-10-10 12:23:00
16689,76,3,303.26,101.08666666666666,13,6,0.1875,2011-09-18 13:29:00
16690,44,3,208.63,69.54333333333334,10,158,0.07692307692307693,2011-05-22 10:53:00
16692,256,2,1276.0,638.0,2,32,0.0,2011-02-23 15:41:00
16693,69,2,482.01,241.005,58,203,0.0,2011-03-13 11:06:00
16696,135,4,657.9000000000001,164.47500000000002,7,112,0.0,2011-04-05 15:20:00
16697,241,1,112.75,112.75,20,0,0.0,2011-04-12 17:12:00
16698,227,2,1998.0,999.0,4,26,0.0,2011-03-31 13:33:00
16700,9,17,5040.0,296.47058823529414,159,357,0.01282051282051282,2010-12-08 16:34:00
16701,9,18,5150.2699999999995,286.1261111111111,99,352,0.06493506493506493,2010-12-13 11:51:00
16705,1,29,13946.130000000001,480.90103448275863,135,358,0.04929577464788732,2010-12-16 10:51:00
16706,37,3,531.35,177.11666666666667,108,76,0.0,2011-08-17 15:53:00
16708,46,1,656.63,656.63,27,0,0.0,2011-10-25 12:20:00
16709,85,5,3029.87,605.9739999999999,64,197,0.0,2011-03-03 10:55:00
16710,19,10,2483.04,248.304,268,349,0.0,2010-12-06 13:13:00
16711,3,5,1651.03,330.206,18,354,0.0,2010-12-17 12:43:00
16712,9,11,3645.43,331.40272727272725,259,266,0.0,2011-03-08 15:07:00
16713,19,21,6840.2300000000005,325.7252380952381,339,348,0.012658227848101266,2010-12-08 12:03:00
16714,219,4,911.53,227.8825,77,98,0.010638297872340425,2011-01-26 13:40:00
16715,78,1,301.71999999999997,301.71999999999997,19,0,0.0,2011-09-22 18:15:00
16716,267,3,319.8000000000001,106.60000000000004,1,44,0.3333333333333333,2011-02-01 15:35:00
16717,9,9,3278.36,364.26222222222225,178,357,0.15677966101694915,2010-12-08 16:48:00
16718,369,1,623.75,623.75,41,0,0.0,2010-12-05 13:03:00
16719,15,8,1773.92,221.74,108,353,0.009852216748768473,2010-12-06 12:06:00
16720,26,1,155.24,155.24,25,0,0.0,2011-11-13 16:22:00
16721,262,1,292.47,292.47,37,0,0.0,2011-03-22 16:08:00
16722,17,16,4711.21,294.450625,96,351,0.013157894736842105,2010-12-06 12:59:00
16723,91,2,589.15,294.575,37,16,0.0,2011-08-24 11:31:00
16725,302,8,775.07,96.88375,110,69,0.006578947368421052,2010-12-03 16:02:00
16726,26,5,1382.02,276.404,121,335,0.0,2010-12-13 13:28:00
16727,364,1,272.82,272.82,41,0,0.0,2010-12-10 13:48:00
16728,46,4,1054.67,263.6675,218,218,0.0,2011-03-20 13:28:00
16729,36,26,7076.28,272.1646153846154,235,205,0.011976047904191617,2011-04-12 14:22:00
16730,52,4,702.79,175.6975,75,267,0.023809523809523808,2011-01-24 14:01:00
16732,32,1,603.75,603.75,28,0,0.0,2011-11-08 09:54:00
16734,52,3,650.51,216.83666666666667,44,61,0.0,2011-08-17 15:00:00
16735,79,7,2269.21,324.17285714285714,88,255,0.0234375,2011-01-09 12:53:00
16737,53,1,417.59999999999997,417.59999999999997,1,0,0.0,2011-10-17 13:03:00
16738,298,1,3.75,3.75,1,0,0.0,2011-02-15 09:46:00
16739,172,2,312.55,156.275,13,4,0.1875,2011-06-16 09:17:00
16742,47,2,0.01,0.01,4,0,0.75,2011-10-24 11:58:00
16743,29,8,2191.84,273.98,89,329,0.010362694300518135,2010-12-16 12:15:00
16744,11,7,1304.76,186.3942857142857,198,161,0.0,2011-06-19 15:13:00
16745,87,18,7170.7,398.3722222222222,148,225,0.002793296089385475,2011-02-01 11:31:00
16746,5,19,6694.31,352.3321052631579,234,354,0.00663716814159292,2010-12-16 11:43:00
16747,25,4,826.96,206.74,34,42,0.06666666666666667,2011-10-03 10:18:00
16748,18,5,1515.9,303.18,42,316,0.0,2011-01-09 13:50:00
16750,45,5,623.93,124.78599999999999,74,187,0.0,2011-04-21 16:53:00
16751,31,1,1764.72,1764.72,24,0,0.0,2011-11-09 10:48:00
16752,373,1,207.5,207.5,9,0,0.0,2010-12-02 12:18:00
16753,58,1,223.92000000000002,223.92000000000002,34,0,0.0,2011-10-12 13:14:00
16754,372,1,2002.4,2002.4,2,0,0.0,2010-12-02 17:38:00
16755,114,5,1484.63,296.92600000000004,134,201,0.03409090909090909,2011-01-28 10:47:00
16756,215,1,239.4,239.4,13,0,0.0,2011-05-09 09:33:00
16757,319,1,106.83000000000001,106.83000000000001,7,0,0.0,2011-01-25 11:59:00
16758,65,1,369.34000000000003,369.34000000000003,22,0,0.0,2011-10-05 14:47:00
16759,8,4,772.84,193.21,40,23,0.023255813953488372,2011-11-09 09:06:00
16761,97,1,316.62,316.62,13,0,0.0,2011-09-04 11:15:00
16762,20,3,1501.38,500.46000000000004,51,124,0.0,2011-07-18 12:52:00
16763,185,2,594.9,297.45,23,13,0.041666666666666664,2011-05-25 11:52:00
16764,4,18,2758.25,153.23611111111111,209,139,0.016713091922005572,2011-07-19 17:17:00
16765,294,1,34.0,34.0,1,0,0.0,2011-02-18 15:41:00
16766,273,2,1145.6,572.8,17,0,0.0,2011-03-11 13:34:00
16767,31,11,5580.6,507.32727272727277,148,285,0.0,2011-01-27 13:38:00
16768,48,5,458.04,91.608,47,224,0.06896551724137931,2011-03-13 10:25:00
16769,260,1,380.39,380.39,33,0,0.0,2011-03-24 13:41:00
16770,58,6,744.9,124.14999999999999,116,314,0.00684931506849315,2010-12-02 15:49:00
16771,33,5,2246.81,449.36199999999997,200,304,0.0,2011-01-05 13:57:00
16773,57,1,171.59,171.59,23,0,0.0,2011-10-13 14:37:00
16774,68,5,654.92,130.98399999999998,36,110,0.02040816326530612,2011-06-14 12:45:00
16775,10,11,1695.66,154.1509090909091,84,357,0.0,2010-12-07 15:15:00
16776,60,1,388.28,388.28,61,0,0.0,2011-10-10 13:04:00
16777,80,2,226.35,113.175,45,176,0.0,2011-03-27 14:34:00
16778,74,2,245.94,122.97,16,199,0.0,2011-03-10 15:21:00
16779,2,28,10454.05,373.3589285714285,161,364,0.03197674418604651,2010-12-08 09:56:00
16780,100,2,425.19,212.595,51,158,0.0,2011-03-25 17:34:00
16781,365,2,294.65,147.325,17,7,0.10526315789473684,2010-12-02 14:26:00
16782,10,19,2242.25,118.01315789473684,103,357,0.03553299492385787,2010-12-06 16:10:00
16784,20,1,107.6,107.6,3,0,0.0,2011-11-20 12:20:00
16788,123,2,597.48,298.74,138,131,0.0,2011-03-30 13:05:00
16789,8,1,80.8,80.8,5,0,0.0,2011-12-01 15:12:00
16790,4,8,1520.1200000000001,190.01500000000001,88,34,0.021052631578947368,2011-11-02 11:23:00
16791,29,8,1706.28,213.285,218,303,0.006211180124223602,2011-01-11 15:42:00
16792,282,2,110.38000000000001,55.190000000000005,11,0,0.0,2011-03-02 14:39:00
16793,57,1,243.84,243.84,16,0,0.0,2011-10-13 15:08:00
16794,1,12,1201.51,100.12583333333333,142,179,0.006968641114982578,2011-06-12 14:15:00
16795,365,1,414.88,414.88,64,0,0.0,2010-12-09 14:08:00
16796,89,1,305.62,305.62,18,0,0.0,2011-09-11 14:01:00
16800,11,1,1201.49,1201.49,148,0,0.0,2011-11-28 14:06:00
16801,163,5,867.83,173.566,72,110,0.371900826446281,2011-03-11 13:56:00
16803,65,1,332.3,332.3,24,0,0.0,2011-10-05 14:28:00
16804,23,3,536.99,178.99666666666667,59,247,0.0,2011-03-14 15:48:00
16805,174,2,460.59,230.295,94,186,0.0,2010-12-14 13:35:00
16806,103,4,801.49,200.3725,68,135,0.0,2011-04-14 19:59:00
16807,143,3,1121.59,373.8633333333333,57,128,0.0,2011-03-14 09:46:00
16808,99,2,288.42,144.21,21,175,0.0,2011-03-10 19:05:00
16809,23,6,912.74,152.12333333333333,79,239,0.006666666666666667,2011-03-22 13:13:00
16810,192,2,275.64,137.82,16,168,0.0625,2010-12-14 11:24:00
16811,5,2,547.07,273.535,26,12,0.0,2011-11-22 17:19:00
16812,361,1,479.35,479.35,15,0,0.0,2010-12-14 12:35:00
16813,8,10,1692.98,169.298,248,196,0.0,2011-05-19 13:28:00
16814,14,22,6500.6,295.4818181818182,122,355,0.003076923076923077,2010-12-05 11:45:00
16816,103,4,417.06,104.265,28,254,0.0,2010-12-16 17:01:00
16817,3,13,1446.95,111.30384615384615,76,365,0.09473684210526316,2010-12-06 14:19:00
16818,11,13,3317.97,255.22846153846152,172,194,0.010526315789473684,2011-05-18 11:42:00
16820,96,1,497.61,497.61,26,0,0.0,2011-09-05 12:06:00
16823,227,1,358.38,358.38,34,0,0.0,2011-04-26 15:00:00
16824,16,2,460.64,230.32,23,148,0.0,2011-06-28 13:36:00
16825,39,2,775.1800000000001,387.59000000000003,27,147,0.0,2011-06-07 09:44:00
16826,51,1,341.7,341.7,22,0,0.0,2011-10-19 14:05:00
16828,93,2,128.5,64.25,8,19,0.0,2011-08-19 13:24:00
16829,157,1,197.22,197.22,11,0,0.0,2011-07-06 10:48:00
16830,39,1,325.91,325.91,23,0,0.0,2011-11-01 11:35:00
16832,184,3,199.15,66.38333333333334,11,33,0.0,2011-05-06 14:12:00
16833,1,4,1106.53,276.6325,46,333,0.0,2011-01-09 13:02:00
16834,228,1,413.46,413.46,24,0,0.0,2011-04-26 09:37:00
16835,128,2,180.85,90.425,10,244,0.0,2010-12-01 17:15:00
16836,40,2,251.87,125.935,11,76,0.0,2011-08-15 12:38:00
16837,31,12,3167.73,263.9775,123,214,0.006024096385542169,2011-04-08 08:48:00
16838,197,3,582.9,194.29999999999998,24,90,0.038461538461538464,2011-02-24 15:01:00
16839,9,39,15357.78,393.7892307692308,117,360,0.10738255033557047,2010-12-05 11:15:00
16841,37,7,1774.62,253.51714285714283,101,250,0.008547008547008548,2011-02-25 12:40:00
16842,64,4,1260.44,315.11,45,238,0.015625,2011-02-10 14:51:00
16843,43,17,10183.82,599.0482352941176,226,284,0.002638522427440633,2011-01-16 16:10:00
16846,50,1,214.32,214.32,11,0,0.0,2011-10-20 13:55:00
16847,43,1,193.44,193.44,12,0,0.0,2011-10-27 13:29:00
16848,53,1,281.42,281.42,14,0,0.0,2011-10-18 08:42:00
16849,187,1,124.57,124.57,8,0,0.0,2011-06-06 09:16:00
16850,334,1,332.41,332.41,19,0,0.0,2011-01-10 11:09:00
16851,4,3,342.45,114.14999999999999,17,47,0.0,2011-10-19 09:48:00
16852,10,2,144.91000000000003,72.45500000000001,9,165,0.0,2011-06-16 15:49:00
16855,24,2,328.4,164.2,19,19,0.0,2011-10-27 16:31:00
16856,15,1,35.400000000000006,35.400000000000006,2,0,0.0,2011-11-25 08:59:00
16858,366,2,345.89000000000004,172.94500000000002,9,2,0.23076923076923078,2010-12-06 09:52:00
16859,106,5,473.14,94.628,50,155,0.2777777777777778,2011-03-23 13:39:00
16861,60,3,151.65,50.550000000000004,8,308,0.25,2010-12-06 15:09:00
16863,29,4,481.35,120.3375,25,337,0.07142857142857142,2010-12-08 08:58:00
16866,141,3,207.73999999999998,69.24666666666666,10,20,0.0,2011-07-01 12:34:00
16869,23,5,805.62,161.124,113,152,0.007751937984496124,2011-06-17 13:01:00
16871,22,7,2761.4900000000002,394.49857142857144,131,248,0.014388489208633094,2011-03-14 10:31:00
16872,77,3,680.02,226.67333333333332,5,107,0.0,2011-06-08 14:32:00
16873,5,10,7066.31,706.6310000000001,179,359,0.03460207612456748,2010-12-10 15:45:00
16875,64,9,2023.47,224.83,94,275,0.08943089430894309,2011-01-04 10:37:00
16877,12,6,853.72,142.28666666666666,111,195,0.0,2011-05-15 16:13:00
16878,25,2,0.01,0.01,3,59,0.5,2011-09-16 17:39:00
16880,31,7,1519.08,217.01142857142855,121,158,0.0,2011-06-03 16:45:00
16881,67,1,432.0,432.0,1,0,0.0,2011-10-04 10:33:00
16882,67,3,705.12,235.04,39,250,0.0,2011-01-26 17:43:00
16883,187,2,276.73,138.365,33,184,0.0,2010-12-03 10:33:00
16884,38,2,429.84000000000003,214.92000000000002,26,0,0.0,2011-11-02 10:16:00
16885,15,3,471.51,157.17,82,341,0.0,2010-12-17 17:23:00
16887,35,1,194.88,194.88,35,0,0.0,2011-11-04 14:07:00
16889,195,3,1578.67,526.2233333333334,112,142,0.0,2011-01-07 10:47:00
16891,2,5,809.7,161.94,166,369,0.0,2010-12-03 11:35:00
16892,1,7,496.84000000000003,70.97714285714287,88,321,0.019801980198019802,2011-01-20 13:19:00
16893,367,1,145.93,145.93,44,0,0.0,2010-12-08 12:06:00
16895,65,1,219.14,219.14,57,0,0.0,2011-10-06 12:15:00
16897,299,3,213.03,71.01,37,14,0.1590909090909091,2011-01-30 11:52:00
16898,26,4,444.46,111.115,151,342,0.006134969325153374,2010-12-06 12:23:00
16899,8,6,1281.56,213.59333333333333,80,352,0.0,2010-12-14 13:11:00
16900,12,5,187.6900000000001,37.538000000000025,79,51,0.036585365853658534,2011-10-07 13:17:00
16902,116,1,1706.88,1706.88,43,0,0.0,2011-08-15 14:17:00
16903,29,1,373.24,373.24,50,0,0.0,2011-11-10 15:32:00
16904,4,16,3754.27,234.641875,387,362,0.0,2010-12-07 13:29:00
16905,5,8,3085.48,385.685,117,366,0.004784688995215311,2010-12-03 10:43:00
16906,82,4,579.77,144.9425,74,166,0.0,2011-04-05 12:30:00
16907,29,5,981.65,196.32999999999998,89,336,0.0,2010-12-09 16:52:00
16909,64,2,364.14,182.07,18,8,0.05263157894736842,2011-09-28 16:45:00
16910,4,8,1510.06,188.7575,318,86,0.0,2011-09-09 14:14:00
16912,23,14,2528.67,180.61928571428572,89,300,0.0380952380952381,2011-01-20 15:42:00
16913,290,1,113.44,113.44,8,0,0.0,2011-02-22 12:56:00
16914,36,1,208.46,208.46,25,0,0.0,2011-11-03 15:27:00
16915,9,6,621.6800000000001,103.61333333333334,46,274,0.0,2011-03-01 09:52:00
16916,24,2,576.26,288.13,129,348,0.0,2010-12-02 13:14:00
16917,277,1,391.52,391.52,9,0,0.0,2011-03-08 11:55:00
16918,50,7,1043.34,149.04857142857142,97,267,0.015384615384615385,2011-01-26 17:37:00
16919,156,11,2596.45,236.04090909090908,141,212,0.0,2010-12-06 12:52:00
16921,61,1,169.79,169.79,50,0,0.0,2011-10-09 16:22:00
16923,12,26,6666.83,256.41653846153844,316,350,0.034482758620689655,2010-12-12 11:06:00
16924,21,4,739.5,184.875,69,62,0.06741573033707865,2011-09-16 12:54:00
16926,371,1,230.25,230.25,14,0,0.0,2010-12-03 13:42:00
16927,116,3,543.05,181.01666666666665,5,245,0.0,2010-12-13 11:57:00
16928,80,19,2781.5,146.39473684210526,72,292,0.018779342723004695,2010-12-01 15:21:00
16929,4,7,1295.39,185.0557142857143,51,151,0.0,2011-07-07 12:39:00
16930,26,3,380.55,126.85000000000001,47,42,0.0,2011-10-02 14:25:00
16931,5,21,4604.22,219.24857142857144,448,364,0.0,2010-12-05 11:40:00
16932,53,1,161.94,161.94,44,0,0.0,2011-10-17 14:12:00
16933,1,5,530.08,106.016,44,238,0.10204081632653061,2011-04-14 12:28:00
16934,55,2,950.9300000000001,475.46500000000003,59,0,0.0,2011-10-16 12:25:00
16936,26,1,262.68,262.68,56,0,0.0,2011-11-14 11:04:00
16938,9,5,1903.13,380.62600000000003,212,300,0.004132231404958678,2011-02-04 09:34:00
16940,52,3,3049.88,1016.6266666666667,226,237,0.0,2011-02-23 12:27:00
16942,13,10,1894.11,189.411,159,215,0.007067137809187279,2011-04-26 11:59:00
16943,212,3,816.73,272.24333333333334,23,106,0.0,2011-01-25 14:00:00
16945,22,19,4345.5,228.71052631578948,137,336,0.0,2010-12-16 17:49:00
16947,236,1,406.48,406.48,21,0,0.0,2011-04-18 09:38:00
16948,139,3,435.02,145.00666666666666,15,187,0.0,2011-01-18 10:58:00
16949,4,7,1161.27,165.8957142857143,57,312,0.01639344262295082,2011-01-27 12:11:00
16950,57,3,1178.56,392.8533333333333,39,310,0.0,2010-12-07 15:20:00
16951,123,4,1262.75,315.6875,73,180,0.011494252873563218,2011-02-08 14:58:00
16952,109,2,167.61,83.805,16,0,0.0,2011-08-22 12:58:00
16953,30,1,20.8,20.8,1,0,0.0,2011-11-09 15:54:00
16954,1,9,2085.08,231.67555555555555,40,358,0.0,2010-12-15 10:41:00
16955,185,5,493.67,98.73400000000001,18,188,0.038461538461538464,2010-12-01 13:31:00
16956,9,2,292.34,146.17,16,8,0.1111111111111111,2011-11-22 08:56:00
16957,239,2,416.64,208.32,15,42,0.0,2011-03-03 09:25:00
16959,87,1,117.35000000000001,117.35000000000001,7,0,0.0,2011-09-13 15:03:00
16960,39,3,507.05,169.01666666666668,92,213,0.0,2011-04-01 11:54:00
16961,116,1,234.17,234.17,14,0,0.0,2011-08-15 13:46:00
16963,187,1,110.55000000000001,110.55000000000001,7,0,0.0,2011-06-05 13:48:00
16965,227,1,201.19,201.19,26,0,0.0,2011-04-27 12:08:00
16966,8,10,2148.47,214.84699999999998,9,231,0.0967741935483871,2011-04-13 14:17:00
16967,189,1,319.02,319.02,21,0,0.0,2011-06-03 14:24:00
16968,4,2,439.43,219.715,31,103,0.0,2011-08-24 10:51:00
16969,39,3,650.41,216.8033333333333,42,152,0.0,2011-06-01 12:10:00
16971,3,2,232.20999999999998,116.10499999999999,41,35,0.023809523809523808,2011-11-01 15:06:00
16976,267,1,251.51999999999998,251.51999999999998,2,0,0.0,2011-03-17 16:33:00
16978,78,1,344.33,344.33,39,0,0.0,2011-09-23 12:50:00
16979,4,8,1809.05,226.13125,64,294,0.02197802197802198,2011-02-15 09:20:00
16980,255,2,1078.96,539.48,71,36,0.0,2011-02-21 12:58:00
16982,61,1,384.06,384.06,22,0,0.0,2011-10-10 12:28:00
16983,13,8,1920.2,240.025,112,356,0.006711409395973154,2010-12-05 12:34:00
16984,78,5,4392.42,878.484,354,52,0.02631578947368421,2011-08-01 17:37:00
16985,17,11,5461.62,496.5109090909091,62,341,0.008264462809917356,2010-12-16 10:38:00
16986,30,2,1873.2,936.6,3,0,0.0,2011-11-09 15:52:00
16987,3,7,1625.05,232.15,74,202,0.0,2011-05-18 15:55:00
16988,5,1,126.12,126.12,7,0,0.0,2011-12-04 16:02:00
16989,7,6,1133.25,188.875,7,143,0.0,2011-07-12 09:11:00
16990,219,1,179.0,179.0,1,0,0.0,2011-05-05 08:30:00
16992,11,6,1601.8600000000001,266.9766666666667,85,299,0.021052631578947368,2011-02-02 16:31:00
16995,372,1,0.01,0.01,1,0,1.0,2010-12-02 17:09:00
16996,30,9,1427.46,158.60666666666668,14,328,0.0975609756097561,2010-12-16 09:48:00
16997,288,3,702.0,234.0,7,37,0.0,2011-01-18 11:51:00
16998,150,6,287.02000000000004,47.83666666666667,2,154,0.3333333333333333,2011-02-08 15:42:00
16999,23,2,484.82,242.41,21,50,0.0,2011-09-26 15:43:00
17001,1,11,3989.57,362.6881818181818,75,358,0.0,2010-12-16 09:35:00
17002,73,4,1487.78,371.945,41,217,0.02,2011-02-22 11:46:00
17004,46,2,1412.94,706.47,38,46,0.0,2011-09-08 12:16:00
17006,5,4,781.78,195.445,37,70,0.0,2011-09-25 12:15:00
17007,51,7,877.4300000000001,125.34714285714287,50,306,0.018867924528301886,2010-12-17 13:57:00
17010,17,2,185.46,92.73,11,1,0.08333333333333333,2011-11-21 14:49:00
17011,30,1,270.9,270.9,15,0,0.0,2011-11-09 13:30:00
17014,8,4,565.58,141.395,63,58,0.013333333333333334,2011-10-04 11:36:00
17015,29,3,1842.56,614.1866666666666,182,156,0.0,2011-06-07 13:19:00
17017,3,27,8574.11,317.5596296296296,88,369,0.05970149253731343,2010-12-02 10:17:00
17018,41,2,920.1,460.05,15,285,0.0,2011-01-18 08:46:00
17019,11,4,1272.61,318.1525,166,357,0.0,2010-12-06 12:55:00
17022,31,1,71.0,71.0,7,0,0.0,2011-11-08 17:09:00
17024,45,3,95.85,31.95,2,112,0.0,2011-07-05 09:31:00
17025,61,3,357.77,119.25666666666666,8,312,0.0,2010-12-01 15:45:00
17026,185,2,154.82999999999998,77.41499999999999,4,184,0.0,2010-12-05 12:47:00
17027,79,7,848.59,121.22714285714287,110,238,0.012903225806451613,2011-01-26 14:19:00
17029,111,2,716.0,358.0,1,126,0.0,2011-04-17 10:57:00
17030,64,1,146.87,146.87,11,0,0.0,2011-10-07 08:49:00
17031,12,2,380.35,190.175,19,143,0.0,2011-07-08 09:38:00
17033,86,3,1030.14,343.38000000000005,24,273,0.0,2010-12-15 13:21:00
17034,16,4,734.5699999999999,183.64249999999998,28,271,0.0625,2011-02-25 10:10:00
17035,246,3,388.33,129.44333333333333,27,65,0.125,2011-02-01 12:27:00
17037,78,2,1253.22,626.61,75,9,0.025974025974025976,2011-09-13 12:49:00
17038,30,1,112.4,112.4,22,0,0.0,2011-11-09 13:50:00
17040,138,1,449.73,449.73,15,0,0.0,2011-07-25 10:19:00
17041,27,4,1065.77,266.4425,59,333,0.014084507042253521,2010-12-14 11:43:00
17042,3,5,1044.3799999999999,208.87599999999998,74,244,0.0,2011-04-06 14:53:00
17043,32,4,1735.18,433.795,100,234,0.0,2011-03-18 14:53:00
17044,9,3,897.4300000000001,299.1433333333334,8,350,0.4,2010-12-15 16:34:00
17045,113,3,339.44,113.14666666666666,20,134,0.0,2011-04-06 12:08:00
17046,157,1,642.02,642.02,22,0,0.0,2011-07-05 14:24:00
17047,85,3,1100.9,366.9666666666667,59,119,0.0,2011-05-18 16:50:00
17048,115,6,864.32,144.05333333333334,41,215,0.10416666666666667,2011-01-12 16:51:00
17049,3,11,5594.78,508.6163636363636,201,273,0.012422360248447204,2011-03-09 08:33:00
17050,96,6,3228.84,538.14,169,203,0.0,2011-02-13 12:41:00
17051,194,1,247.14000000000001,247.14000000000001,40,0,0.0,2011-05-29 14:13:00
17052,28,1,413.75,413.75,72,0,0.0,2011-11-11 14:50:00
17053,129,2,496.38,248.19,13,2,0.07142857142857142,2011-08-01 10:23:00
17054,28,6,1353.83,225.63833333333332,64,216,0.011904761904761904,2011-04-08 13:14:00
17058,82,3,1179.89,393.2966666666667,51,158,0.0,2011-04-14 09:18:00
17059,30,5,3095.04,619.008,292,339,0.0,2010-12-05 12:35:00
17060,266,1,234.24,234.24,5,0,0.0,2011-03-18 13:27:00
17061,74,12,5116.13,426.3441666666667,57,158,0.019801980198019802,2011-04-21 13:29:00
17062,314,5,534.47,106.894,53,55,0.014084507042253521,2010-12-05 11:59:00
17063,9,11,1421.59,129.23545454545453,66,280,0.04878048780487805,2011-02-23 13:44:00
17064,59,3,859.35,286.45,53,268,0.0,2011-01-16 16:10:00
17065,143,1,0.01,0.01,1,0,1.0,2011-07-19 14:45:00
17068,12,22,4531.34,205.97,116,355,0.003367003367003367,2010-12-06 13:58:00
17069,28,13,2655.2200000000003,204.24769230769232,111,345,0.07142857142857142,2010-12-01 16:49:00
17070,114,1,312.14,312.14,62,0,0.0,2011-08-17 17:01:00
17071,9,14,2385.48,170.39142857142858,102,301,0.05405405405405406,2011-02-03 08:18:00
17073,18,4,1446.09,361.5225,142,91,0.0,2011-08-22 14:37:00
17075,18,5,813.77,162.754,62,299,0.0375,2011-01-26 13:20:00
17076,36,3,841.0799999999999,280.35999999999996,17,328,0.0,2010-12-10 10:08:00
17078,36,2,378.2,189.1,28,0,0.0,2011-11-03 18:49:00
17079,78,1,118.80000000000001,118.80000000000001,2,0,0.0,2011-09-22 15:34:00
17080,22,3,285.5,95.16666666666667,8,247,0.1111111111111111,2011-03-15 12:05:00
17081,25,2,290.16,145.08,55,20,0.0,2011-10-24 13:08:00
17082,33,2,2003.85,1001.925,75,285,0.0,2011-01-25 14:36:00
17083,109,3,1405.78,468.5933333333333,24,194,0.0,2011-02-09 11:38:00
17084,35,2,2949.75,1474.875,146,0,0.0,2011-11-04 14:49:00
17085,123,6,1555.05,259.175,116,239,0.010582010582010581,2010-12-12 12:24:00
17086,7,6,2050.08,341.68,76,56,0.0,2011-10-07 11:22:00
17088,28,4,1991.01,497.7525,96,225,0.0,2011-03-31 09:48:00
17090,4,8,2041.8500000000001,255.23125000000002,45,349,0.015625,2010-12-20 13:52:00
17091,3,10,3802.81,380.281,119,365,0.015151515151515152,2010-12-07 09:55:00
17092,50,4,1777.78,444.445,99,227,0.0,2011-03-07 14:51:00
17094,318,2,270.20000000000005,135.10000000000002,14,4,0.06666666666666667,2011-01-21 13:09:00
17095,22,6,1088.2,181.36666666666667,70,312,0.03896103896103896,2011-01-09 11:05:00
17096,9,7,992.6800000000001,141.8114285714286,46,252,0.07692307692307693,2011-03-23 12:05:00
17097,2,9,937.92,104.21333333333332,153,363,0.009389671361502348,2010-12-09 14:55:00
17100,18,2,971.74,485.87,65,0,0.0,2011-11-21 16:36:00
17101,10,4,1621.73,405.4325,28,167,0.0,2011-06-14 14:49:00
17102,262,1,25.5,25.5,1,0,0.0,2011-03-23 10:08:00
17105,159,2,665.78,332.89,80,147,0.0,2011-02-06 14:46:00
17107,33,7,10380.43,1482.9185714285716,269,245,0.007125890736342043,2011-03-06 15:17:00
17109,29,8,869.6800000000001,108.71000000000001,107,203,0.03305785123966942,2011-04-21 15:46:00
17110,165,1,163.29999999999998,163.29999999999998,12,0,0.0,2011-06-27 12:58:00
17111,47,1,248.61,248.61,29,0,0.0,2011-10-23 15:59:00
17114,6,10,747.22,74.72200000000001,85,329,0.05925925925925926,2011-01-09 11:39:00
17115,8,5,806.9000000000001,161.38000000000002,33,224,0.09302325581395349,2011-04-20 14:46:00
17117,288,1,116.19999999999999,116.19999999999999,9,0,0.0,2011-02-24 13:54:00
17118,318,1,157.02,157.02,10,0,0.0,2011-01-26 12:19:00
17119,3,3,593.61,197.87,35,56,0.07894736842105263,2011-10-11 11:03:00
17120,233,1,307.46,307.46,18,0,0.0,2011-04-20 15:21:00
17122,119,1,138.32,138.32,7,0,0.0,2011-08-12 14:33:00
17123,162,1,345.29999999999995,345.29999999999995,9,0,0.0,2011-07-01 10:47:00
17124,185,1,298.89,298.89,31,0,0.0,2011-06-07 14:02:00
17125,50,1,259.35,259.35,34,0,0.0,2011-10-20 14:41:00
17126,152,7,991.85,141.69285714285715,189,210,0.007633587786259542,2010-12-12 11:19:00
17128,335,1,157.09,157.09,14,0,0.0,2011-01-09 12:02:00
17131,5,5,2463.17,492.634,78,70,0.0,2011-09-25 12:42:00
17133,16,7,4892.240000000001,698.8914285714287,13,250,0.0,2011-03-18 13:47:00
17134,107,2,425.0,212.5,21,157,0.0,2011-03-20 11:56:00
17135,16,7,1139.73,162.81857142857143,34,355,0.0,2010-12-03 09:31:00
17138,276,1,380.5,380.5,24,0,0.0,2011-03-09 11:54:00
17139,16,15,10585.57,705.7046666666666,309,273,0.018480492813141684,2011-02-24 09:32:00
17140,247,1,465.32,465.32,16,0,0.0,2011-04-06 13:33:00
17142,239,1,579.0,579.0,15,0,0.0,2011-04-14 18:22:00
17144,1,2,984.57,492.285,42,83,0.0,2011-09-16 12:50:00
17146,106,3,749.78,249.92666666666665,33,253,0.0,2010-12-16 12:20:00
17147,23,6,1679.64,279.94,70,289,0.047058823529411764,2011-02-01 09:36:00
17148,52,1,124.88,124.88,9,0,0.0,2011-10-19 09:59:00
17152,195,4,1503.5,375.875,9,68,0.125,2011-03-21 16:20:00
17153,24,1,213.78,213.78,14,0,0.0,2011-11-15 13:42:00
17154,75,1,329.34,329.34,23,0,0.0,2011-09-25 13:42:00
17155,18,2,251.70000000000002,125.85000000000001,19,160,0.0,2011-06-15 10:22:00
17157,8,3,306.55,102.18333333333334,11,168,0.13333333333333333,2011-06-16 15:08:00
17158,32,3,1266.97,422.3233333333333,53,328,0.0,2010-12-14 13:03:00
17159,22,4,1534.73,383.6825,96,150,0.00980392156862745,2011-06-21 09:49:00
17160,31,6,3518.03,586.3383333333334,111,210,0.0,2011-04-12 12:00:00
17162,29,11,1707.21,155.2009090909091,81,276,0.009523809523809525,2011-02-07 12:27:00
17163,22,2,293.1,146.55,3,56,0.0,2011-09-22 15:54:00
17164,33,8,2466.4,308.3,92,240,0.006896551724137931,2011-03-11 14:26:00
17165,284,1,158.68,158.68,10,0,0.0,2011-02-28 16:39:00
17166,39,3,189.49,63.163333333333334,11,165,0.14285714285714285,2011-05-20 08:18:00
17169,50,4,816.88,204.22,51,133,0.1,2011-06-09 13:16:00
17171,289,1,224.91,224.91,16,0,0.0,2011-02-23 16:37:00
17172,75,2,313.26,156.63,16,4,0.0625,2011-09-22 09:36:00
17173,5,9,3755.65,417.2944444444445,36,125,0.011494252873563218,2011-07-31 15:26:00
17174,218,1,59.9,59.9,4,0,0.0,2011-05-06 11:47:00
17175,44,5,1430.94,286.188,42,252,0.015625,2011-02-16 14:56:00
17176,202,1,306.13,306.13,15,0,0.0,2011-05-22 12:41:00
17179,178,3,711.79,237.26333333333332,56,183,0.0,2010-12-13 14:24:00
17180,56,6,780.38,130.06333333333333,91,259,0.022900763358778626,2011-01-27 18:05:00
17181,57,2,239.92000000000002,119.96000000000001,23,316,0.0,2010-12-01 12:38:00
17183,8,8,3286.9100000000003,410.86375000000004,42,97,0.039473684210526314,2011-08-26 15:25:00
17186,47,2,144.0,72.0,1,13,0.0,2011-10-10 12:52:00
17187,227,1,203.95,203.95,10,0,0.0,2011-04-27 12:39:00
17188,11,9,2275.58,252.8422222222222,71,351,0.056179775280898875,2010-12-12 12:56:00
17189,106,2,384.40000000000003,192.20000000000002,52,253,0.0,2010-12-15 17:28:00
17190,59,3,249.74,83.24666666666667,19,148,0.05,2011-05-16 15:29:00
17191,28,7,2095.13,299.30428571428575,163,340,0.0,2010-12-06 14:36:00
17193,36,9,1674.46,186.0511111111111,17,141,0.08571428571428572,2011-06-16 10:04:00
17194,274,2,262.62,131.31,26,86,0.0,2010-12-14 12:06:00
17197,30,1,1013.01,1013.01,29,0,0.0,2011-11-10 10:32:00
17198,24,3,692.22,230.74,89,347,0.0,2010-12-03 14:54:00
17201,54,1,342.63,342.63,38,0,0.0,2011-10-17 11:55:00
17203,36,6,3563.85,593.975,116,24,0.0,2011-10-10 14:37:00
17204,169,9,1352.91,150.32333333333335,47,185,0.14925373134328357,2010-12-20 12:01:00
17205,54,1,384.08,384.08,13,0,0.0,2011-10-17 12:46:00
17206,53,1,204.24,204.24,7,0,0.0,2011-10-17 13:25:00
17211,27,9,2299.67,255.5188888888889,150,342,0.009389671361502348,2010-12-05 12:44:00
17212,253,1,226.85,226.85,4,0,0.0,2011-03-31 19:42:00
17213,40,11,2741.08,249.1890909090909,85,326,0.042682926829268296,2010-12-08 13:03:00
17214,60,7,984.12,140.58857142857144,79,298,0.009615384615384616,2010-12-15 15:14:00
17217,234,1,113.5,113.5,9,0,0.0,2011-04-19 17:19:00
17218,4,10,1960.72,196.072,146,363,0.0,2010-12-06 15:25:00
17219,32,1,114.23,114.23,24,0,0.0,2011-11-08 11:25:00
17220,24,14,3198.25,228.44642857142858,303,339,0.0,2010-12-10 14:54:00
17221,7,2,335.13,167.565,59,28,0.0,2011-11-03 17:39:00
17222,65,1,354.15,354.15,27,0,0.0,2011-10-05 13:58:00
17223,310,2,426.79,213.395,43,58,0.0,2010-12-06 14:08:00
17226,309,1,393.49,393.49,21,0,0.0,2011-02-04 11:52:00
17227,19,6,939.32,156.55333333333334,28,349,0.0,2010-12-06 11:16:00
17228,16,8,1906.09,238.26125,140,356,0.0,2010-12-02 16:00:00
17229,96,2,318.76,159.38,39,46,0.0,2011-07-20 12:38:00
17230,264,11,3466.67,315.1518181818182,51,95,0.0547945205479452,2010-12-15 11:22:00
17231,12,14,3127.82,223.4157142857143,294,349,0.009157509157509158,2010-12-13 13:09:00
17232,3,2,421.52,210.76,30,11,0.0,2011-11-25 12:24:00
17233,35,1,190.88,190.88,25,0,0.0,2011-11-04 14:06:00
17234,183,1,149.89000000000001,149.89000000000001,14,0,0.0,2011-06-10 11:20:00
17235,25,2,550.06,275.03,24,347,0.0,2010-12-02 13:38:00
17236,13,6,916.13,152.68833333333333,88,350,0.0,2010-12-12 11:49:00
17237,11,2,314.69,157.345,18,11,0.0,2011-11-17 12:55:00
17238,3,17,3744.65,220.2735294117647,297,368,0.0,2010-12-03 15:05:00
17239,313,2,379.95,189.975,15,39,0.0625,2010-12-22 13:20:00
17242,108,2,1135.04,567.52,30,72,0.0,2011-06-12 13:04:00
17243,1,30,8628.55,287.6183333333333,180,368,0.0171990171990172,2010-12-05 10:03:00
17244,53,1,954.9,954.9,31,0,0.0,2011-10-17 15:19:00
17245,205,1,171.45,171.45,9,0,0.0,2011-05-19 10:43:00
17247,15,1,282.19,282.19,53,0,0.0,2011-11-24 15:21:00
17248,120,1,318.65,318.65,68,0,0.0,2011-08-11 13:34:00
17250,4,2,384.52,192.26,55,257,0.0,2011-03-23 16:45:00
17251,363,1,283.28000000000003,283.28000000000003,37,0,0.0,2010-12-12 11:06:00
17252,117,2,353.86,176.93,86,69,0.0,2011-06-06 16:41:00
17253,18,1,178.26,178.26,18,0,0.0,2011-11-21 12:59:00
17254,5,2,272.44,136.22,100,10,0.0,2011-11-24 14:09:00
17255,41,2,298.41,149.205,69,258,0.0,2011-02-13 15:18:00
17256,107,2,240.0,120.0,12,204,0.0,2011-01-31 14:53:00
17259,148,2,603.37,301.685,104,220,0.0,2010-12-06 12:55:00
17262,52,5,1253.3600000000001,250.67200000000003,9,313,0.0,2010-12-08 13:30:00
17263,208,1,63.440000000000005,63.440000000000005,23,0,0.0,2011-05-15 14:32:00
17265,139,2,562.9,281.45,106,41,0.0,2011-06-12 12:00:00
17266,2,3,310.64,103.54666666666667,60,145,0.0,2011-07-15 11:57:00
17267,127,2,317.62,158.81,37,0,0.0,2011-08-04 17:19:00
17268,108,4,763.64,190.91,3,137,0.0,2011-04-08 13:20:00
17272,42,5,2144.53,428.90600000000006,70,220,0.017241379310344827,2011-03-22 12:05:00
17274,35,1,111.97999999999999,111.97999999999999,24,0,0.0,2011-11-04 13:16:00
17277,228,2,1065.3500000000001,532.6750000000001,67,95,0.0,2011-01-21 12:37:00
17278,241,1,246.04,246.04,15,0,0.0,2011-04-12 13:10:00
17279,58,1,187.82999999999998,187.82999999999998,8,0,0.0,2011-10-13 11:58:00
17282,130,3,1703.41,567.8033333333334,79,169,0.0,2011-02-13 11:36:00
17284,60,7,1641.68,234.5257142857143,229,276,0.006802721088435374,2011-01-07 14:31:00
17286,22,1,153.92,153.92,44,0,0.0,2011-11-18 12:47:00
17287,26,7,1064.11,152.01571428571427,88,346,0.0,2010-12-02 12:22:00
17288,9,7,1419.73,202.81857142857143,118,349,0.0,2010-12-16 13:33:00
17289,32,4,936.16,234.04,86,148,0.008928571428571428,2011-06-12 13:51:00
17290,4,2,525.24,262.62,92,12,0.0,2011-11-23 15:53:00
17291,308,1,550.8000000000001,550.8000000000001,1,0,0.0,2011-02-04 13:04:00
17293,8,9,1875.1100000000001,208.34555555555556,93,352,0.0,2010-12-13 14:55:00
17295,29,3,556.95,185.65,53,35,0.0,2011-10-06 12:22:00
17297,17,1,131.78,131.78,49,0,0.0,2011-11-22 14:43:00
17298,101,2,498.42,249.21,30,23,0.0,2011-08-07 12:21:00
17299,12,4,669.11,167.2775,50,161,0.0,2011-06-19 16:04:00
17301,21,1,197.63,197.63,59,0,0.0,2011-11-18 13:43:00
17302,15,6,1119.93,186.655,68,290,0.024691358024691357,2011-02-07 10:14:00
17303,361,1,250.04,250.04,53,0,0.0,2010-12-13 13:32:00
17306,11,21,8600.73,409.5585714285714,13,342,0.043478260869565216,2010-12-21 13:34:00
17307,365,1,0.01,0.01,1,0,1.0,2010-12-09 15:24:00
17309,95,1,82.75,82.75,11,0,0.0,2011-09-05 15:20:00
17311,78,2,1384.85,692.425,55,238,0.0,2011-01-27 10:56:00
17312,139,3,644.3,214.76666666666665,11,20,0.0,2011-07-03 13:12:00
17313,18,2,2288.13,1144.065,24,13,0.14285714285714285,2011-11-08 15:45:00
17314,25,11,2514.76,228.61454545454546,120,287,0.03676470588235294,2011-01-31 11:25:00
17315,1,43,6204.46,144.28976744186048,259,356,0.028747433264887063,2010-12-17 12:19:00
17317,46,5,2524.02,504.804,8,43,0.18181818181818182,2011-09-11 12:45:00
17320,100,3,1200.6200000000001,400.2066666666667,57,267,0.0,2010-12-06 15:38:00
17321,8,2,700.86,350.43,94,59,0.0,2011-10-03 11:34:00
17323,15,9,908.99,100.99888888888889,125,277,0.0196078431372549,2011-02-20 14:38:00
17324,18,4,990.23,247.5575,43,348,0.0,2010-12-08 12:45:00
17325,280,1,96.8,96.8,6,0,0.0,2011-03-04 13:09:00
17329,14,2,523.11,261.555,29,300,0.0,2011-01-28 15:29:00
17330,23,2,363.9,181.95,5,44,0.0,2011-10-03 11:26:00
17331,124,1,175.2,175.2,1,0,0.0,2011-08-08 11:55:00
17333,86,1,494.25,494.25,28,0,0.0,2011-09-15 10:11:00
17334,301,3,306.6,102.2,11,7,0.08333333333333333,2011-02-04 09:03:00
17337,151,7,1944.32,277.76,421,158,0.009124087591240875,2011-02-02 17:06:00
17338,17,10,6612.18,661.2180000000001,390,344,0.005284015852047556,2010-12-13 12:57:00
17339,94,2,243.36,121.68,9,270,0.0,2010-12-09 14:44:00
17340,9,16,11891.18,743.19875,231,357,0.04009433962264151,2010-12-08 15:56:00
17341,157,3,781.36,260.4533333333333,147,209,0.0,2010-12-08 12:46:00
17343,355,1,193.64,193.64,17,0,0.0,2010-12-19 15:07:00
17344,46,1,160.57,160.57,31,0,0.0,2011-10-24 12:56:00
17345,15,4,537.74,134.435,70,181,0.0,2011-05-27 12:26:00
17346,4,16,2611.58,163.22375,299,369,0.005964214711729622,2010-12-01 14:34:00
17347,86,1,228.96,228.96,1,0,0.0,2011-09-14 13:12:00
17348,15,5,1159.52,231.904,180,283,0.0,2011-02-15 10:49:00
17349,179,1,110.75,110.75,8,0,0.0,2011-06-13 14:29:00
17350,8,5,1256.19,251.238,66,42,0.013888888888888888,2011-10-19 16:05:00
17351,36,3,587.15,195.71666666666667,22,237,0.0,2011-03-11 16:05:00
17353,129,2,1740.0,870.0,5,25,0.0,2011-07-08 16:17:00
17354,51,1,1393.06,1393.06,15,0,0.0,2011-10-20 10:34:00
17356,312,1,178.22,178.22,19,0,0.0,2011-02-01 11:07:00
17357,24,2,388.14,194.07,41,0,0.0,2011-11-15 16:29:00
17358,303,2,365.85,182.925,55,52,0.0,2010-12-19 14:16:00
17359,11,1,127.86,127.86,13,0,0.0,2011-11-28 14:37:00
17360,17,3,585.79,195.26333333333332,113,166,0.0,2011-06-08 17:09:00
17361,49,3,488.2,162.73333333333332,26,242,0.0,2011-02-21 09:55:00
17362,239,2,312.23,156.115,30,70,0.0,2011-02-03 10:26:00
17364,1,12,4455.73,371.3108333333333,288,330,0.007246376811594203,2011-01-12 16:57:00
17365,13,8,4801.56,600.195,278,320,0.0,2011-01-11 12:11:00
17367,238,1,168.4,168.4,33,0,0.0,2011-04-15 14:21:00
17368,23,9,1349.52,149.94666666666666,93,314,0.1328125,2011-01-06 11:57:00
17370,73,4,446.18,111.545,31,96,0.0,2011-06-23 11:50:00
17371,17,3,423.89,141.29666666666665,83,343,0.0,2010-12-13 15:20:00
17372,41,8,1342.68,167.835,215,321,0.0,2010-12-12 12:00:00
17373,40,4,646.92,161.73,47,272,0.0,2011-01-31 11:46:00
17374,219,2,495.77,247.885,24,62,0.0,2011-03-03 12:53:00
17375,190,4,372.5,93.125,65,171,0.028169014084507043,2010-12-13 15:16:00
17376,71,2,203.2,101.6,23,240,0.0,2011-02-01 14:12:00
17377,24,21,3925.92,186.94857142857143,191,349,0.002386634844868735,2010-12-01 12:35:00
17379,11,1,404.66,404.66,71,0,0.0,2011-11-28 13:56:00
17381,9,30,20272.43,675.7476666666666,40,363,0.00909090909090909,2010-12-02 12:58:00
17382,65,1,65.4,65.4,2,0,0.0,2011-10-05 13:05:00
17383,4,1,199.29,199.29,49,0,0.0,2011-12-05 17:36:00
17384,19,2,336.4,168.2,12,199,0.0,2011-05-04 16:07:00
17385,15,1,261.11,261.11,42,0,0.0,2011-11-25 11:02:00
17386,8,6,2686.42,447.7366666666667,23,157,0.0,2011-06-27 12:11:00
17387,20,2,784.11,392.055,71,13,0.0,2011-11-06 11:25:00
17388,78,4,1259.56,314.89,13,209,0.0,2011-02-25 12:28:00
17389,1,43,31300.079999999998,727.9088372093023,48,338,0.049107142857142856,2011-01-04 17:12:00
17391,164,2,508.8,254.4,2,0,0.0,2011-06-28 12:21:00
17392,307,2,457.91,228.955,53,51,0.0,2010-12-16 19:04:00
17394,219,1,203.86999999999998,203.86999999999998,4,0,0.0,2011-05-04 13:22:00
17396,39,8,7330.8,916.35,24,332,0.0,2010-12-03 09:45:00
17397,22,2,696.41,348.205,88,0,0.0,2011-11-17 13:58:00
17398,115,3,653.38,217.79333333333332,30,140,0.0,2011-03-29 13:04:00
17400,126,5,2129.96,425.992,175,226,0.0,2010-12-21 17:16:00
17402,5,13,2633.85,202.60384615384615,33,364,0.0,2010-12-05 13:53:00
17403,36,1,281.62,281.62,32,0,0.0,2011-11-03 15:18:00
17404,4,18,30300.82,1683.378888888889,111,356,0.014925373134328358,2010-12-14 13:27:00
17405,1,5,967.22,193.44400000000002,77,149,0.1276595744680851,2011-07-12 14:17:00
17406,330,5,1928.72,385.744,99,36,0.02586206896551724,2010-12-08 10:35:00
17408,163,1,32.65,32.65,2,0,0.0,2011-06-29 12:53:00
17409,185,2,771.85,385.925,13,63,0.0,2011-04-05 16:42:00
17410,16,5,1214.72,242.94400000000002,57,199,0.0,2011-05-08 15:21:00
17411,12,4,748.94,187.235,41,353,0.046511627906976744,2010-12-09 11:42:00
17412,3,7,1258.06,179.72285714285712,48,369,0.0,2010-12-02 16:29:00
17414,44,2,778.0,389.0,5,141,0.0,2011-06-08 11:43:00
17415,80,1,507.84,507.84,14,0,0.0,2011-09-21 12:50:00
17416,30,9,6838.34,759.8155555555555,186,251,0.007380073800738007,2011-03-03 13:45:00
17418,42,2,463.46000000000004,231.73000000000002,29,281,0.0,2011-01-20 11:39:00
17419,11,14,4200.97,300.06928571428574,155,355,0.009615384615384616,2010-12-07 15:03:00
17420,50,3,598.83,199.61,28,323,0.0,2010-12-01 09:56:00
17422,16,10,1853.1299999999999,185.313,93,279,0.13333333333333333,2011-02-16 14:44:00
17423,45,4,663.63,165.9075,26,172,0.07142857142857142,2011-05-06 09:14:00
17425,19,2,759.17,379.585,42,41,0.0,2011-10-10 11:37:00
17426,4,7,5022.26,717.4657142857143,179,277,0.003676470588235294,2011-03-02 16:34:00
17427,72,1,100.8,100.8,2,0,0.0,2011-09-29 11:29:00
17428,1,33,17078.45,517.5287878787879,255,368,0.043731778425655975,2010-12-06 09:37:00
17429,121,4,512.12,128.03,36,98,0.07142857142857142,2011-05-05 09:53:00
17430,33,2,265.76,132.88,14,332,0.0,2010-12-09 13:05:00
17431,313,1,403.3,403.3,41,0,0.0,2011-01-30 14:36:00
17432,18,2,365.76,182.88,44,19,0.0,2011-11-02 17:30:00
17433,88,1,303.15999999999997,303.15999999999997,53,0,0.0,2011-09-12 14:24:00
17434,2,9,2333.42,259.2688888888889,100,82,0.028985507246376812,2011-09-15 13:54:00
17436,2,2,216.29999999999998,108.14999999999999,7,225,0.0,2011-04-27 11:33:00
17438,247,2,378.3,189.15,17,6,0.10526315789473684,2011-03-31 10:26:00
17440,148,5,177.1,35.42,3,99,0.375,2011-04-06 12:05:00
17442,29,10,2210.2599999999998,221.02599999999998,97,335,0.03571428571428571,2010-12-09 15:13:00
17443,220,1,534.24,534.24,1,0,0.0,2011-05-04 10:47:00
17444,148,3,2940.04,980.0133333333333,132,25,0.0,2011-06-20 09:04:00
17446,177,2,120.9,60.45,6,133,0.0,2011-02-02 14:40:00
17447,40,2,541.53,270.765,33,31,0.0,2011-09-29 10:10:00
17448,145,1,0.01,0.01,1,0,1.0,2011-07-18 12:26:00
17449,2,8,2504.86,313.1075,178,357,0.007168458781362007,2010-12-15 10:57:00
17450,8,55,187482.17,3408.7667272727276,127,359,0.039886039886039885,2010-12-07 09:23:00
17451,1,10,1648.95,164.895,83,104,0.06542056074766354,2011-08-26 11:54:00
17453,18,2,486.71999999999997,243.35999999999999,19,46,0.0,2011-10-06 17:02:00
17454,192,4,517.53,129.3825,57,167,0.0,2010-12-15 10:54:00
17455,204,1,131.7,131.7,8,0,0.0,2011-05-20 12:31:00
17456,365,1,249.86,249.86,17,0,0.0,2010-12-09 15:23:00
17457,127,5,1737.7,347.54,14,212,0.0,2011-01-04 14:33:00
17458,15,1,316.5,316.5,52,0,0.0,2011-11-24 13:01:00
17459,43,2,657.3,328.65,88,16,0.0,2011-10-10 17:00:00
17460,79,8,452.63,56.57875,18,294,0.21621621621621623,2010-12-01 16:24:00
17461,23,3,757.46,252.48666666666668,104,6,0.0,2011-11-10 12:01:00
17462,51,3,662.94,220.98000000000002,25,232,0.03571428571428571,2011-02-28 17:01:00
17463,16,6,1881.36,313.56,162,296,0.0182648401826484,2011-01-30 15:48:00
17464,158,1,289.96000000000004,289.96000000000004,9,0,0.0,2011-07-04 13:19:00
17466,10,2,763.28,381.64,41,68,0.0,2011-09-22 09:16:00
17468,10,2,137.0,68.5,5,4,0.0,2011-11-25 12:52:00
17469,16,6,1843.06,307.1766666666667,61,188,0.022222222222222223,2011-05-19 08:55:00
17470,45,5,1125.07,225.01399999999998,67,323,0.0,2010-12-07 09:57:00
17472,191,3,710.29,236.76333333333332,142,108,0.0,2011-02-13 14:40:00
17475,79,1,194.37,194.37,14,0,0.0,2011-09-21 14:55:00
17480,74,2,506.51,253.255,29,3,0.06451612903225806,2011-09-23 11:39:00
17481,4,5,1249.34,249.868,69,90,0.012048192771084338,2011-09-07 09:57:00
17483,65,3,414.04,138.01333333333335,18,117,0.0,2011-06-09 19:40:00
17486,261,1,396.87,396.87,24,0,0.0,2011-03-23 14:00:00
17489,59,2,376.64,188.32,28,153,0.0,2011-05-11 11:34:00
17490,1,11,1926.8799999999999,175.17090909090908,64,175,0.11627906976744186,2011-06-16 09:15:00
17491,1,11,3541.92,321.9927272727273,72,366,0.00909090909090909,2010-12-07 12:18:00
17492,248,1,374.57,374.57,12,0,0.0,2011-04-05 15:21:00
17495,8,2,497.56,248.78,21,31,0.0,2011-11-01 12:06:00
17496,359,1,271.05,271.05,10,0,0.0,2010-12-16 08:39:00
17498,76,1,272.22,272.22,17,0,0.0,2011-09-25 12:25:00
17499,290,1,622.88,622.88,40,0,0.0,2011-02-23 09:14:00
17500,17,3,1138.0,379.3333333333333,3,12,0.0,2011-11-10 09:08:00
17501,221,2,288.6,144.3,18,0,0.0,2011-05-03 09:46:00
17502,9,4,689.1,172.275,25,19,0.0,2011-11-10 16:39:00
17503,3,2,558.96,279.48,36,35,0.0,2011-11-01 11:12:00
17504,206,10,2745.2799999999997,274.52799999999996,112,116,0.09285714285714286,2011-01-21 11:09:00
17505,162,2,1145.84,572.92,48,44,0.0,2011-05-18 09:01:00
17506,70,2,294.29,147.145,14,5,0.125,2011-09-25 11:39:00
17507,262,2,605.58,302.79,79,47,0.0,2011-02-03 18:08:00
17508,281,1,387.31,387.31,22,0,0.0,2011-03-04 08:10:00
17509,58,11,6100.74,554.6127272727273,75,5,0.008130081300813009,2011-10-07 13:14:00
17510,25,1,308.48,308.48,20,0,0.0,2011-11-15 10:00:00
17511,3,46,88125.38,1915.7691304347827,467,370,0.1050185873605948,2010-12-01 10:19:00
17512,29,11,2920.04,265.4581818181818,61,272,0.009433962264150943,2011-02-11 12:22:00
17513,72,1,513.2,513.2,6,0,0.0,2011-09-28 16:42:00
17514,128,1,208.65,208.65,40,0,0.0,2011-08-03 15:45:00
17515,31,4,639.02,159.755,49,286,0.0,2011-01-25 14:33:00
17516,15,5,768.08,153.616,113,270,0.0,2011-02-27 12:41:00
17517,309,1,153.94,153.94,11,0,0.0,2011-02-04 11:48:00
17519,17,7,1839.07,262.7242857142857,60,351,0.012048192771084338,2010-12-06 15:18:00
17520,54,1,546.81,546.81,30,0,0.0,2011-10-17 12:04:00
17521,24,4,721.9599999999999,180.48999999999998,38,174,0.021739130434782608,2011-05-24 15:14:00
17522,2,5,1070.71,214.142,59,216,0.0,2011-05-05 16:31:00
17523,11,4,652.74,163.185,25,7,0.0,2011-11-20 13:40:00
17524,361,1,145.0,145.0,6,0,0.0,2010-12-13 14:32:00
17525,360,1,422.70000000000005,422.70000000000005,9,0,0.0,2010-12-15 12:05:00
17526,1,8,706.7,88.3375,17,364,0.17391304347826086,2010-12-09 12:20:00
17527,54,6,888.86,148.14333333333335,45,164,0.04081632653061224,2011-05-05 13:43:00
17528,1,11,3540.1,321.8272727272727,183,70,0.026923076923076925,2011-09-29 13:04:00
17530,1,10,2385.0,238.5,306,363,0.0,2010-12-09 20:01:00
17531,121,2,293.45,146.725,15,69,0.06666666666666667,2011-06-02 19:17:00
17534,54,1,223.36,223.36,9,0,0.0,2011-10-17 12:47:00
17535,280,1,164.4,164.4,13,0,0.0,2011-03-04 15:20:00
17536,177,1,76.5,76.5,3,0,0.0,2011-06-15 13:23:00
17537,30,2,897.62,448.81,74,273,0.0,2011-02-09 13:37:00
17538,26,1,98.42,98.42,9,0,0.0,2011-11-14 12:12:00
17540,9,3,570.4,190.13333333333333,20,307,0.038461538461538464,2011-01-27 14:35:00
17542,270,1,170.75,170.75,24,0,0.0,2011-03-15 11:45:00
17545,43,3,645.96,215.32000000000002,122,0,0.0,2011-10-27 13:48:00
17547,372,1,0.01,0.01,2,0,1.0,2010-12-02 14:29:00
17548,218,3,0.01,0.01,12,155,0.7058823529411765,2010-12-01 10:24:00
17549,24,2,148.86,74.43,5,27,0.0,2011-10-19 10:05:00
17550,197,3,267.16,89.05333333333334,42,45,0.0,2011-04-10 15:19:00
17551,359,1,306.84,306.84,39,0,0.0,2010-12-15 14:12:00
17552,43,6,909.96,151.66,45,329,0.0392156862745098,2010-12-02 18:45:00
17553,130,1,1487.6,1487.6,2,0,0.0,2011-08-02 10:00:00
17554,1,5,1952.45,390.49,58,146,0.0,2011-07-14 20:01:00
17555,20,2,483.26,241.63,101,314,0.0,2011-01-09 12:31:00
17556,206,1,157.9,157.9,6,0,0.0,2011-05-18 10:48:00
17557,14,3,541.46,180.48666666666668,27,66,0.0,2011-09-19 14:23:00
17560,95,4,854.95,213.7375,22,215,0.0,2011-02-02 11:14:00
17561,19,1,167.62,167.62,44,0,0.0,2011-11-20 12:53:00
17562,14,8,1107.38,138.4225,48,159,0.015625,2011-06-19 13:06:00
17564,24,3,454.01,151.33666666666667,38,55,0.0,2011-09-20 14:00:00
17566,8,2,901.21,450.605,113,17,0.0,2011-11-14 13:42:00
17567,7,10,4012.56,401.256,110,365,0.06779661016949153,2010-12-02 15:18:00
17569,332,1,344.14,344.14,29,0,0.0,2011-01-11 14:15:00
17571,50,4,1498.51,374.6275,247,248,0.0,2011-02-14 15:15:00
17572,71,4,226.75000000000003,56.68750000000001,7,302,0.0,2010-12-01 12:51:00
17573,29,4,362.9,90.725,24,64,0.038461538461538464,2011-09-07 10:36:00
17574,243,1,185.65,185.65,8,0,0.0,2011-04-11 09:47:00
17576,8,22,3457.78,157.1718181818182,245,357,0.014388489208633094,2010-12-09 16:57:00
17578,191,2,124.74,62.37,5,27,0.16666666666666666,2011-05-05 18:38:00
17579,5,4,440.2,110.05,46,174,0.038461538461538464,2011-06-13 14:12:00
17580,253,3,215.72,71.90666666666667,43,105,0.0,2010-12-16 15:27:00
17581,1,31,10736.11,346.3261290322581,231,371,0.02654867256637168,2010-12-02 14:47:00
17582,236,1,175.27,175.27,28,0,0.0,2011-04-17 13:18:00
17584,7,3,1227.3,409.09999999999997,30,120,0.027777777777777776,2011-08-04 14:12:00
17585,109,4,1133.07,283.2675,176,228,0.0,2011-01-05 15:09:00
17588,100,3,1240.2,413.40000000000003,19,132,0.0,2011-04-21 10:31:00
17589,60,4,2404.17,601.0425,172,180,0.0,2011-04-13 13:47:00
17590,2,3,1479.22,493.0733333333333,162,37,0.0,2011-10-30 14:05:00
17591,73,8,2215.02,276.8775,81,293,0.005988023952095809,2010-12-07 15:39:00
17593,4,6,3911.56,651.9266666666666,190,349,0.009302325581395349,2010-12-22 10:29:00
17594,85,2,993.18,496.59,42,169,0.0,2011-03-30 10:32:00
17595,12,2,388.79,194.395,68,24,0.0,2011-11-02 16:19:00
17596,23,7,2827.93,403.98999999999995,168,345,0.0,2010-12-06 12:34:00
17597,214,1,2044.3700000000001,2044.3700000000001,55,0,0.0,2011-05-10 11:54:00
17600,18,1,161.67000000000002,161.67000000000002,13,0,0.0,2011-11-22 09:43:00
17601,239,1,116.00999999999999,116.00999999999999,9,0,0.0,2011-04-14 18:02:00
17602,2,8,5050.77,631.34625,335,321,0.008849557522123894,2011-01-19 16:18:00
17603,50,5,0.01,0.01,12,217,0.26666666666666666,2011-03-17 14:39:00
17604,217,2,309.36,154.68,57,94,0.0,2011-01-31 15:09:00
17608,33,2,193.42,96.71,54,0,0.0,2011-11-06 13:00:00
17609,41,6,1103.92,183.98666666666668,199,286,0.004201680672268907,2011-01-16 16:23:00
17611,4,19,3947.87,207.78263157894736,440,357,0.010309278350515464,2010-12-13 13:52:00
17612,53,10,1992.76,199.276,117,244,0.04929577464788732,2011-02-15 10:40:00
17613,23,17,4509.37,265.2570588235294,211,282,0.0219435736677116,2011-02-07 11:20:00
17614,57,1,390.07,390.07,97,0,0.0,2011-10-13 16:01:00
17615,130,3,329.6,109.86666666666667,13,91,0.0,2011-05-01 15:33:00
17616,174,3,571.1999999999999,190.39999999999998,1,194,0.0,2010-12-07 10:04:00
17618,6,3,971.58,323.86,56,356,0.0,2010-12-12 16:05:00
17619,312,1,218.52,218.52,71,0,0.0,2011-01-31 14:18:00
17620,60,1,81.44,81.44,4,0,0.0,2011-10-11 12:08:00
17621,21,4,1336.1,334.025,25,333,0.037037037037037035,2010-12-20 13:31:00
17623,33,1,527.0500000000001,527.0500000000001,33,0,0.0,2011-11-07 11:32:00
17624,15,2,843.48,421.74,49,203,0.0,2011-05-05 17:59:00
17625,18,4,2047.0,511.75,223,239,0.0,2011-03-27 12:21:00
17628,81,1,75.75,75.75,5,0,0.0,2011-09-19 15:21:00
17629,6,9,1784.12,198.23555555555555,106,354,0.008064516129032258,2010-12-15 09:58:00
17630,170,2,503.59999999999997,251.79999999999998,24,62,0.0,2011-04-21 14:03:00
17631,2,3,528.33,176.11,39,230,0.0,2011-04-21 13:22:00
17633,31,6,1242.34,207.05666666666664,60,327,0.027777777777777776,2010-12-15 16:42:00
17634,36,9,2361.9700000000003,262.4411111111111,209,301,0.0,2011-01-06 12:45:00
17636,9,2,265.93,132.965,20,10,0.16666666666666666,2011-11-20 14:40:00
17637,31,2,547.0600000000001,273.53000000000003,35,83,0.0,2011-08-16 13:25:00
17639,276,1,108.5,108.5,7,0,0.0,2011-03-08 15:22:00
17640,87,1,621.66,621.66,5,0,0.0,2011-09-14 09:13:00
17642,120,2,712.29,356.145,34,56,0.0,2011-06-16 12:55:00
17643,373,1,101.55,101.55,8,0,0.0,2010-12-01 14:38:00
17644,1,17,2768.98,162.88117647058823,103,320,0.07100591715976332,2011-01-21 17:18:00
17646,219,4,995.6600000000001,248.91500000000002,46,145,0.05555555555555555,2010-12-09 14:28:00
17647,65,1,133.06,133.06,7,0,0.0,2011-10-05 15:38:00
17648,61,5,1789.55,357.90999999999997,81,188,0.010869565217391304,2011-04-04 10:29:00
17649,135,2,861.74,430.87,52,3,0.018867924528301886,2011-07-24 15:53:00
17650,21,1,166.08,166.08,8,0,0.0,2011-11-18 14:52:00
17651,12,14,3886.67,277.6192857142857,149,165,0.029288702928870293,2011-06-15 15:57:00
17652,25,18,4737.13,263.1738888888889,118,255,0.040740740740740744,2011-03-03 14:05:00
17653,29,5,1175.88,235.17600000000002,44,90,0.12,2011-08-11 15:24:00
17654,277,1,117.55,117.55,22,0,0.0,2011-03-07 13:17:00
17655,11,8,2571.7400000000002,321.46750000000003,66,355,0.021505376344086023,2010-12-08 16:45:00
17656,73,5,1674.69,334.938,67,55,0.0,2011-08-03 10:45:00
17658,11,3,485.88,161.96,17,200,0.17391304347826086,2011-05-12 15:23:00
17659,4,14,2954.75,211.05357142857142,127,368,0.018633540372670808,2010-12-02 16:46:00
17660,141,1,196.0,196.0,37,0,0.0,2011-07-21 13:37:00
17663,26,9,1788.27,198.69666666666666,63,261,0.044444444444444446,2011-02-25 14:11:00
17664,19,2,604.64,302.32,41,193,0.0,2011-05-11 14:17:00
17666,4,2,728.16,364.08,14,61,0.0,2011-10-05 11:06:00
17667,66,5,2055.51,411.10200000000003,85,232,0.0,2011-02-14 09:24:00
17668,1,2,347.75,173.875,14,36,0.0,2011-11-01 14:45:00
17669,43,7,3406.7200000000003,486.67428571428576,45,206,0.0,2011-04-04 10:11:00
17670,228,1,205.7,205.7,11,0,0.0,2011-04-26 09:12:00
17671,16,6,1284.08,214.01333333333332,40,349,0.13114754098360656,2010-12-09 14:27:00
17672,44,4,3106.62,776.655,105,265,0.043478260869565216,2011-02-03 13:29:00
17673,1,7,1622.22,231.74571428571429,118,318,0.0043859649122807015,2011-01-23 15:16:00
17674,74,2,551.04,275.52,19,294,0.0,2010-12-06 10:20:00
17675,1,41,20098.1,490.19756097560975,240,366,0.022191400832177532,2010-12-07 13:22:00
17676,4,7,1383.27,197.60999999999999,50,362,0.012658227848101266,2010-12-08 13:49:00
17677,2,43,16219.22,377.19116279069766,179,367,0.0529595015576324,2010-12-06 08:42:00
17678,264,1,298.11,298.11,16,0,0.0,2011-03-21 11:52:00
17679,53,2,1992.1100000000001,996.0550000000001,29,32,0.0,2011-09-15 10:35:00
17680,24,1,184.4,184.4,11,0,0.0,2011-11-16 12:42:00
17682,10,7,2459.33,351.3328571428571,48,358,0.008403361344537815,2010-12-06 13:35:00
17684,44,1,239.41,239.41,15,0,0.0,2011-10-27 11:10:00
17685,17,7,3191.53,455.9328571428572,88,355,0.0,2010-12-02 14:42:00
17686,7,7,5739.46,819.9228571428572,205,295,0.0,2011-02-10 10:18:00
17690,30,16,4748.45,296.778125,186,342,0.007751937984496124,2010-12-01 16:15:00
17691,358,2,290.40000000000003,145.20000000000002,18,10,0.0,2010-12-06 11:10:00
17692,127,5,733.4399999999999,146.688,34,232,0.02127659574468085,2010-12-15 13:37:00
17693,136,3,187.02,62.34,16,1,0.1111111111111111,2011-07-25 15:48:00
17694,142,1,283.12,283.12,15,0,0.0,2011-07-21 12:00:00
17695,132,2,765.34,382.67,30,39,0.0,2011-06-21 12:35:00
17696,38,14,2201.05,157.21785714285716,79,326,0.0873015873015873,2010-12-10 09:51:00
17697,236,1,338.95,338.95,19,0,0.0,2011-04-17 15:40:00
17698,261,1,154.95,154.95,8,0,0.0,2011-03-24 11:34:00
17700,17,6,2508.89,418.1483333333333,118,348,0.0273972602739726,2010-12-09 15:33:00
17701,253,1,417.95,417.95,24,0,0.0,2011-04-01 12:25:00
17702,30,6,1719.72,286.62,62,335,0.075,2010-12-09 13:40:00
17703,35,3,798.74,266.24666666666667,47,103,0.0,2011-07-24 13:30:00
17704,169,2,885.19,442.595,27,71,0.0,2011-04-14 09:28:00
17705,3,10,1781.12,178.112,63,298,0.046296296296296294,2011-02-11 10:57:00
17706,4,22,10097.37,458.97136363636366,270,362,0.03291139240506329,2010-12-08 11:02:00
17707,185,2,152.4,76.2,3,151,0.0,2011-01-07 13:30:00
17708,188,2,267.08,133.54,28,137,0.0,2011-01-19 10:09:00
17709,170,1,137.45,137.45,7,0,0.0,2011-06-23 11:55:00
17711,11,2,385.1,192.55,22,279,0.0,2011-02-23 11:32:00
17712,45,1,522.91,522.91,29,0,0.0,2011-10-26 12:28:00
17714,321,1,153.0,153.0,10,0,0.0,2011-01-23 10:32:00
17715,201,1,326.4,326.4,1,0,0.0,2011-05-23 12:32:00
17716,23,12,5505.79,458.81583333333333,172,245,0.03543307086614173,2011-03-17 10:38:00
17718,232,1,139.35,139.35,6,0,0.0,2011-04-21 13:39:00
17719,38,18,5367.8,298.2111111111111,111,217,0.014388489208633094,2011-03-29 11:29:00
17720,26,4,1195.94,298.985,39,341,0.0,2010-12-07 10:43:00
17722,96,6,2380.64,396.7733333333333,112,270,0.041666666666666664,2010-12-08 12:41:00
17723,127,6,3276.4000000000005,546.0666666666667,4,87,0.0,2011-05-09 14:44:00
17724,58,4,995.6500000000001,248.91250000000002,38,80,0.1111111111111111,2011-07-24 13:26:00
17725,16,14,3371.13,240.79500000000002,115,250,0.030303030303030304,2011-03-17 19:47:00
17727,9,2,1042.55,521.275,66,5,0.014925373134328358,2011-11-24 17:06:00
17728,4,5,2515.68,503.13599999999997,154,82,0.023668639053254437,2011-09-14 11:39:00
17730,3,15,5288.83,352.58866666666665,127,323,0.00909090909090909,2011-01-17 14:49:00
17731,79,5,878.2,175.64000000000001,54,104,0.1927710843373494,2011-06-09 14:18:00
17732,373,1,303.97,303.97,18,0,0.0,2010-12-02 09:29:00
17733,39,2,692.19,346.095,33,222,0.0,2011-03-23 09:54:00
17734,54,3,700.63,233.54333333333332,40,180,0.0,2011-04-20 10:04:00
17735,2,19,13110.02,690.001052631579,319,365,0.0,2010-12-07 10:32:00
17736,9,4,337.49,84.3725,24,104,0.038461538461538464,2011-08-18 14:33:00
17737,9,2,168.24,84.12,8,49,0.0,2011-10-12 14:42:00
17738,19,5,1863.35,372.66999999999996,89,262,0.020202020202020204,2011-03-02 16:26:00
17739,12,8,2786.05,348.25625,29,348,0.020833333333333332,2010-12-14 14:26:00
17742,113,2,355.11,177.555,13,219,0.0,2011-01-11 10:04:00
17744,4,7,2291.08,327.29714285714283,111,354,0.0072992700729927005,2010-12-16 14:17:00
17746,235,2,98.8,49.4,6,5,0.25,2011-04-13 14:31:00
17747,100,2,64.65,32.325,1,12,0.5,2011-08-19 08:13:00
17749,178,2,674.52,337.26,33,78,0.0,2011-03-28 13:39:00
17750,5,9,1797.57,199.73,101,158,0.0,2011-06-28 15:44:00
17752,359,1,80.64,80.64,1,0,0.0,2010-12-15 16:19:00
17754,1,6,1739.92,289.9866666666667,82,259,0.010752688172043012,2011-03-24 13:54:00
17757,1,31,5585.49,180.17709677419353,275,370,0.0013477088948787063,2010-12-02 17:17:00
17758,19,8,3456.7000000000003,432.08750000000003,310,230,0.0,2011-04-03 15:22:00
17759,17,3,834.99,278.33,82,152,0.0,2011-06-23 13:35:00
17760,22,2,287.59,143.795,25,351,0.0,2010-12-01 15:08:00
17761,33,1,712.78,712.78,19,0,0.0,2011-11-07 10:23:00
17763,263,1,15.0,15.0,1,0,0.0,2011-03-21 14:25:00
17764,51,2,818.8199999999999,409.40999999999997,71,160,0.0,2011-05-12 16:11:00
17765,159,3,371.88,123.96,51,98,0.0,2011-03-28 11:58:00
17767,15,1,271.2,271.2,21,0,0.0,2011-11-24 14:42:00
17768,8,3,2273.1800000000003,757.7266666666668,77,157,0.0,2011-06-26 13:46:00
17769,13,12,3960.63,330.0525,200,308,0.009584664536741214,2011-01-23 11:15:00
17770,199,5,1143.27,228.654,33,83,0.0,2011-03-02 13:35:00
17771,57,2,245.81,122.905,51,266,0.0,2011-01-20 14:13:00
17772,11,2,182.77,91.385,50,0,0.0,2011-11-29 10:57:00
17774,97,5,1215.46,243.092,124,208,0.006369426751592357,2011-02-07 13:13:00
17775,255,1,56.4,56.4,3,0,0.0,2011-03-30 10:50:00
17777,25,3,665.86,221.95333333333335,141,75,0.0,2011-08-31 14:35:00
17779,21,5,642.17,128.434,73,122,0.023809523809523808,2011-07-19 12:19:00
17781,159,2,188.02,94.01,12,93,0.0,2011-03-31 19:54:00
17783,72,2,283.47,141.735,67,175,0.0,2011-04-06 10:07:00
17785,53,1,131.94,131.94,13,0,0.0,2011-10-17 13:43:00
17786,85,2,278.74,139.37,57,231,0.0,2011-01-26 14:35:00
17787,153,4,1865.19,466.2975,94,218,0.0,2010-12-03 13:43:00
17788,74,2,1117.9,558.95,3,55,0.0,2011-08-02 10:38:00
17789,281,1,225.9,225.9,14,0,0.0,2011-03-03 13:14:00
17790,27,14,1965.55,140.39642857142857,121,338,0.0,2010-12-10 10:47:00
17791,30,1,106.1,106.1,10,0,0.0,2011-11-10 12:09:00
17793,25,1,323.04,323.04,49,0,0.0,2011-11-14 14:24:00
17795,180,2,350.39,175.195,43,85,0.0,2011-03-20 12:02:00
17796,40,4,697.9,174.475,63,329,0.0,2010-12-05 12:23:00
17797,22,3,780.43,260.1433333333333,102,160,0.0,2011-06-10 11:29:00
17799,22,11,3026.08,275.0981818181818,280,339,0.004878048780487805,2010-12-13 13:10:00
17800,37,9,1199.01,133.22333333333333,51,296,0.0,2011-01-09 13:50:00
17802,82,4,1251.84,312.96,105,290,0.047619047619047616,2010-12-02 13:44:00
17805,74,1,512.31,512.31,10,0,0.0,2011-09-27 11:49:00
17806,11,1,546.04,546.04,43,0,0.0,2011-11-28 14:12:00
17809,16,15,4627.62,308.508,47,357,0.046875,2010-12-01 09:41:00
17811,4,51,7677.71,150.54333333333332,359,329,0.02408256880733945,2011-01-10 10:58:00
17812,13,4,732.16,183.04,113,355,0.0,2010-12-06 15:27:00
17813,14,7,1714.6,244.94285714285712,297,57,0.018518518518518517,2011-09-29 15:57:00
17816,37,4,36.56,9.14,16,328,0.0,2010-12-09 14:10:00
17817,4,3,387.68,129.22666666666666,32,272,0.0,2011-03-07 17:30:00
17819,72,8,3661.0699999999997,457.63374999999996,36,299,0.02040816326530612,2010-12-03 14:26:00
17820,191,2,0.01,0.01,5,167,1.0,2010-12-15 17:04:00
17824,51,1,298.4,298.4,13,0,0.0,2011-10-19 14:14:00
17827,5,5,1995.46,399.092,190,359,0.0,2010-12-10 10:18:00
17828,9,9,1599.97,177.77444444444444,54,176,0.18292682926829268,2011-06-08 08:31:00
17829,299,1,889.24,889.24,30,0,0.0,2011-02-14 12:46:00
17830,2,3,398.7,132.9,18,287,0.0,2011-02-24 10:15:00
17831,33,1,35.400000000000006,35.400000000000006,2,0,0.0,2011-11-06 15:09:00
17832,50,1,155.37,155.37,61,0,0.0,2011-10-21 11:43:00
17835,3,3,350.64,116.88,45,20,0.0,2011-11-16 16:30:00
17836,47,1,110.21000000000001,110.21000000000001,23,0,0.0,2011-10-23 16:13:00
17837,42,10,1560.53,156.053,110,120,0.01744186046511628,2011-06-29 16:44:00
17838,27,6,2312.7,385.45,96,345,0.11678832116788321,2010-12-02 15:55:00
17839,42,1,338.8,338.8,50,0,0.0,2011-10-28 17:27:00
17841,2,169,40340.78,238.70284023668637,1331,371,0.017036201929099336,2010-12-01 14:30:00
17843,303,1,205.48,205.48,36,0,0.0,2011-02-09 15:33:00
17844,107,1,51.559999999999995,51.559999999999995,5,0,0.0,2011-08-25 11:27:00
17846,85,1,2033.1,2033.1,1,0,0.0,2011-09-15 15:20:00
17848,81,9,901.1999999999999,100.13333333333333,41,276,0.0,2010-12-16 18:38:00
17849,218,4,605.8000000000001,151.45000000000002,14,115,0.0,2011-01-10 11:59:00
17850,302,35,5288.63,151.1037142857143,24,71,0.04807692307692308,2010-12-01 08:26:00
17852,12,2,114.34,57.17,21,0,0.0,2011-11-28 12:31:00
17854,185,2,311.26,155.63,15,41,0.0,2011-04-26 16:53:00
17855,373,1,208.97,208.97,17,0,0.0,2010-12-02 09:44:00
17856,2,6,1393.79,232.29833333333332,12,279,0.11764705882352941,2011-03-03 11:40:00
17857,3,25,26763.34,1070.5336,19,362,0.03571428571428571,2010-12-09 11:35:00
17858,6,12,5155.66,429.6383333333333,101,363,0.0,2010-12-05 13:08:00
17859,305,1,148.21,148.21,23,0,0.0,2011-02-08 10:32:00
17860,369,1,252.8,252.8,49,0,0.0,2010-12-06 12:41:00
17861,3,9,2059.2,228.79999999999998,172,316,0.004484304932735426,2011-01-24 11:34:00
17862,324,1,330.9,330.9,11,0,0.0,2011-01-20 12:23:00
17863,59,6,3160.0,526.6666666666666,110,310,0.0,2010-12-05 13:21:00
17864,13,3,597.5,199.16666666666666,70,262,0.0,2011-03-09 11:44:00
17865,31,27,10158.54,376.24222222222227,191,333,0.04884318766066838,2010-12-10 14:53:00
17866,143,2,325.7,162.85,9,0,0.1,2011-07-20 11:07:00
17867,30,8,622.75,77.84375,62,258,0.024691358024691357,2011-02-24 12:25:00
17869,107,5,428.18,85.636,37,260,0.0,2010-12-06 17:16:00
17870,2,13,1889.4,145.33846153846156,214,364,0.0035714285714285713,2010-12-08 08:12:00
17871,205,1,155.9,155.9,10,0,0.0,2011-05-19 11:32:00
17873,80,6,1764.3600000000001,294.06,24,293,0.043478260869565216,2010-12-01 14:54:00
17874,185,7,658.26,94.03714285714285,37,70,0.02127659574468085,2011-03-29 11:25:00
17877,170,1,237.61,237.61,12,0,0.0,2011-06-22 13:00:00
17878,44,1,379.45,379.45,26,0,0.0,2011-10-27 11:24:00
17879,174,1,178.51999999999998,178.51999999999998,6,0,0.0,2011-06-19 12:36:00
17880,365,1,458.92,458.92,26,0,0.0,2010-12-10 10:21:00
17881,304,1,133.35000000000002,133.35000000000002,8,0,0.0,2011-02-08 17:16:00
17883,3,4,671.77,167.9425,133,242,0.0,2011-04-07 19:16:00
17884,4,4,717.45,179.3625,107,367,0.0,2010-12-03 12:11:00
17885,12,1,190.19,190.19,50,0,0.0,2011-11-27 14:40:00
17886,32,3,899.61,299.87,93,217,0.0,2011-04-04 12:34:00
17887,129,1,111.35,111.35,10,0,0.0,2011-08-02 17:29:00
17888,19,10,525.78,52.577999999999996,60,338,0.1728395061728395,2010-12-17 13:56:00
17889,212,2,203.87,101.935,20,109,0.0,2011-01-21 17:14:00
17890,323,2,602.09,301.045,88,38,0.0,2010-12-13 15:12:00
17891,162,1,203.85999999999999,203.85999999999999,34,0,0.0,2011-06-30 20:08:00
17892,56,3,244.1,81.36666666666666,27,99,0.0,2011-07-07 12:56:00
17893,225,1,112.25,112.25,15,0,0.0,2011-04-28 13:50:00
17894,72,8,1119.81,139.97625,127,294,0.0,2010-12-08 14:50:00
17895,44,1,98.0,98.0,15,0,0.0,2011-10-26 17:00:00
17896,23,1,256.32,256.32,2,0,0.0,2011-11-16 13:59:00
17897,173,4,541.1,135.275,100,200,0.008695652173913044,2010-12-01 12:31:00
17898,85,2,152.06,76.03,27,121,0.0,2011-05-16 17:13:00
17899,159,1,155.8,155.8,29,0,0.0,2011-07-03 14:58:00
17900,165,4,15.0,3.75,4,25,0.45454545454545453,2011-06-02 14:28:00
17901,29,1,110.38,110.38,19,0,0.0,2011-11-10 17:29:00
17904,21,2,178.92,89.46,33,0,0.02564102564102564,2011-11-18 12:57:00
17905,71,4,800.24,200.06,33,302,0.0,2010-12-01 13:21:00
17906,247,1,72.9,72.9,12,0,0.0,2011-04-06 17:25:00
17908,374,1,243.28,243.28,51,0,0.0,2010-12-01 11:45:00
17911,9,1,366.23,366.23,39,0,0.0,2011-11-30 14:52:00
17912,310,6,295.61,49.26833333333334,35,54,0.05,2010-12-10 11:11:00
17913,59,2,411.6,205.8,55,296,0.0,2010-12-19 11:35:00
17914,4,1,336.43,336.43,72,0,0.0,2011-12-06 11:58:00
17917,45,3,341.28,113.75999999999999,77,317,0.0,2010-12-12 12:08:00
17919,88,1,1304.04,1304.04,23,0,0.0,2011-09-12 13:41:00
17920,4,17,4204.1,247.3,407,369,0.0,2010-12-01 11:49:00
17921,64,4,826.52,206.63,114,202,0.0,2011-03-18 13:19:00
17923,282,1,207.50000000000003,207.50000000000003,1,0,0.0,2011-03-02 15:15:00
17924,1,13,2894.33,222.64076923076922,27,372,0.18421052631578946,2010-12-01 10:51:00
17925,373,1,244.08,244.08,1,0,0.0,2010-12-02 10:10:00
17926,133,2,397.29,198.645,17,70,0.0,2011-05-20 09:24:00
17928,45,2,212.54,106.27,23,200,0.0,2011-04-07 18:03:00
17929,11,5,834.5,166.9,4,297,0.16666666666666666,2011-02-04 11:40:00
17930,36,5,1740.48,348.096,26,203,0.0,2011-04-14 15:46:00
17931,134,2,408.36,204.18,63,121,0.0,2011-03-29 12:31:00
17932,29,3,1331.57,443.8566666666666,84,182,0.0,2011-05-12 13:58:00
17934,52,2,704.25,352.125,21,7,0.0,2011-10-12 10:50:00
17935,138,2,145.79,72.895,28,3,0.0,2011-07-21 11:23:00
17936,5,1,389.84,389.84,68,0,0.0,2011-12-04 13:32:00
17937,9,7,4301.22,614.46,19,353,0.0,2010-12-12 14:43:00
17939,160,1,99.14,99.14,12,0,0.0,2011-07-03 12:27:00
17940,49,14,1983.5800000000002,141.68428571428572,8,253,0.17391304347826086,2011-02-10 09:29:00
17941,131,1,304.56,304.56,2,0,0.0,2011-08-01 08:30:00
17942,8,1,77.50000000000001,77.50000000000001,2,0,0.0,2011-12-02 10:45:00
17946,233,2,149.57999999999998,74.78999999999999,18,26,0.0,2011-03-25 14:34:00
17947,37,1,176.68,176.68,9,0,0.0,2011-11-02 13:05:00
17948,147,1,358.56000000000006,358.56000000000006,1,0,0.0,2011-07-15 12:58:00
17949,1,52,52750.84,1014.4392307692307,29,370,0.11392405063291139,2010-12-03 13:12:00
17950,72,4,472.12,118.03,63,293,0.013888888888888888,2010-12-09 15:16:00
17951,40,4,990.8400000000001,247.71000000000004,18,333,0.047619047619047616,2010-12-01 12:40:00
17954,5,16,2295.37,143.460625,327,365,0.0081799591002045,2010-12-03 14:18:00
17955,199,4,557.3,139.325,14,20,0.0,2011-05-04 12:29:00
17956,249,1,12.75,12.75,1,0,0.0,2011-04-04 13:47:00
17957,66,1,111.68,111.68,31,0,0.0,2011-10-04 14:58:00
17958,117,1,508.4599999999999,508.4599999999999,7,0,0.0,2011-08-15 12:19:00
17960,171,1,73.78,73.78,26,0,0.0,2011-06-21 14:15:00
17961,21,39,1296.44,33.242051282051285,211,350,0.0,2010-12-02 19:18:00
17962,142,1,102.83,102.83,33,0,0.0,2011-07-20 14:16:00
17964,32,2,471.7,235.85,84,340,0.0,2010-12-02 13:32:00
17965,38,14,2622.57,187.32642857142858,274,331,0.0,2010-12-05 15:54:00
17966,38,5,1098.43,219.686,53,223,0.0,2011-03-23 17:25:00
17967,372,1,123.07,123.07,41,0,0.0,2010-12-03 11:19:00
17968,374,1,277.35,277.35,74,0,0.0,2010-12-01 12:23:00
17969,166,2,228.2,114.1,14,194,0.0,2010-12-13 15:34:00
17970,211,1,582.59,582.59,27,0,0.0,2011-05-12 20:03:00
17972,242,1,136.04,136.04,30,0,0.0,2011-04-12 12:16:00
17973,52,1,337.04,337.04,15,0,0.0,2011-10-19 10:34:00
17974,25,3,740.79,246.92999999999998,143,194,0.0,2011-05-04 11:50:00
17975,15,14,4393.61,313.8292857142857,189,351,0.003367003367003367,2010-12-08 11:38:00
17976,372,1,353.19,353.19,56,0,0.0,2010-12-02 13:49:00
17977,29,1,288.14,288.14,19,0,0.0,2011-11-10 13:28:00
17978,365,1,300.91999999999996,300.91999999999996,12,0,0.0,2010-12-09 14:05:00
17979,36,5,737.81,147.56199999999998,116,224,0.006802721088435374,2011-03-25 11:34:00
17980,166,3,811.45,270.48333333333335,23,193,0.0,2010-12-15 15:50:00
17984,145,1,152.68,152.68,48,0,0.0,2011-07-17 15:59:00
17985,22,1,634.95,634.95,20,0,0.0,2011-11-17 14:24:00
17986,56,1,20.8,20.8,1,0,0.0,2011-10-14 14:22:00
17987,185,1,198.57,198.57,13,0,0.0,2011-06-07 14:22:00
17988,12,8,191.17000000000002,23.896250000000002,37,314,0.02564102564102564,2011-01-17 11:59:00
17990,237,3,630.84,210.28,27,124,0.0,2010-12-13 12:10:00
17991,225,2,93.35,46.675,4,0,0.0,2011-04-27 16:39:00
17994,122,6,629.6899999999999,104.94833333333332,63,169,0.03571428571428571,2011-02-22 11:02:00
17995,282,1,76.1,76.1,2,0,0.0,2011-03-03 12:30:00
17997,74,12,1511.3,125.94166666666666,134,89,0.07777777777777778,2011-06-28 17:28:00
17999,37,2,382.06,191.03,87,329,0.0,2010-12-08 15:17:00
18001,12,2,417.23,208.615,56,74,0.0,2011-09-14 11:21:00
18004,362,1,169.47,169.47,32,0,0.0,2010-12-12 13:47:00
18005,4,2,249.72,124.86,52,43,0.0,2011-10-23 14:40:00
18006,23,1,444.68,444.68,21,0,0.0,2011-11-16 16:52:00
18008,70,9,2116.19,235.13222222222223,24,248,0.0,2011-01-25 12:26:00
18009,235,2,252.24,126.12,31,0,0.030303030303030304,2011-04-18 13:36:00
18010,257,1,174.8,174.8,14,0,0.0,2011-03-28 12:27:00
18011,373,1,102.78999999999999,102.78999999999999,28,0,0.0,2010-12-01 17:35:00
18013,155,2,187.29,93.645,31,0,0.0,2011-07-07 14:08:00
18014,28,1,166.42,166.42,29,0,0.0,2011-11-11 15:28:00
18015,4,1,120.03,120.03,46,0,0.0,2011-12-05 14:49:00
18016,32,5,1483.56,296.712,90,331,0.0,2010-12-10 17:14:00
18017,81,3,523.0,174.33333333333334,1,229,0.0,2011-02-02 13:57:00
18018,108,2,122.14,61.07,29,91,0.0,2011-05-24 13:22:00
18019,52,1,38.45,38.45,5,0,0.0,2011-10-19 12:10:00
18022,36,1,668.11,668.11,141,0,0.0,2011-11-04 12:45:00
18024,153,3,236.77999999999997,78.92666666666666,21,0,0.045454545454545456,2011-07-10 12:28:00
18027,99,1,115.31,115.31,21,0,0.0,2011-09-02 10:38:00
18030,4,3,220.7,73.56666666666666,8,38,0.1,2011-10-28 13:55:00
18032,334,1,73.5,73.5,5,0,0.0,2011-01-09 15:32:00
18033,65,1,97.97,97.97,32,0,0.0,2011-10-05 17:28:00
18034,22,2,422.88,211.44,99,0,0.0,2011-11-18 12:08:00
18035,36,3,730.4,243.46666666666667,44,7,0.0,2011-10-27 17:48:00
18036,32,3,405.62,135.20666666666668,77,213,0.0,2011-04-08 11:26:00
18037,154,6,70.02,11.67,19,207,0.0,2010-12-12 16:20:00
18040,19,2,357.20000000000005,178.60000000000002,18,226,0.0,2011-04-08 08:27:00
18041,12,22,4161.14,189.14272727272729,285,361,0.004219409282700422,2010-12-02 11:21:00
18042,54,1,165.04999999999998,165.04999999999998,7,0,0.0,2011-10-17 11:49:00
18043,25,3,559.51,186.50333333333333,106,342,0.0,2010-12-08 12:35:00
18044,4,11,2085.65,189.60454545454547,88,356,0.0078125,2010-12-14 12:25:00
18045,45,1,189.4,189.4,43,0,0.0,2011-10-25 13:07:00
18048,203,2,172.29000000000002,86.14500000000001,6,0,0.0,2011-05-20 14:54:00
18050,359,1,74.4,74.4,5,0,0.0,2010-12-15 14:25:00
18053,66,2,297.07,148.535,20,4,0.047619047619047616,2011-09-30 09:05:00
18055,7,11,6752.14,613.8309090909091,223,362,0.008264462809917356,2010-12-05 10:52:00
18056,288,1,363.65,363.65,19,0,0.0,2011-02-24 14:27:00
18058,10,1,170.16,170.16,3,0,0.0,2011-11-30 08:38:00
18059,9,4,296.71,74.1775,17,58,0.1,2011-10-03 09:30:00
18061,22,10,2119.41,211.94099999999997,18,344,0.0,2010-12-08 13:03:00
18062,173,3,720.52,240.17333333333332,23,164,0.0,2011-01-06 10:03:00
18064,133,2,814.0,407.0,7,102,0.0,2011-04-18 15:08:00
18065,6,15,2380.08,158.672,110,358,0.007246376811594203,2010-12-10 12:44:00
18066,75,1,318.0,318.0,10,0,0.0,2011-09-25 15:30:00
18067,40,1,396.33,396.33,36,0,0.0,2011-10-30 15:58:00
18068,289,1,101.69999999999999,101.69999999999999,1,0,0.0,2011-02-23 14:50:00
18069,26,7,2021.82,288.83142857142855,334,301,0.00423728813559322,2011-01-16 14:48:00
18071,258,2,453.0,226.5,23,108,0.0,2010-12-09 10:33:00
18072,155,2,0.01,0.01,20,30,0.5,2011-06-07 10:44:00
18073,114,13,3864.44,297.2646153846154,23,82,0.039473684210526314,2011-05-26 19:38:00
18074,374,1,489.6,489.6,13,0,0.0,2010-12-01 09:53:00
18075,23,14,2538.7200000000003,181.33714285714288,97,337,0.0718954248366013,2010-12-14 10:48:00
18077,8,11,2633.0099999999998,239.36454545454544,101,358,0.0,2010-12-08 10:21:00
18078,217,2,336.13,168.065,27,41,0.0,2011-03-25 15:08:00
18079,45,4,3651.97,912.9925,99,193,0.0,2011-04-15 12:14:00
18080,19,2,1231.5,615.75,2,223,0.0,2011-04-11 10:10:00
18081,36,3,343.45,114.48333333333333,14,97,0.0,2011-07-29 11:56:00
18082,26,1,703.37,703.37,62,0,0.0,2011-11-14 12:45:00
18084,16,2,87.52999999999999,43.76499999999999,2,284,0.5,2011-02-11 16:30:00
18085,330,2,689.95,344.975,25,43,0.0,2010-12-01 12:08:00
18086,274,1,101.34,101.34,7,0,0.0,2011-03-10 13:34:00
18087,98,4,3770.1199999999994,942.5299999999999,7,203,0.7142857142857143,2011-02-11 11:24:00
18088,61,1,167.67000000000002,167.67000000000002,35,0,0.0,2011-10-09 13:41:00
18092,2,12,9065.76,755.48,28,363,0.011111111111111112,2010-12-09 10:00:00
18093,93,5,2083.42,416.684,31,209,0.05263157894736842,2011-02-10 12:15:00
18094,82,7,3017.3,431.04285714285714,39,210,0.0,2011-02-21 08:50:00
18095,313,2,580.0500000000001,290.02500000000003,20,20,0.0,2011-01-11 12:37:00
18096,12,3,911.15,303.71666666666664,157,52,0.0,2011-10-07 11:55:00
18097,8,7,2692.85,384.6928571428571,66,346,0.009174311926605505,2010-12-20 14:49:00
18099,127,1,168.31,168.31,19,0,0.0,2011-08-04 15:52:00
18101,11,2,223.65,111.825,37,132,0.0,2011-07-19 13:05:00
18102,1,62,256438.49,4136.104677419355,151,366,0.004618937644341801,2010-12-07 16:42:00
18104,37,1,754.64,754.64,38,0,0.0,2011-11-02 14:07:00
18105,38,1,113.48000000000002,113.48000000000002,18,0,0.0,2011-11-02 12:04:00
18106,330,1,430.7,430.7,33,0,0.0,2011-01-14 12:23:00
18108,249,2,264.65,132.325,17,5,0.10526315789473684,2011-03-30 13:56:00
18109,2,31,7925.32,255.65548387096774,120,368,0.022026431718061675,2010-12-05 10:58:00
18110,19,2,206.05,103.025,33,0,0.061224489795918366,2011-11-20 12:34:00
18112,12,2,352.69,176.345,26,154,0.0,2011-06-26 13:56:00
18113,369,1,76.32000000000001,76.32000000000001,1,0,0.0,2010-12-06 12:31:00
18114,290,1,220.1,220.1,28,0,0.0,2011-02-22 13:20:00
18116,68,8,1418.03,177.25375,230,296,0.0,2010-12-10 12:14:00
18117,26,1,320.72,320.72,68,0,0.0,2011-11-14 12:47:00
18118,11,31,5595.77,180.50870967741938,424,358,0.003894080996884735,2010-12-05 12:13:00
18119,368,1,181.12,181.12,29,0,0.0,2010-12-07 11:59:00
18120,214,1,111.15,111.15,17,0,0.0,2011-05-09 13:45:00
18121,149,2,673.1,336.55,28,5,0.0,2011-07-08 12:14:00
18122,8,6,1826.21,304.36833333333334,239,142,0.0,2011-07-12 11:37:00
18123,24,2,589.4399999999999,294.71999999999997,31,7,0.0,2011-11-08 13:31:00
18125,30,5,1141.34,228.26799999999997,164,286,0.005076142131979695,2011-01-27 15:02:00
18126,61,1,206.82999999999998,206.82999999999998,52,0,0.0,2011-10-10 12:19:00
18127,19,3,348.73,116.24333333333334,41,114,0.0,2011-07-29 10:06:00
18129,243,1,112.55000000000001,112.55000000000001,13,0,0.0,2011-04-10 14:16:00
18130,9,4,1045.74,261.435,58,48,0.014084507042253521,2011-10-13 15:58:00
18133,211,2,715.4999999999999,357.74999999999994,2,1,0.5,2011-05-11 14:14:00
18135,29,5,681.9100000000001,136.382,11,161,0.0,2011-06-02 14:04:00
18136,63,4,761.83,190.4575,34,256,0.02564102564102564,2011-01-24 12:08:00
18138,295,1,152.65,152.65,8,0,0.0,2011-02-17 14:51:00
18139,17,8,8393.22,1049.1525,36,1,0.018518518518518517,2011-11-21 14:06:00
18141,361,1,0.01,0.01,1,0,1.0,2010-12-14 11:09:00
18142,151,4,1014.9,253.725,9,64,0.16666666666666666,2011-05-08 12:31:00
18143,117,2,1000.16,500.08,59,25,0.0,2011-07-21 10:44:00
18144,8,12,2888.75,240.72916666666666,27,365,0.0,2010-12-01 13:45:00
18145,13,4,2861.55,715.3875,174,299,0.0,2011-01-31 12:10:00
18146,141,2,160.35000000000002,80.17500000000001,10,79,0.0,2011-05-03 16:35:00
18147,46,2,179.33999999999997,89.66999999999999,7,62,0.0,2011-08-23 12:22:00
18149,51,3,612.0799999999999,204.02666666666664,11,222,0.0,2011-03-11 12:44:00
18150,32,3,566.58,188.86,29,169,0.0,2011-05-22 10:47:00
18151,135,2,653.35,326.675,38,155,0.0,2011-02-23 08:29:00
18154,3,2,399.19,199.595,15,40,0.0,2011-10-27 10:40:00
18155,75,4,347.82,86.955,19,216,0.10714285714285714,2011-02-21 10:36:00
18156,13,2,734.94,367.47,100,356,0.0,2010-12-05 12:29:00
18158,9,3,451.75,150.58333333333334,24,79,0.02857142857142857,2011-09-12 09:03:00
18159,301,1,530.15,530.15,23,0,0.0,2011-02-11 14:26:00
18160,57,2,638.0600000000001,319.03000000000003,37,143,0.0,2011-05-23 13:41:00
18161,10,6,1612.79,268.79833333333335,49,309,0.012345679012345678,2011-01-24 11:56:00
18164,31,2,394.7,197.35,24,6,0.04,2011-11-02 12:56:00
18165,177,1,302.46000000000004,302.46000000000004,10,0,0.0,2011-06-15 13:23:00
18167,4,6,1355.51,225.91833333333332,25,101,0.13953488372093023,2011-08-26 11:40:00
18168,176,9,1133.64,125.96000000000001,101,196,0.06428571428571428,2010-12-02 17:14:00
18169,61,1,202.65,202.65,9,0,0.0,2011-10-10 12:18:00
18170,33,3,980.31,326.77,29,183,0.0,2011-05-06 15:13:00
18171,59,7,1208.51,172.6442857142857,43,274,0.03571428571428571,2011-01-10 09:55:00
18172,15,25,7490.17,299.6068,101,279,0.04060913705583756,2011-02-18 16:52:00
18173,87,4,2106.84,526.71,23,187,0.0,2011-03-10 11:56:00
18174,7,1,104.0,104.0,1,0,0.0,2011-12-02 16:56:00
18176,354,2,448.65,224.325,30,4,0.09090909090909091,2010-12-16 15:45:00
18177,31,7,1314.17,187.73857142857145,53,224,0.013333333333333334,2011-03-29 08:46:00
18178,114,6,1573.41,262.235,80,250,0.020202020202020204,2010-12-10 12:42:00
18179,9,6,1793.17,298.8616666666667,86,327,0.0,2011-01-07 14:22:00
18180,5,6,1843.75,307.2916666666667,108,137,0.0,2011-07-20 08:59:00
18181,24,1,382.8,382.8,40,0,0.0,2011-11-15 15:08:00
18183,218,6,600.52,100.08666666666666,36,56,0.1590909090909091,2011-03-10 10:08:00
18184,15,1,49.8,49.8,1,0,0.0,2011-11-24 15:28:00
18185,249,1,304.25,304.25,17,0,0.0,2011-04-04 13:42:00
18188,15,4,1998.49,499.6225,63,275,0.013888888888888888,2011-02-22 14:43:00
18189,78,3,1084.34,361.44666666666666,65,190,0.014492753623188406,2011-03-17 09:49:00
18190,192,3,274.51,91.50333333333333,14,138,0.0625,2011-01-13 10:35:00
18191,262,1,207.79999999999998,207.79999999999998,7,0,0.0,2011-03-23 12:08:00
18192,72,1,957.97,957.97,45,0,0.0,2011-09-29 09:53:00
18193,151,3,212.96,70.98666666666666,17,215,0.1111111111111111,2010-12-08 14:20:00
18194,64,2,896.0,448.0,7,18,0.2222222222222222,2011-09-18 13:29:00
18196,95,2,689.13,344.565,131,195,0.0,2011-02-22 16:13:00
18198,4,21,5083.06,242.05047619047622,81,332,0.04216867469879518,2011-01-07 13:39:00
18200,106,1,163.8,163.8,29,0,0.0,2011-08-25 18:45:00
18202,200,3,1396.99,465.66333333333336,55,111,0.0,2011-02-01 13:36:00
18203,157,1,160.42000000000002,160.42000000000002,19,0,0.0,2011-07-05 13:07:00
18204,71,4,1979.3,494.825,159,121,0.009900990099009901,2011-05-31 15:26:00
18205,36,2,517.36,258.68,30,38,0.0,2011-09-26 12:02:00
18209,29,1,139.10000000000002,139.10000000000002,8,0,0.0,2011-11-11 12:07:00
18210,2,6,2621.38,436.8966666666667,109,265,0.0,2011-03-17 16:58:00
18211,26,5,600.07,120.01400000000001,37,252,0.0,2011-03-06 12:09:00
18212,326,1,248.42,248.42,30,0,0.0,2011-01-17 16:14:00
18213,237,1,232.48000000000002,232.48000000000002,15,0,0.0,2011-04-17 10:21:00
18215,89,1,299.34000000000003,299.34000000000003,13,0,0.0,2011-09-11 16:05:00
18216,31,1,481.75,481.75,26,0,0.0,2011-11-08 16:55:00
18217,29,2,621.75,310.875,27,41,0.0,2011-09-30 10:44:00
18218,206,4,626.38,156.595,17,75,0.125,2011-03-03 12:24:00
18219,3,11,2019.77,183.61545454545455,58,366,0.008695652173913044,2010-12-06 10:05:00
18220,220,2,297.78000000000003,148.89000000000001,2,7,0.5,2011-04-27 09:03:00
18221,22,6,1033.31,172.21833333333333,59,189,0.015384615384615385,2011-05-12 14:13:00
18222,93,1,443.0,443.0,19,0,0.0,2011-09-08 10:45:00
18223,2,27,6315.2300000000005,233.89740740740743,119,356,0.0903010033444816,2010-12-16 16:42:00
18224,264,1,158.95000000000002,158.95000000000002,10,0,0.0,2011-03-21 10:30:00
18225,3,17,5361.02,315.35411764705884,151,368,0.05244755244755245,2010-12-03 10:11:00
18226,39,14,5192.1,370.86428571428576,141,299,0.012244897959183673,2011-01-06 09:00:00
18227,218,1,93.75,93.75,5,0,0.0,2011-05-06 12:23:00
18228,50,3,769.2,256.40000000000003,23,29,0.0625,2011-09-21 10:48:00
18229,12,20,7276.900000000001,363.845,66,361,0.0,2010-12-01 16:25:00
18230,9,10,2716.6000000000004,271.66,32,355,0.033707865168539325,2010-12-09 14:47:00
18231,192,6,2066.17,344.3616666666667,106,96,0.015873015873015872,2011-02-24 09:08:00
18232,82,5,582.47,116.494,31,115,0.075,2011-05-26 16:30:00
18233,326,1,440.0,440.0,1,0,0.0,2011-01-18 08:44:00
18235,72,3,1796.48,598.8266666666667,100,145,0.0,2011-05-06 13:35:00
18236,30,6,882.24,147.04,42,210,0.0,2011-04-13 09:52:00
18237,3,5,987.1,197.42000000000002,40,131,0.0,2011-07-28 13:05:00
18239,219,5,1561.6100000000001,312.322,80,153,0.0,2010-12-02 17:48:00
18240,46,1,422.58,422.58,6,0,0.0,2011-10-24 13:06:00
18241,10,18,2058.09,114.33833333333334,60,208,0.009523809523809525,2011-05-06 09:22:00
18242,72,4,2232.4900000000002,558.1225000000001,72,141,0.0,2011-05-10 11:20:00
18245,7,8,2507.56,313.445,155,347,0.011299435028248588,2010-12-19 14:58:00
18246,24,2,596.1,298.05,3,209,0.0,2011-04-20 13:55:00
18248,114,4,783.02,195.755,39,72,0.04081632653061224,2011-06-06 13:18:00
18249,17,1,95.34,95.34,8,0,0.0,2011-11-22 15:07:00
18250,301,2,342.92,171.46,21,9,0.045454545454545456,2011-02-02 13:16:00
18251,87,1,4314.72,4314.72,16,0,0.0,2011-09-13 15:03:00
18252,51,2,526.67,263.335,90,121,0.0,2011-06-21 11:47:00
18255,89,1,103.3,103.3,6,0,0.0,2011-09-11 13:16:00
18256,355,1,0.01,0.01,4,0,1.0,2010-12-20 08:27:00
18257,39,12,2265.38,188.78166666666667,98,256,0.04065040650406504,2011-02-16 15:13:00
18259,25,3,2338.6000000000004,779.5333333333334,27,341,0.0,2010-12-08 13:38:00
18260,173,8,2595.0,324.375,86,185,0.04285714285714286,2010-12-16 18:23:00
18261,43,2,324.24,162.12,19,52,0.0,2011-09-05 09:34:00
18262,140,1,149.48,149.48,13,0,0.0,2011-07-22 16:04:00
18263,23,4,1211.08,302.77,59,229,0.016129032258064516,2011-04-01 11:48:00
18265,72,2,801.51,400.755,44,85,0.0,2011-07-04 15:26:00
18268,134,2,0.01,0.01,1,0,0.5,2011-07-28 11:16:00
18269,358,2,138.9,69.45,7,8,0.125,2010-12-08 13:53:00
18270,38,3,238.95000000000002,79.65,12,228,0.15384615384615385,2011-03-18 12:41:00
18272,3,7,3064.78,437.8257142857143,99,244,0.023529411764705882,2011-04-07 09:35:00
18273,2,3,204.0,68.0,1,255,0.0,2011-03-27 11:22:00
18274,18,2,0.01,0.01,11,12,0.5,2011-11-09 17:03:00
18276,21,3,323.36,107.78666666666668,14,22,0.125,2011-10-27 10:54:00
18277,58,2,97.63,48.815,9,260,0.1111111111111111,2011-01-25 12:34:00
18278,74,1,173.9,173.9,9,0,0.0,2011-09-27 11:58:00
18280,278,1,180.60000000000002,180.60000000000002,10,0,0.0,2011-03-07 09:52:00
18281,181,1,80.82,80.82,7,0,0.0,2011-06-12 10:53:00
18282,8,3,176.6,58.86666666666667,12,118,0.07692307692307693,2011-08-05 13:35:00
18283,4,16,2094.88,130.93,263,333,0.0,2011-01-06 14:14:00
18287,43,3,1837.28,612.4266666666666,59,158,0.0,2011-05-22 10:39:00
