CustomerID,EarlyFrequency,EarlyMonetary,EarlyAvgBasketValue,EarlyDistinctProducts,EarlyCancellationRate,Monetary,IsHighValue
12347,2,1187.18,593.59,49,0.0,4310.0,1
12348,2,1120.24,560.12,18,0.0,1797.24,0
12352,8,601.1800000000001,75.14750000000001,26,0.20833333333333334,1545.41,0
12356,2,2753.08,1376.54,53,0.0,2811.43,1
12358,1,484.86,484.86,12,0.0,1168.06,0
12359,2,2386.41,1193.205,93,0.0,6245.53,1
12360,2,1618.28,809.14,63,0.0,2662.06,0
12362,3,969.4399999999999,323.14666666666665,52,0.034482758620689655,5154.58,1
12363,1,299.1,299.1,16,0.0,552.0,0
12364,3,1002.78,334.26,47,0.0,1313.1,0
12370,3,2806.41,935.4699999999999,125,0.0,3545.69,1
12372,2,914.9200000000001,457.46000000000004,32,0.0,1298.04,0
12375,2,457.5,228.75,14,0.0,455.42,0
12380,1,607.5500000000001,607.5500000000001,36,0.0,2720.56,0
12381,5,1656.95,331.39,67,0.047619047619047616,1803.96,0
12383,4,1597.7,399.425,75,0.011904761904761904,1839.31,0
12384,2,273.58000000000004,136.79000000000002,14,0.17647058823529413,566.16,0
12388,3,766.25,255.41666666666666,23,0.0,2780.66,1
12393,3,1061.1000000000001,353.70000000000005,33,0.0,1582.6000000000001,0
12394,1,381.08,381.08,21,0.0,1272.48,0
12395,5,893.63,178.726,41,0.0425531914893617,2998.28,1
12397,1,1214.81,1214.81,70,0.0,2409.9,0
12399,3,899.03,299.6766666666667,37,0.0,1108.65,0
12406,2,1486.7,743.35,48,0.057692307692307696,3280.75,1
12407,2,495.96,247.98,23,0.0,1708.1200000000001,0
12408,5,1462.44,292.488,58,0.08450704225352113,2842.57,1
12409,2,6202.13,3101.065,64,0.015384615384615385,11056.93,1
12412,2,890.74,445.37,34,0.0,1226.88,0
12413,3,415.3,138.43333333333334,24,0.07692307692307693,694.15,0
12414,2,396.56,198.28,11,0.0,562.41,0
12415,6,38024.04,6337.34,154,0.009950248756218905,123725.45,1
12417,5,974.43,194.886,43,0.09803921568627451,3578.8,1
12421,1,157.45,157.45,11,0.0,806.27,0
12422,1,238.5,238.5,13,0.0,803.5600000000001,0
12423,3,777.59,259.19666666666666,47,0.0,1849.11,0
12427,2,246.55,123.275,10,0.23076923076923078,708.37,0
12428,8,6236.2300000000005,779.5287500000001,228,0.020833333333333332,7877.2,1
12429,1,1281.5,1281.5,20,0.0,3750.4,1
12431,5,2211.28,442.25600000000003,79,0.0,6416.39,1
12432,3,4016.66,1338.8866666666665,75,0.0,5059.32,1
12433,2,3787.12,1893.56,79,0.0,13375.87,1
12434,1,-27.75,-27.75,3,1.0,765.19,0
12435,1,3978.9900000000002,3978.9900000000002,19,0.0,7829.89,1
12437,6,1075.9199999999998,179.31999999999996,38,0.02127659574468085,4896.66,1
12438,1,890.0699999999999,890.0699999999999,49,0.0,2906.85,1
12444,3,3189.81,1063.27,107,0.0,5005.46,1
12449,2,1636.88,818.44,71,0.0,4067.29,1
12451,1,2919.5099999999998,2919.5099999999998,101,0.0,8933.52,1
12455,2,1698.9,849.45,42,0.0,2466.86,0
12456,1,940.1700000000001,940.1700000000001,41,0.0,3153.89,1
12457,5,842.35,168.47,23,0.07407407407407407,1917.78,0
12458,1,441.92,441.92,19,0.0,947.4,0
12462,2,741.3100000000001,370.65500000000003,40,0.09090909090909091,1124.01,0
12463,5,974.39,194.878,51,0.046875,1303.63,0
12464,2,363.84999999999997,181.92499999999998,6,0.0,1212.05,0
12465,1,440.94,440.94,26,0.0,733.89,0
12468,1,220.59,220.59,12,0.0,724.0400000000001,0
12471,15,5338.36,355.8906666666666,65,0.24161073825503357,18740.92,1
12472,4,2239.43,559.8575,103,0.20567375886524822,6229.48,1
12473,4,1109.79,277.4475,60,0.1095890410958904,2848.23,1
12474,6,844.13,140.68833333333333,41,0.09433962264150944,7116.47,1
12476,6,664.58,110.76333333333334,30,0.18421052631578946,6546.58,1
12477,3,4572.77,1524.256666666667,98,0.018018018018018018,13117.01,1
12480,2,1587.27,793.635,67,0.0,3281.63,1
12481,3,1394.43,464.81,41,0.0,5590.86,1
12483,2,507.56,253.78,13,0.07142857142857142,2327.13,0
12484,2,1102.17,551.085,98,0.0297029702970297,4495.27,1
12490,1,864.22,864.22,43,0.0,5417.93,1
12494,7,281.5,40.214285714285715,18,0.16666666666666666,1139.3500000000001,0
12500,4,1210.2,302.55,9,0.0,4206.27,1
12502,2,1320.05,660.025,55,0.0,3723.87,1
12507,1,446.16,446.16,13,0.0,1258.06,0
12510,1,681.05,681.05,29,0.0,982.5699999999999,0
12516,1,583.2,583.2,13,0.0,1312.06,0
12517,2,1538.7,769.35,173,0.0,2464.89,0
12518,4,1717.75,429.4375,75,0.0,2056.89,0
12520,4,1645.81,411.4525,94,0.02857142857142857,2582.51,0
12523,4,500.19,125.0475,30,0.0,1745.57,0
12524,3,1338.17,446.0566666666667,46,0.0,4485.72,1
12526,2,1039.58,519.79,54,0.0,1316.66,0
12527,2,284.92,142.46,15,0.0,348.71000000000004,0
12528,3,765.46,255.15333333333334,38,0.043478260869565216,1922.28,0
12530,1,387.40000000000003,387.40000000000003,13,0.0,1623.63,0
12535,1,371.45,371.45,18,0.0,716.35,0
12539,4,2801.84,700.46,126,0.004329004329004329,3852.5,1
12540,4,2251.47,562.8675,56,0.015625,13309.039999999999,1
12541,1,312.4,312.4,17,0.0,981.18,0
12545,1,628.15,628.15,34,0.0,1000.39,0
12553,7,1345.47,192.21,64,0.037037037037037035,3652.25,1
12556,1,312.9,312.9,60,0.0,603.71,0
12557,2,4037.1200000000003,2018.5600000000002,9,0.0,11990.960000000001,1
12560,3,1403.69,467.8966666666667,78,0.07228915662650602,2101.39,0
12562,3,1605.23,535.0766666666667,53,0.0,3781.7400000000002,1
12567,3,3179.11,1059.7033333333334,132,0.0,9114.94,1
12569,8,1378.04,172.255,34,0.017857142857142856,4064.9900000000002,1
12576,2,421.65,210.825,30,0.0,1306.98,0
12577,1,195.89,195.89,67,0.0,595.4,0
12578,3,1567.51,522.5033333333333,71,0.07894736842105263,2753.36,0
12583,4,1889.58,472.395,42,0.017857142857142856,7187.34,1
12584,2,453.73,226.865,18,0.05263157894736842,1893.95,0
12585,2,1206.81,603.405,65,0.12162162162162163,1982.81,0
12586,1,-17.0,-17.0,1,1.0,179.94000000000003,0
12589,1,131.5,131.5,10,0.0,646.68,0
12592,1,231.8,231.8,9,0.0,437.6,0
12593,2,321.8,160.9,13,0.0,418.09999999999997,0
12594,6,1159.54,193.25666666666666,31,0.020833333333333332,3320.2200000000003,1
12596,1,269.95,269.95,15,0.0,618.27,0
12597,2,1428.81,714.405,72,0.0,3683.13,1
12598,4,1265.34,316.335,40,0.020833333333333332,3002.68,1
12599,2,312.46000000000004,156.23000000000002,17,0.0,1032.58,0
12600,3,702.74,234.24666666666667,11,0.0,2581.04,0
12601,3,368.36,122.78666666666668,14,0.0,569.5600000000001,0
12604,1,178.5,178.5,10,0.0,254.18,0
12609,1,287.93,287.93,16,0.0,1126.85,0
12610,5,1839.79,367.95799999999997,83,0.020202020202020204,2057.99,0
12613,4,1462.52,365.63,65,0.0,3218.98,1
12615,1,634.74,634.74,31,0.0,2291.19,0
12616,3,229.4,76.46666666666667,11,0.21428571428571427,657.25,0
12619,2,631.66,315.83,11,0.0,3214.81,1
12620,1,561.66,561.66,33,0.0,1339.41,0
12621,5,2907.34,581.4680000000001,65,0.011764705882352941,13612.07,1
12625,2,1647.1200000000001,823.5600000000001,54,0.08620689655172414,2614.32,0
12626,4,1166.55,291.6375,57,0.11940298507462686,6388.35,1
12627,6,3911.55,651.9250000000001,143,0.0,4478.53,1
12633,1,1012.82,1012.82,34,0.0,2140.63,0
12637,6,2323.1,387.18333333333334,120,0.026490066225165563,5953.25,1
12643,1,871.1999999999999,871.1999999999999,2,0.0,3344.64,1
12645,1,369.29999999999995,369.29999999999995,16,0.0,1755.38,0
12647,5,1140.7,228.14000000000001,36,0.11538461538461539,3669.92,1
12649,1,-19.799999999999997,-19.799999999999997,2,1.0,603.71,0
12653,1,779.1,779.1,16,0.0,2209.85,0
12654,1,166.6,166.6,11,0.0,601.98,0
12656,3,1621.35,540.4499999999999,25,0.030303030303030304,3982.72,1
12662,3,565.48,188.49333333333334,33,0.05555555555555555,3817.08,1
12664,2,1303.5800000000002,651.7900000000001,5,0.0,4863.88,1
12668,2,1479.67,739.835,69,0.0,3743.18,1
12669,3,1136.3,378.76666666666665,70,0.014084507042253521,1607.73,0
12670,2,1026.3899999999999,513.1949999999999,28,0.0,2986.15,1
12673,1,220.9,220.9,23,0.0,610.52,0
12674,3,946.8,315.59999999999997,30,0.02631578947368421,1919.31,0
12676,2,707.4,353.7,17,0.0,1331.39,0
12678,3,574.71,191.57000000000002,17,0.0,17588.26,1
12679,3,869.13,289.71,43,0.06382978723404255,1058.67,0
12680,3,613.36,204.45333333333335,29,0.0,862.81,0
12681,7,5069.78,724.2542857142856,131,0.008968609865470852,13677.59,1
12682,5,2912.14,582.428,74,0.0,12288.22,1
12683,6,2092.67,348.77833333333336,77,0.02127659574468085,8221.09,1
12684,4,1379.48,344.87,37,0.0,2283.63,0
12689,1,511.03,511.03,34,0.0,1247.61,0
12691,3,406.2,135.4,13,0.0,1035.8,0
12693,3,386.9,128.96666666666667,19,0.047619047619047616,830.96,0
12694,1,439.5,439.5,20,0.0,869.67,0
12695,1,89.25,89.25,6,0.0,582.1,0
12697,3,724.01,241.33666666666667,27,0.03333333333333333,939.02,0
12700,3,2113.05,704.35,110,0.008130081300813009,4867.99,1
12701,1,337.08,337.08,21,0.0,797.71,0
12704,3,1100.92,366.97333333333336,40,0.0,2220.84,0
12705,1,858.0,858.0,30,0.0,6814.24,1
12708,3,763.72,254.57333333333335,41,0.0,2616.32,0
12709,6,3016.65,502.77500000000003,40,0.30357142857142855,9294.1,1
12710,3,771.91,257.30333333333334,47,0.04,1130.57,0
12712,6,950.7800000000001,158.46333333333334,31,0.10638297872340426,4241.63,1
12714,2,1761.92,880.96,96,0.0,4708.86,1
12716,1,677.9,677.9,45,0.0,1053.49,0
12717,1,609.74,609.74,31,0.0,980.98,0
12720,5,1087.33,217.46599999999998,69,0.01282051282051282,5713.28,1
12721,3,714.47,238.15666666666667,42,0.06666666666666667,2628.98,0
12724,1,154.9,154.9,11,0.0,1031.41,0
12726,2,571.86,285.93,23,0.0,2609.1,0
12727,6,1974.32,329.05333333333334,79,0.021739130434782608,3947.7,1
12728,3,617.31,205.76999999999998,29,0.0,836.33,0
12731,2,4246.33,2123.165,53,0.0,18793.41,1
12744,6,4171.81,695.3016666666667,96,0.0423728813559322,9120.39,1
12747,4,1320.09,330.0225,21,0.0,4196.01,1
12748,46,4986.09,108.39326086956522,580,0.002512562814070352,29072.1,1
12749,4,2678.23,669.5575,113,0.07913669064748201,3868.2,1
12753,5,9187.94,1837.5880000000002,69,0.08490566037735849,21024.01,1
12755,3,3794.3999999999996,1264.8,5,0.2,2203.2,0
12757,13,1651.68,127.05230769230769,89,0.046875,4227.7,1
12758,1,1570.19,1570.19,56,0.0,2791.59,1
12759,1,444.8,444.8,27,0.0,1531.44,0
12763,1,320.08,320.08,16,0.0,494.08,0
12766,3,2809.42,936.4733333333334,110,0.0,6989.63,1
12775,3,415.36,138.45333333333335,20,0.04,1351.24,0
12778,3,408.06,136.02,24,0.0,804.23,0
12779,3,1198.58,399.52666666666664,35,0.0,3868.7,1
12781,2,491.75,245.875,15,0.11764705882352941,707.72,0
12782,3,1089.83,363.27666666666664,50,0.07142857142857142,2273.32,0
12785,1,311.95,311.95,14,0.0,305.71,0
12787,1,158.1,158.1,8,0.0,463.66,0
12798,1,1607.04,1607.04,6,0.0,6977.04,1
12808,1,129.4,129.4,7,0.0,483.65000000000003,0
12820,1,170.46,170.46,11,0.0,942.34,0
12823,3,994.5,331.5,1,0.0,1759.5,0
12826,3,697.1,232.36666666666667,45,0.0,1468.1200000000001,0
12828,4,661.3100000000001,165.32750000000001,36,0.0,1018.71,0
12830,6,6348.08,1058.0133333333333,14,0.02702702702702703,6748.4,1
12836,1,846.69,846.69,39,0.0,2612.86,0
12838,1,390.79,390.79,59,0.0,683.13,0
12839,4,1085.71,271.4275,37,0.017241379310344827,5583.62,1
12841,8,1412.92,176.615,99,0.0,3876.4,1
12842,1,310.73,310.73,14,0.0,1118.99,0
12843,6,1356.11,226.01833333333332,64,0.05319148936170213,1680.76,0
12844,1,174.88,174.88,27,0.0,325.96000000000004,0
12849,1,704.5,704.5,33,0.0,1050.8899999999999,0
12853,4,868.5500000000001,217.13750000000002,36,0.06666666666666667,1881.7,0
12854,4,775.02,193.755,73,0.06172839506172839,1289.15,0
12857,1,801.6,801.6,34,0.0,1106.4,0
12863,1,-17.0,-17.0,1,1.0,504.2,0
12865,1,-20.16,-20.16,1,1.0,1548.07,0
12867,3,778.7,259.56666666666666,95,0.03361344537815126,3986.22,1
12868,3,673.21,224.40333333333334,42,0.0,1607.0600000000002,0
12871,1,132.0,132.0,4,0.0,380.64,0
12875,1,293.76000000000005,293.76000000000005,1,0.0,343.2300000000001,0
12876,1,726.43,726.43,34,0.0,2218.02,0
12877,3,329.46000000000004,109.82000000000001,15,0.0,1535.77,0
12878,2,854.99,427.495,38,0.0,841.64,0
12886,2,747.69,373.845,47,0.0784313725490196,1351.09,0
12891,2,246.00000000000003,123.00000000000001,2,0.0,331.0,0
12897,1,128.8,128.8,2,0.0,216.5,0
12901,15,7842.44,522.8293333333334,23,0.05454545454545454,16293.1,1
12904,1,244.69,244.69,32,0.0,509.58,0
12908,2,-72.0,-36.0,1,0.5,246.0,0
12909,5,1485.92,297.184,55,0.04411764705882353,2128.83,0
12910,3,1142.5,380.8333333333333,26,0.0,3075.04,1
12913,3,866.39,288.7966666666667,12,0.0,2483.63,0
12915,1,199.65,199.65,13,0.0,363.65,0
12916,3,1473.83,491.27666666666664,37,0.03225806451612903,2982.35,1
12919,5,407.9,81.58,12,0.1111111111111111,1301.44,0
12921,8,3169.13,396.14125,99,0.0058823529411764705,16389.74,1
12924,3,284.24,94.74666666666667,5,0.1,929.95,0
12928,1,392.34000000000003,392.34000000000003,17,0.0,2062.7000000000003,0
12929,1,117.85,117.85,8,0.0,105.1,0
12930,3,215.66,71.88666666666667,14,0.125,409.9,0
12931,5,1853.9,370.78000000000003,6,0.125,33462.81,1
12933,2,109.5,54.75,8,0.1111111111111111,606.28,0
12935,1,431.63,431.63,27,0.0,2156.45,0
12937,2,428.23,214.115,27,0.0,1504.27,0
12939,3,7228.32,2409.44,20,0.0,11581.8,1
12942,1,258.75,258.75,16,0.0,683.9,0
12944,1,286.95,286.95,14,0.0,604.51,0
12947,4,445.85,111.4625,31,0.08333333333333333,1407.29,0
12948,3,886.26,295.42,46,0.0,2053.7,0
12949,5,2226.5,445.3,108,0.03361344537815126,4143.02,1
12951,4,452.78000000000003,113.19500000000001,28,0.03333333333333333,1042.07,0
12955,3,697.42,232.47333333333333,27,0.0,4734.26,1
12957,4,728.34,182.085,50,0.07017543859649122,3979.04,1
12962,1,170.54000000000002,170.54000000000002,11,0.0,266.39,0
12963,2,350.2,175.1,17,0.058823529411764705,1841.03,0
12967,3,1630.95,543.65,19,0.05,1194.75,0
12970,2,23.8,11.9,8,0.0,452.24,0
12971,20,1797.87,89.89349999999999,42,0.030303030303030304,10930.26,1
12980,6,3603.9900000000002,600.6650000000001,5,0.09090909090909091,7092.06,1
12981,1,187.18,187.18,11,0.0,372.21999999999997,0
12987,2,290.6,145.3,14,0.125,545.0,0
12989,4,1912.0,478.0,9,0.1,6854.51,1
12990,1,97.5,97.5,3,0.0,409.5,0
12993,2,175.29999999999998,87.64999999999999,12,0.0,414.76,0
12994,2,316.40000000000003,158.20000000000002,22,0.21428571428571427,902.22,0
12997,4,583.27,145.8175,30,0.15384615384615385,1197.94,0
13000,1,201.75,201.75,11,0.0,534.85,0
13001,10,6058.87,605.887,128,0.013636363636363636,9797.92,1
13003,2,89.05000000000001,44.525000000000006,4,0.0,149.05,0
13004,5,1592.04,318.408,103,0.0,5613.43,1
13012,4,702.29,175.5725,35,0.027777777777777776,1311.6200000000001,0
13013,2,1528.34,764.17,64,0.0,4786.99,1
13014,6,1292.98,215.49666666666667,29,0.15,3365.43,1
13015,4,1763.04,440.76,80,0.0,3346.28,1
13018,11,3302.14,300.19454545454545,180,0.004784688995215311,7272.75,1
13021,3,130.32,43.44,9,0.2222222222222222,2584.4,0
13026,2,243.71999999999997,121.85999999999999,5,0.0,936.15,0
13027,2,1824.0,912.0,6,0.0,6912.0,1
13029,1,382.5,382.5,1,0.0,1247.5,0
13030,1,427.74,427.74,50,0.0,799.48,0
13034,1,165.86,165.86,11,0.0,642.77,0
13035,1,333.0,333.0,12,0.0,886.63,0
13037,2,577.32,288.66,32,0.0,881.07,0
13038,1,395.1,395.1,15,0.0,908.46,0
13046,1,197.72,197.72,14,0.0,629.31,0
13047,5,822.58,164.51600000000002,35,0.022727272727272728,3079.1,1
13048,2,939.92,469.96,60,0.0,1805.91,0
13049,1,153.78,153.78,7,0.0,656.6800000000001,0
13050,11,2070.63,188.23909090909092,91,0.04918032786885246,5684.61,1
13055,1,344.86,344.86,22,0.0,1201.96,0
13058,1,47.550000000000004,47.550000000000004,3,0.0,271.40000000000003,0
13064,1,203.3,203.3,8,0.0,1119.49,0
13068,1,165.0,165.0,1,0.0,344.0,0
13069,6,1240.09,206.68166666666664,128,0.0,3717.82,1
13077,3,577.44,192.48000000000002,61,0.0,729.27,0
13078,10,1954.66,195.466,42,0.07246376811594203,12432.28,1
13079,3,172.4,57.46666666666667,2,0.0,220.10000000000002,0
13081,7,7390.26,1055.7514285714285,275,0.04819277108433735,27964.48,1
13082,3,1085.94,361.98,28,0.0,3595.48,1
13085,2,134.4,67.2,13,0.35,272.38,0
13089,29,14933.02,514.931724137931,302,0.019736842105263157,57385.88,1
13090,7,1622.17,231.73857142857145,15,0.10526315789473684,8689.39,1
13092,2,295.65,147.825,10,0.0,459.83,0
13093,9,7478.92,830.9911111111111,95,0.0375,7741.47,1
13094,5,528.96,105.792,3,0.0,1708.8600000000001,0
13097,4,1656.4,414.1,88,0.01904761904761905,5893.32,1
13098,10,3210.52,321.052,58,0.17721518987341772,28658.88,1
13102,11,2325.24,211.38545454545454,73,0.03361344537815126,6336.29,1
13104,2,213.72,106.86,3,0.0,1098.48,0
13107,2,559.29,279.645,21,0.08695652173913043,1524.07,0
13109,2,364.9,182.45,24,0.04,766.84,0
13110,4,696.69,174.1725,65,0.0125,1452.8700000000001,0
13113,12,2636.52,219.71,53,0.17777777777777778,10510.0,1
13115,3,-14.6,-4.866666666666666,3,1.0,2205.63,0
13117,3,499.93,166.64333333333335,31,0.0,984.91,0
13118,4,786.2900000000001,196.57250000000002,40,0.04,1125.0,0
13122,1,903.67,903.67,54,0.0,922.39,0
13124,1,1256.32,1256.32,61,0.0,3866.33,1
13126,4,523.91,130.9775,31,0.03125,2056.29,0
13131,1,324.9,324.9,14,0.0,1039.3,0
13134,5,849.7900000000001,169.95800000000003,42,0.08,1740.63,0
13136,1,-20.1,-20.1,3,1.0,2545.38,0
13137,2,863.84,431.92,140,0.0,3605.08,1
13138,1,193.23,193.23,14,0.0,962.39,0
13139,2,1170.02,585.01,34,0.0,5055.79,1
13140,1,159.51,159.51,15,0.0,423.72,0
13141,4,1037.9,259.475,55,0.016129032258064516,2385.8,0
13145,1,295.0,295.0,1,0.0,614.77,0
13148,6,886.3000000000001,147.71666666666667,110,0.1076923076923077,3348.48,1
13149,1,376.74,376.74,18,0.0,1676.06,0
13151,1,1257.8700000000001,1257.8700000000001,73,0.0,1250.3700000000001,0
13155,2,569.2,284.6,55,0.0,971.76,0
13157,3,478.28999999999996,159.42999999999998,21,0.07407407407407407,1721.57,0
13158,1,256.40999999999997,256.40999999999997,19,0.0,1201.06,0
13159,4,1097.19,274.2975,95,0.010101010101010102,1379.75,0
13162,2,709.96,354.98,37,0.075,1644.99,0
13165,1,354.64,354.64,13,0.0,1021.48,0
13167,3,659.67,219.89,42,0.0,791.33,0
13168,2,841.23,420.615,88,0.0,1310.14,0
13169,1,505.2,505.2,6,0.0,712.88,0
13171,1,140.35,140.35,23,0.0,426.81,0
13173,1,165.94,165.94,23,0.0,353.65,0
13174,2,2108.27,1054.135,178,0.0,2817.03,1
13178,2,1124.0,562.0,47,0.0,5725.47,1
13183,2,1138.88,569.44,23,0.0,3957.78,1
13184,5,723.81,144.762,60,0.013513513513513514,1648.79,0
13189,1,127.0,127.0,18,0.0,260.68,0
13192,1,464.32,464.32,33,0.0,911.94,0
13196,1,512.13,512.13,34,0.0,1797.78,0
13198,3,1173.79,391.2633333333333,76,0.012987012987012988,3384.09,1
13199,9,1948.96,216.5511111111111,20,0.0,9803.96,1
13200,2,627.01,313.505,34,0.0,870.09,0
13203,1,165.71,165.71,10,0.0,869.46,0
13207,1,197.52000000000004,197.52000000000004,5,0.0,250.26000000000002,0
13208,2,373.73,186.865,58,0.0,1205.9,0
13209,3,416.2,138.73333333333332,15,0.09523809523809523,5820.16,1
13211,1,110.7,110.7,2,0.0,1197.42,0
13213,5,961.73,192.346,44,0.03773584905660377,1518.43,0
13220,3,726.49,242.16333333333333,15,0.0,819.2900000000001,0
13221,1,498.16,498.16,35,0.0,847.41,0
13224,1,1212.26,1212.26,42,0.0,2150.85,0
13225,2,2470.44,1235.22,12,0.0,6083.04,1
13230,5,811.65,162.32999999999998,147,0.0,2763.41,1
13232,4,878.45,219.6125,105,0.0,1357.6,0
13233,1,304.24,304.24,17,0.0,605.12,0
13238,1,91.15,91.15,5,0.0,680.83,0
13240,1,224.07,224.07,21,0.0,663.65,0
13242,2,104.0,52.0,5,0.0,270.40000000000003,0
13246,3,1083.56,361.18666666666667,55,0.0,1922.1,0
13249,1,291.84000000000003,291.84000000000003,2,0.0,711.41,0
13253,1,476.48,476.48,16,0.0,1030.4,0
13255,1,225.7,225.7,6,0.0,390.66,0
13258,1,224.62,224.62,12,0.0,698.58,0
13263,7,1915.98,273.7114285714286,247,0.0,7454.07,1
13265,3,1465.66,488.55333333333334,44,0.0,2107.66,0
13266,1,-45.0,-45.0,1,1.0,3717.67,1
13267,9,1157.92,128.6577777777778,39,0.08064516129032258,4404.44,1
13268,8,1798.93,224.86625,199,0.019157088122605363,3167.64,1
13269,2,662.1700000000001,331.08500000000004,26,0.0,5315.92,1
13277,2,125.9,62.95,4,0.0,258.4,0
13280,2,699.36,349.68,65,0.0,814.86,0
13282,3,770.5500000000001,256.85,15,0.043478260869565216,1047.8400000000001,0
13283,1,25.5,25.5,2,0.0,93.66,0
13285,2,1173.27,586.635,82,0.0,2709.12,0
13292,1,249.57,249.57,14,0.0,578.9399999999999,0
13301,2,327.77,163.885,40,0.0,618.09,0
13305,2,288.9,144.45,9,0.0,2000.86,0
13308,2,797.0500000000001,398.52500000000003,26,0.10344827586206896,1367.6100000000001,0
13309,1,390.71,390.71,34,0.0,1456.79,0
13310,2,388.93,194.465,27,0.06896551724137931,1083.63,0
13311,1,490.11,490.11,24,0.0,598.57,0
13313,1,307.3,307.3,17,0.0,1555.32,0
13316,2,1460.24,730.12,12,0.08333333333333333,5815.49,1
13317,2,238.05,119.025,14,0.0,2140.07,0
13319,10,2714.69,271.469,83,0.043795620437956206,10664.34,1
13320,3,466.61,155.53666666666666,33,0.07692307692307693,1491.7,0
13324,2,1110.6,555.3,8,0.0,7072.8,1
13327,3,947.9000000000001,315.9666666666667,21,0.0,3617.57,1
13329,3,255.59999999999997,85.19999999999999,7,0.2222222222222222,740.4,0
13330,1,335.82,335.82,13,0.0,1140.93,0
13334,1,1660.44,1660.44,124,0.0,3536.82,1
13340,1,3678.03,3678.03,51,0.0,10736.48,1
13344,1,1656.15,1656.15,68,0.0,2543.72,0
13362,2,1581.53,790.765,92,0.0,3085.4900000000002,1
13365,1,700.6,700.6,39,0.0,2191.22,0
13373,1,987.7,987.7,50,0.0,3312.25,1
13376,2,770.0,385.0,34,0.0,1019.76,0
13379,2,435.82,217.91,57,0.0,572.56,0
13381,1,416.11,416.11,24,0.0,3626.81,1
13384,4,1726.19,431.5475,70,0.03896103896103896,4122.28,1
13389,1,257.89,257.89,18,0.0,797.96,0
13394,2,634.1800000000001,317.09000000000003,34,0.0,2312.8,0
13396,2,370.92,185.46,15,0.0625,1325.29,0
13397,2,601.77,300.885,13,0.0,1539.18,0
13402,1,308.28000000000003,308.28000000000003,17,0.0,621.23,0
13404,1,217.81,217.81,9,0.0,252.49,0
13405,1,160.05,160.05,6,0.0,572.451,0
13408,13,5587.27,429.79,75,0.054945054945054944,27487.41,1
13410,3,398.78999999999996,132.92999999999998,10,0.07142857142857142,988.91,0
13414,1,390.0,390.0,1,0.0,1390.5,0
13417,1,236.0,236.0,10,0.0,640.83,0
13418,5,1579.62,315.924,40,0.0,5845.44,1
13421,2,822.94,411.47,65,0.015384615384615385,1848.98,0
13425,1,401.57,401.57,27,0.0,1624.21,0
13426,2,639.4300000000001,319.71500000000003,31,0.0,3550.7000000000003,1
13427,1,214.5,214.5,9,0.0,582.6,0
13435,3,1088.1200000000001,362.7066666666667,31,0.0,3794.4900000000002,1
13437,3,2024.25,674.75,105,0.0,3408.06,1
13448,5,788.5400000000001,157.70800000000003,31,0.05555555555555555,3465.67,1
13450,3,1119.1799999999998,373.05999999999995,21,0.0,2043.7199999999998,0
13451,3,952.67,317.5566666666667,144,0.006369426751592357,2916.45,1
13453,1,185.0,185.0,8,0.0,356.97999999999996,0
13455,2,650.9,325.45,30,0.16666666666666666,1007.35,0
13456,4,826.1600000000001,206.54000000000002,18,0.08,1737.8200000000002,0
13458,8,4131.02,516.3775,122,0.033783783783783786,9537.92,1
13461,2,884.2,442.1,12,0.0,1445.0,0
13468,9,1609.5,178.83333333333334,74,0.0,5656.75,1
13473,2,236.16,118.08,12,0.07692307692307693,417.54,0
13475,3,1278.48,426.16,62,0.0,1431.78,0
13476,2,706.9,353.45,29,0.06451612903225806,1092.77,0
13477,4,502.97999999999996,125.74499999999999,25,0.06896551724137931,1441.53,0
13481,1,-4.25,-4.25,1,1.0,1776.81,0
13487,1,193.15,193.15,11,0.0,575.4,0
13488,4,3390.81,847.7025,137,0.006711409395973154,8910.61,1
13489,2,235.68,117.84,6,0.0,449.52,0
13491,5,641.83,128.366,35,0.0,1215.82,0
13495,3,810.6800000000001,270.2266666666667,18,0.15384615384615385,1990.1200000000001,0
13496,2,465.61,232.805,26,0.037037037037037035,617.93,0
13499,3,454.59000000000003,151.53,18,0.08695652173913043,1146.96,0
13500,2,668.8,334.4,35,0.0,1136.77,0
13502,2,189.16,94.58,9,0.0,292.0,0
13505,5,2518.37,503.674,110,0.046511627906976744,4282.88,1
13507,3,2022.79,674.2633333333333,123,0.0,2479.16,0
13509,3,650.02,216.67333333333332,23,0.0,979.72,0
13510,3,891.41,297.13666666666666,53,0.031746031746031744,1785.16,0
13515,1,203.4,203.4,13,0.0,891.12,0
13516,1,146.0,146.0,7,0.0,1389.41,0
13517,4,1592.83,398.2075,99,0.01818181818181818,2109.07,0
13520,2,988.52,494.26,27,0.0,3487.75,1
13523,1,566.95,566.95,30,0.0,3755.38,1
13524,2,247.70000000000002,123.85000000000001,10,0.0,680.1800000000001,0
13525,1,282.88,282.88,2,0.0,628.78,0
13527,1,110.45,110.45,5,0.0,2263.76,0
13529,1,181.1,181.1,7,0.0,307.76,0
13531,1,305.45,305.45,15,0.0,483.8,0
13534,13,927.75,71.36538461538461,37,0.15625,5613.08,1
13538,2,504.3,252.15,5,0.0,1280.85,0
13539,3,290.15,96.71666666666665,22,0.045454545454545456,605.84,0
13544,1,122.91,122.91,42,0.0,291.41,0
13546,1,188.16,188.16,26,0.0,626.99,0
13548,1,281.01,281.01,59,0.0,682.41,0
13549,4,510.47,127.6175,27,0.034482758620689655,916.12,0
13552,3,782.75,260.9166666666667,21,0.0,3539.53,1
13555,2,1590.05,795.025,55,0.0,4149.28,1
13557,1,240.68,240.68,16,0.0,584.06,0
13562,1,603.27,603.27,24,0.0,1799.33,0
13564,2,1198.38,599.19,67,0.0,647.74,0
13565,1,110.17999999999999,110.17999999999999,13,0.0,240.22,0
13569,1,118.32,118.32,23,0.0,373.75,0
13571,4,507.31,126.8275,56,0.0,2092.32,0
13573,1,31.770000000000003,31.770000000000003,3,0.0,294.4,0
13575,2,218.75,109.375,13,0.0,732.0699999999999,0
13576,5,1676.39,335.278,27,0.08333333333333333,6703.3,1
13577,1,356.75,356.75,20,0.0,1658.3,0
13579,1,164.70000000000002,164.70000000000002,9,0.0,467.04,0
13588,1,113.30000000000001,113.30000000000001,8,0.0,2445.12,0
13589,1,147.0,147.0,9,0.0,379.65,0
13590,2,610.48,305.24,21,0.0,1976.12,0
13591,2,776.23,388.115,36,0.0,1117.13,0
13592,3,205.51,68.50333333333333,12,0.0,247.95999999999998,0
13593,4,976.1500000000001,244.03750000000002,50,0.015625,1990.28,0
13599,8,1263.8700000000001,157.98375000000001,38,0.1276595744680851,5030.6,1
13601,1,373.2,373.2,41,0.0,693.32,0
13606,2,250.42,125.21,37,0.0,280.53999999999996,0
13610,3,341.77,113.92333333333333,54,0.015625,1115.43,0
13611,1,303.15000000000003,303.15000000000003,15,0.0,1158.2,0
13614,1,205.75,205.75,9,0.0,1610.46,0
13617,2,365.7,182.85,23,0.0,544.18,0
13623,5,532.02,106.404,63,0.030303030303030304,672.44,0
13627,1,311.19,311.19,20,0.0,1624.02,0
13629,2,1425.0,712.5,6,0.0,7792.36,1
13630,3,716.52,238.84,43,0.0425531914893617,1995.68,0
13631,6,1530.0,255.0,4,0.0,3021.77,1
13632,4,810.35,202.5875,70,0.011627906976744186,2117.02,0
13634,2,625.41,312.705,64,0.0,1575.16,0
13636,4,533.95,133.4875,32,0.027777777777777776,941.62,0
13637,2,684.85,342.425,75,0.0,810.5,0
13643,2,259.40000000000003,129.70000000000002,13,0.0,519.44,0
13644,4,2624.26,656.065,144,0.0,2597.52,0
13647,2,803.86,401.93,33,0.0,1670.22,0
13649,1,197.8,197.8,15,0.0,346.6,0
13650,3,718.52,239.50666666666666,33,0.05263157894736842,1809.34,0
13652,1,308.8,308.8,18,0.0,1095.08,0
13654,3,1172.84,390.94666666666666,65,0.0,2707.33,0
13655,1,383.65,383.65,21,0.0,932.97,0
13656,1,162.70000000000002,162.70000000000002,31,0.0,379.65,0
13657,1,152.34,152.34,9,0.0,382.14,0
13658,3,715.6,238.53333333333333,32,0.1111111111111111,2421.47,0
13659,1,1045.4,1045.4,55,0.0,1550.85,0
13662,6,514.26,85.71,33,0.125,879.08,0
13666,2,64.05,32.025,8,0.0,84.65,0
13668,5,1735.0800000000002,347.016,66,0.038461538461538464,6216.07,1
13669,1,48.150000000000006,48.150000000000006,3,0.0,218.55,0
13675,1,308.44,308.44,15,0.0,486.82000000000005,0
13680,3,871.48,290.49333333333334,69,0.23076923076923078,2202.31,0
13681,2,531.08,265.54,29,0.0,827.83,0
13692,4,850.13,212.5325,33,0.058823529411764705,1466.8700000000001,0
13694,11,10758.16,978.0145454545454,112,0.007518796992481203,62653.1,1
13695,6,749.54,124.92333333333333,18,0.0,2504.13,0
13700,5,943.66,188.732,82,0.0,2265.12,0
13705,1,318.14,318.14,10,0.0,711.86,0
13709,1,474.7,474.7,30,0.0,6249.110000000001,1
13715,7,916.45,130.92142857142858,83,0.03,1053.94,0
13717,3,557.84,185.9466666666667,35,0.02702702702702703,1432.26,0
13719,2,338.74,169.37,19,0.0,1041.68,0
13720,3,552.55,184.1833333333333,29,0.0,799.9,0
13722,1,1463.47,1463.47,46,0.0,2369.16,0
13725,8,1714.0,214.25,83,0.043478260869565216,1809.81,0
13728,2,341.58,170.79,17,0.0,1016.14,0
13735,4,1335.55,333.8875,90,0.06422018348623854,2766.18,1
13736,2,349.63,174.815,75,0.0379746835443038,724.0,0
13741,3,361.03000000000003,120.34333333333335,20,0.047619047619047616,666.33,0
13742,5,1324.15,264.83000000000004,127,0.005154639175257732,3102.42,1
13743,2,353.15999999999997,176.57999999999998,7,0.0,1340.1499999999999,0
13744,1,893.16,893.16,44,0.0,1156.36,0
13748,1,204.0,204.0,1,0.0,948.25,0
13750,2,688.8000000000001,344.40000000000003,7,0.0,1647.26,0
13752,4,891.53,222.8825,57,0.0,1186.28,0
13754,1,156.0,156.0,8,0.0,282.59999999999997,0
13756,3,1004.4000000000001,334.8,11,0.0,5145.12,1
13758,3,1141.25,380.4166666666667,28,0.0,3190.55,1
13760,1,135.09,135.09,28,0.0,286.79,0
13761,1,491.71000000000004,491.71000000000004,32,0.0,1070.65,0
13763,2,-25.5,-12.75,2,1.0,1689.46,0
13764,1,499.89,499.89,69,0.0,1521.76,0
13767,14,4130.47,295.03357142857146,35,0.035398230088495575,16945.71,1
13769,4,620.82,155.205,22,0.09375,2771.87,1
13771,3,1462.1000000000001,487.36666666666673,65,0.014084507042253521,2631.7,0
13772,1,228.42,228.42,36,0.0,1132.13,0
13777,17,7895.97,464.4688235294118,33,0.16666666666666666,25748.350000000002,1
13780,1,116.28000000000002,116.28000000000002,9,0.0,360.01,0
13782,1,191.94,191.94,36,0.0,912.0,0
13784,4,426.39,106.5975,6,0.0,2462.79,0
13787,1,106.4,106.4,7,0.0,309.04,0
13791,2,1516.0,758.0,7,0.0,1047.68,0
13792,1,74.60000000000001,74.60000000000001,4,0.0,195.55,0
13798,14,10494.99,749.6421428571429,71,0.3142857142857143,36351.42,1
13799,1,341.7,341.7,16,0.0,688.86,0
13802,2,852.29,426.145,22,0.09090909090909091,3906.27,1
13804,1,723.63,723.63,41,0.0,2635.79,0
13808,4,1518.5,379.625,59,0.0,1747.66,0
13813,4,945.87,236.4675,42,0.0392156862745098,1353.41,0
13815,1,1012.01,1012.01,53,0.0,4014.91,1
13817,1,128.7,128.7,9,0.0,382.98,0
13821,1,270.15,270.15,42,0.0,385.64,0
13824,2,1102.18,551.09,20,0.0,1698.94,0
13831,1,408.0,408.0,2,0.0,2202.99,0
13835,2,537.34,268.67,28,0.0,834.57,0
13837,1,113.7,113.7,8,0.0,271.24,0
13838,1,238.11,238.11,48,0.0,691.73,0
13842,3,907.53,302.51,48,0.0,3385.62,1
13846,1,411.4,411.4,28,0.0,847.61,0
13848,2,935.0,467.5,3,0.0,1255.0,0
13849,1,593.5799999999999,593.5799999999999,38,0.0,1537.95,0
13851,1,246.32,246.32,17,0.0,2651.46,0
13854,10,2534.86,253.48600000000002,23,0.043478260869565216,8025.0199999999995,1
13862,3,669.25,223.08333333333334,41,0.045454545454545456,2187.31,0
13865,1,123.30000000000001,123.30000000000001,7,0.0,501.56,0
13867,1,138.85,138.85,8,0.0,1015.29,0
13869,2,897.8100000000001,448.90500000000003,64,0.0,3104.95,1
13870,1,544.03,544.03,34,0.0,2751.25,0
13871,4,1764.24,441.06,57,0.0,6389.8,1
13873,3,222.5,74.16666666666667,13,0.06666666666666667,381.7,0
13875,2,683.6800000000001,341.84000000000003,34,0.0,1786.79,0
13880,3,508.1,169.36666666666667,25,0.0,3219.77,1
13881,3,2009.1200000000001,669.7066666666667,27,0.0,16989.52,1
13883,2,949.8100000000001,474.90500000000003,47,0.02127659574468085,2538.75,0
13884,4,189.95000000000002,47.487500000000004,10,0.09090909090909091,781.3000000000001,0
13888,1,239.52,239.52,19,0.0,605.63,0
13890,2,185.25,92.625,11,0.08333333333333333,1860.8600000000001,0
13892,1,54.519999999999996,54.519999999999996,3,0.0,632.97,0
13894,2,150.95,75.475,10,0.09090909090909091,535.97,0
13895,2,937.3000000000001,468.65000000000003,39,0.0,2588.12,0
13899,1,298.5,298.5,15,0.0,388.52,0
13901,2,648.3,324.15,34,0.0,2867.2,1
13904,1,201.12,201.12,17,0.0,332.64,0
13908,3,808.61,269.5366666666667,49,0.07142857142857142,2347.05,0
13911,4,1089.5,272.375,68,0.0,2580.91,0
13917,1,65.38,65.38,5,0.0,272.04,0
13918,1,198.2,198.2,8,0.0,1212.8400000000001,0
13925,5,629.4,125.88,28,0.06818181818181818,616.65,0
13928,2,225.45000000000002,112.72500000000001,13,0.0,464.57,0
13929,2,373.05,186.525,2,0.3333333333333333,802.85,0
13931,1,378.21000000000004,378.21000000000004,20,0.0,1230.93,0
13939,2,172.7,86.35,12,0.07692307692307693,556.75,0
13940,3,616.3,205.4333333333333,36,0.0,839.14,0
13941,3,2043.3600000000001,681.12,17,0.05,4912.41,1
13946,2,485.96999999999997,242.98499999999999,9,0.0,561.5699999999999,0
13949,5,1909.09,381.818,86,0.0,2427.32,0
13950,1,179.30999999999997,179.30999999999997,7,0.0,728.56,0
13951,2,516.05,258.025,32,0.0,674.45,0
13953,2,1000.0,500.0,1,0.0,3515.68,1
13955,1,205.1,205.1,11,0.0,322.96,0
13956,2,293.67,146.835,49,0.0,1026.42,0
13959,2,337.44,168.72,31,0.0,598.2,0
13962,1,117.6,117.6,7,0.0,169.55,0
13969,2,662.83,331.415,42,0.0,8986.69,1
13971,5,926.78,185.356,52,0.13114754098360656,2702.2200000000003,0
13972,1,145.9,145.9,9,0.0,190.25,0
13975,3,938.5600000000001,312.85333333333335,116,0.015384615384615385,2503.23,0
13982,2,903.8,451.9,39,0.0,1861.11,0
13983,4,949.94,237.485,46,0.0,2590.46,0
13984,2,284.75,142.375,8,0.0,488.03,0
13985,4,1129.7,282.425,38,0.03125,7024.53,1
13988,3,1349.43,449.81,67,0.013333333333333334,4098.8,1
13989,1,896.6700000000001,896.6700000000001,23,0.0,1266.08,0
13991,2,340.29,170.145,35,0.0,850.63,0
13993,2,822.85,411.425,33,0.0,3409.66,1
13994,4,1588.74,397.185,95,0.0,2313.14,0
13995,2,300.25,150.125,17,0.05555555555555555,1383.49,0
13999,2,609.7,304.85,31,0.0,3865.26,1
14001,1,301.24,301.24,9,0.0,2030.3300000000002,0
14004,1,900.02,900.02,29,0.0,4582.64,1
14005,3,696.56,232.18666666666664,29,0.0,2874.72,1
14006,2,662.09,331.045,20,0.0,962.19,0
14013,1,118.5,118.5,8,0.0,473.02,0
14016,2,2231.2999999999997,1115.6499999999999,83,0.0,4328.46,1
14019,3,777.88,259.29333333333335,28,0.045454545454545456,1398.96,0
14021,2,501.7,250.85,18,0.0,631.9,0
14023,1,273.14,273.14,16,0.0,584.07,0
14030,3,983.73,327.91,66,0.0,2360.09,0
14031,7,3928.2400000000002,561.1771428571429,33,0.038461538461538464,14634.640000000001,1
14032,5,919.91,183.982,30,0.057692307692307696,2929.84,1
14034,3,334.11,111.37,23,0.10714285714285714,512.02,0
14035,2,700.58,350.29,16,0.0,1428.02,0
14037,1,111.8,111.8,26,0.0,147.20000000000002,0
14038,3,1080.52,360.17333333333335,49,0.015151515151515152,1554.48,0
14040,3,914.05,304.68333333333334,60,0.0,3542.19,1
14044,1,173.74,173.74,54,0.0,652.82,0
14045,3,1251.75,417.25,4,0.0,1659.75,0
14047,4,277.62,69.405,12,0.13333333333333333,1290.01,0
14049,2,1019.81,509.905,111,0.043478260869565216,5639.15,1
14051,7,3018.46,431.2085714285714,30,0.037037037037037035,15477.34,1
14056,11,3294.03,299.45727272727277,221,0.006493506493506494,8124.4,1
14057,6,1872.47,312.0783333333333,119,0.050359712230215826,6147.4,1
14060,6,1931.46,321.91,44,0.0,6135.38,1
14062,4,3096.39,774.0975,40,0.0,10464.85,1
14064,4,686.64,171.66,21,0.030303030303030304,1188.32,0
14071,3,225.4,75.13333333333334,22,0.23684210526315788,1307.41,0
14075,1,307.92,307.92,18,0.0,942.26,0
14077,2,199.61,99.805,24,0.0,499.41999999999996,0
14078,2,306.28999999999996,153.14499999999998,18,0.0,1049.37,0
14081,3,924.57,308.19,126,0.006493506493506494,904.67,0
14083,3,459.89,153.29666666666665,87,0.0,1018.43,0
14085,7,1975.16,282.1657142857143,137,0.005847953216374269,4435.79,1
14088,1,7544.91,7544.91,93,0.0,50415.49,1
14092,5,910.58,182.116,49,0.03225806451612903,4063.1,1
14096,32,49285.369999999995,1540.1678124999999,1080,0.0034797738147020443,57120.909999999996,1
14099,3,818.73,272.91,71,0.0,3092.9700000000003,1
14101,3,3068.63,1022.8766666666667,15,0.0,5976.79,1
14105,1,1266.23,1266.23,74,0.0,1260.33,0
14107,3,606.34,202.11333333333334,29,0.03125,2688.48,0
14110,3,1688.02,562.6733333333333,53,0.016129032258064516,5669.65,1
14111,1,94.2,94.2,2,0.0,688.6,0
14112,5,1069.5,213.9,66,0.10126582278481013,2774.17,1
14113,4,-25.25,-6.3125,4,0.7142857142857143,1377.92,0
14116,4,1169.82,292.455,55,0.0,1382.74,0
14127,2,452.23,226.115,29,0.0,709.71,0
14128,1,305.54,305.54,22,0.0,637.5,0
14129,1,358.90000000000003,358.90000000000003,16,0.0,1123.8600000000001,0
14132,5,1552.46,310.492,48,0.0,3580.13,1
14133,3,302.7,100.89999999999999,17,0.1111111111111111,590.3399999999999,0
14135,7,1811.91,258.8442857142857,58,0.0,4690.31,1
14141,5,652.6800000000001,130.536,27,0.16666666666666666,879.0300000000001,0
14145,4,2257.2,564.3,6,0.1111111111111111,3148.2,1
14146,2,0.0,0.0,35,0.5,2949.57,1
14147,1,182.8,182.8,2,0.0,468.4,0
14150,1,306.18,306.18,12,0.0,658.64,0
14152,2,304.31,152.155,29,0.03333333333333333,611.09,0
14156,10,25737.1,2573.71,263,0.024844720496894408,113384.14,1
14157,2,244.72000000000003,122.36000000000001,36,0.025,400.43,0
14159,1,193.22,193.22,50,0.0,4678.3,1
14161,2,546.19,273.095,46,0.0,1110.52,0
14162,1,177.68,177.68,13,0.0,289.36,0
14163,3,1659.39,553.13,31,0.0,2445.91,0
14167,2,259.0,129.5,19,0.0,574.84,0
14173,1,114.04,114.04,11,0.0,450.84,0
14175,3,262.98,87.66000000000001,16,0.23809523809523808,3108.06,1
14177,3,309.41,103.13666666666667,37,0.0,554.46,0
14178,3,493.36,164.45333333333335,87,0.0,1620.93,0
14180,14,2179.67,155.69071428571428,75,0.03389830508474576,4640.77,1
14188,1,398.0,398.0,12,0.0,2018.91,0
14189,5,1161.74,232.348,57,0.016129032258064516,4604.31,1
14191,6,1498.79,249.79833333333332,52,0.05128205128205128,4660.01,1
14193,1,422.53999999999996,422.53999999999996,23,0.0,853.39,0
14194,6,1539.99,256.665,87,0.0784313725490196,11216.75,1
14198,2,173.4,86.7,12,0.14285714285714285,663.5,0
14201,1,67.24000000000001,67.24000000000001,4,0.0,688.04,0
14205,1,-238.2,-238.2,14,1.0,218.78,0
14206,1,-19.9,-19.9,1,1.0,308.26,0
14209,2,768.5500000000001,384.27500000000003,30,0.0,2067.13,0
14210,3,977.3900000000001,325.7966666666667,46,0.0,1900.89,0
14211,8,880.84,110.105,44,0.09433962264150944,2208.3,0
14214,3,634.5,211.5,37,0.075,1000.23,0
14215,4,910.3100000000001,227.57750000000001,49,0.019230769230769232,1777.92,0
14217,5,361.85,72.37,19,0.045454545454545456,1925.3600000000001,0
14220,1,312.98,312.98,11,0.0,632.4,0
14221,1,312.95,312.95,18,0.0,3427.85,1
14223,2,289.0,144.5,18,0.05263157894736842,975.23,0
14224,1,244.3,244.3,39,0.0,1050.12,0
14226,4,1678.85,419.7125,40,0.125,2201.64,0
14227,10,2391.12,239.112,104,0.03597122302158273,3315.71,1
14229,4,665.53,166.3825,23,0.10344827586206896,1450.6,0
14231,3,594.2,198.0666666666667,37,0.07317073170731707,822.0600000000001,0
14232,4,1001.48,250.37,52,0.031746031746031744,2043.93,0
14233,2,630.95,315.475,12,0.0,1447.51,0
14235,2,1264.55,632.275,45,0.0,3093.86,1
14236,1,189.3,189.3,3,0.0,490.86,0
14239,5,884.33,176.866,45,0.057692307692307696,2323.5,0
14240,1,226.85,226.85,10,0.0,890.34,0
14242,1,138.35,138.35,8,0.0,280.55,0
14243,5,1124.8,224.95999999999998,54,0.01639344262295082,2535.88,0
14246,1,449.64,449.64,24,0.0,1474.06,0
14256,1,523.86,523.86,32,0.0,935.0600000000001,0
14257,1,620.14,620.14,39,0.0,3087.27,1
14258,3,5268.26,1756.0866666666668,35,0.0,12650.08,1
14262,2,545.5,272.75,26,0.0,2618.23,0
14264,1,-14.5,-14.5,2,1.0,319.47,0
14267,4,809.01,202.2525,15,0.0625,1279.09,0
14272,1,132.09,132.09,8,0.0,437.96,0
14273,2,218.7,109.35,10,0.0,559.97,0
14276,2,264.9,132.45,19,0.2962962962962963,1019.39,0
14277,1,1637.43,1637.43,71,0.0,3957.0,1
14282,1,571.0,571.0,13,0.0,3729.34,1
14285,1,5.9,5.9,1,0.0,1910.01,0
14286,1,2050.08,2050.08,141,0.0,4595.81,1
14287,3,57.88,19.293333333333333,5,0.3333333333333333,151.23000000000002,0
14289,3,594.22,198.07333333333335,30,0.0,911.26,0
14290,2,770.36,385.18,24,0.08,2307.4500000000003,0
14291,3,1613.46,537.82,77,0.0,3873.3,1
14292,2,450.84999999999997,225.42499999999998,22,0.13636363636363635,4819.33,1
14293,2,508.02000000000004,254.01000000000002,22,0.0,1046.56,0
14295,1,-11.5,-11.5,2,1.0,154.70000000000002,0
14297,1,232.6,232.6,11,0.0,1284.06,0
14298,14,11823.9,844.5642857142857,247,0.0,50862.44,1
14299,9,527.69,58.632222222222225,20,0.29411764705882354,2855.35,1
14307,2,1270.56,635.28,74,0.0,2995.72,1
14309,4,555.54,138.885,24,0.2,2319.68,0
14312,3,594.02,198.00666666666666,29,0.0,1611.59,0
14315,2,856.2,428.1,33,0.0,2456.98,0
14320,2,217.83,108.915,23,0.3235294117647059,343.11,0
14321,1,326.82,326.82,29,0.0,1530.75,0
14323,3,269.02,89.67333333333333,19,0.20833333333333334,574.26,0
14329,4,2090.95,522.7375,110,0.04201680672268908,4928.74,1
14332,2,585.34,292.67,14,0.0,866.31,0
14334,3,1039.1,346.3666666666666,58,0.0,2539.46,0
14336,3,1114.39,371.46333333333337,53,0.0,1614.91,0
14341,3,319.73,106.57666666666667,23,0.041666666666666664,2166.38,0
14342,4,358.89,89.7225,12,0.21428571428571427,607.71,0
14344,3,355.65000000000003,118.55000000000001,14,0.0,889.9300000000001,0
14346,1,262.44,262.44,17,0.0,1021.58,0
14352,2,845.32,422.66,35,0.0,1078.96,0
14364,7,3366.25,480.89285714285717,56,0.0,3717.35,1
14367,8,2745.36,343.17,134,0.03535353535353535,9167.82,1
14379,1,110.98,110.98,17,0.0,348.1,0
14383,1,242.09,242.09,15,0.0,1247.69,0
14388,3,700.8,233.6,38,0.044444444444444446,3172.04,1
14389,1,-12.54,-12.54,6,1.0,999.72,0
14390,2,217.75,108.875,27,0.03571428571428571,4592.47,1
14395,2,689.36,344.68,54,0.0,3471.91,1
14396,1,110.35000000000001,110.35000000000001,34,0.0,487.99,0
14397,8,681.04,85.13,13,0.0,2556.68,0
14401,2,552.12,276.06,20,0.0,4039.98,1
14403,3,926.51,308.83666666666664,17,0.2608695652173913,1426.31,0
14404,3,376.48,125.49333333333334,32,0.021739130434782608,1434.72,0
14407,4,972.98,243.245,33,0.05405405405405406,2111.08,0
14408,3,1081.79,360.59666666666664,28,0.0,2606.53,0
14409,4,514.9,128.725,12,0.07142857142857142,1908.25,0
14410,6,511.8,85.3,98,0.12389380530973451,576.3,0
14414,1,217.2,217.2,8,0.0,1485.1299999999999,0
14415,5,1584.96,316.992,117,0.040229885057471264,5811.56,1
14418,2,1039.9,519.95,59,0.0,1937.25,0
14419,1,124.1,124.1,20,0.0,1058.06,0
14421,1,455.18,455.18,15,0.0,813.11,0
14422,1,401.31,401.31,21,0.0,4263.64,1
14426,6,1471.33,245.22166666666666,98,0.04,3918.9,1
14428,2,330.62,165.31,25,0.0,1230.14,0
14437,1,63.0,63.0,5,0.0,0.01,0
14440,2,1185.71,592.855,25,0.0,2357.6800000000003,0
14441,3,-96.1,-32.03333333333333,2,1.0,1545.14,0
14442,2,645.08,322.54,30,0.0625,1544.62,0
14443,5,589.08,117.816,39,0.11363636363636363,1400.88,0
14446,1,303.04,303.04,83,0.0,1039.58,0
14447,2,601.03,300.515,34,0.0,1163.23,0
14448,1,102.35000000000001,102.35000000000001,18,0.0,375.35,0
14449,1,210.24,210.24,50,0.0,907.1,0
14450,2,269.45,134.725,20,0.0,483.25,0
14451,1,360.0,360.0,52,0.0,662.59,0
14456,7,1832.32,261.76,438,0.006825938566552901,3047.63,1
14460,2,-21.0,-10.5,1,0.5,383.34,0
14461,2,1746.22,873.11,160,0.0,2103.06,0
14462,7,677.34,96.76285714285714,72,0.04040404040404041,1965.9,0
14463,2,309.42,154.71,4,0.0,529.62,0
14466,2,703.25,351.625,14,0.0,2272.4,0
14467,1,131.7,131.7,15,0.0,598.76,0
14470,1,297.64,297.64,35,0.0,461.19,0
14472,3,1016.61,338.87,97,0.0,1936.84,0
14473,1,85.0,85.0,1,0.0,234.34000000000003,0
14475,2,285.0,142.5,17,0.15789473684210525,799.82,0
14477,1,165.0,165.0,1,0.0,1307.81,0
14479,1,174.4,174.4,10,0.0,316.25,0
14481,1,302.86,302.86,12,0.0,636.51,0
14482,1,238.1,238.1,15,0.0,2068.15,0
14483,1,137.1,137.1,9,0.0,129.2,0
14487,2,112.35000000000001,56.175000000000004,13,0.07142857142857142,1183.58,0
14491,1,127.2,127.2,4,0.0,340.93,0
14493,1,611.22,611.22,29,0.0,2362.84,0
14498,1,166.22,166.22,13,0.0,1957.32,0
14499,1,126.02000000000001,126.02000000000001,41,0.0,815.32,0
14500,2,335.85,167.925,5,0.0,356.85,0
14501,1,66.93,66.93,4,0.0,190.31,0
14502,8,971.98,121.4975,176,0.0125,2351.02,0
14503,1,597.07,597.07,40,0.0,3543.26,1
14504,3,542.71,180.90333333333334,81,0.0,673.26,0
14505,3,1355.97,451.99,156,0.00546448087431694,5818.7,1
14506,2,566.86,283.43,70,0.0,2012.17,0
14507,4,600.31,150.0775,52,0.03508771929824561,1368.18,0
14511,3,648.3299999999999,216.10999999999999,27,0.0,1267.4099999999999,0
14513,3,300.25,100.08333333333333,10,0.35294117647058826,438.49,0
14514,1,255.25,255.25,26,0.0,1055.35,0
14515,2,765.65,382.825,25,0.0,2102.09,0
14517,1,252.45,252.45,14,0.0,330.45,0
14520,1,165.0,165.0,1,0.0,270.6,0
14522,1,278.63,278.63,7,0.0,974.54,0
14524,2,485.5,242.75,62,0.0,1867.68,0
14525,2,726.95,363.475,23,0.0,4221.37,1
14527,20,1941.56,97.078,145,0.02390438247011952,7711.38,1
14530,2,1146.91,573.455,62,0.0,2925.91,1
14532,3,792.3000000000001,264.1,25,0.0,932.85,0
14533,1,433.5,433.5,10,0.0,1812.6200000000001,0
14534,7,1280.83,182.97571428571428,124,0.006711409395973154,4075.35,1
14535,1,853.97,853.97,92,0.0,2841.09,1
14538,1,106.5,106.5,3,0.0,388.25,0
14540,1,195.9,195.9,11,0.0,996.26,0
14541,5,975.45,195.09,69,0.0,1461.65,0
14543,4,687.35,171.8375,20,0.39285714285714285,2916.17,1
14544,1,1121.92,1121.92,53,0.0,2024.45,0
14546,3,857.51,285.83666666666664,131,0.034013605442176874,2487.02,0
14548,1,326.4,326.4,2,0.0,652.8,0
14551,1,125.43,125.43,7,0.0,186.23,0
14553,1,201.94,201.94,23,0.0,859.27,0
14555,1,197.94,197.94,14,0.0,324.14,0
14560,7,995.92,142.2742857142857,20,0.03225806451612903,2174.18,0
14561,2,566.99,283.495,35,0.0,1080.76,0
14562,3,916.1,305.3666666666667,66,0.0,4709.22,1
14565,1,1167.41,1167.41,54,0.0,3073.77,1
14567,2,1530.3600000000001,765.1800000000001,33,0.0,1524.46,0
14572,4,1062.98,265.745,94,0.009433962264150943,2803.69,1
14573,3,716.75,238.91666666666666,84,0.0,1603.72,0
14577,1,346.90000000000003,346.90000000000003,34,0.0,859.71,0
14583,4,787.64,196.91,172,0.0,1052.55,0
14587,6,1085.2,180.86666666666667,127,0.0,1598.24,0
14591,1,250.22,250.22,33,0.0,1447.14,0
14593,2,339.59,169.795,54,0.0,617.99,0
14594,1,255.0,255.0,31,0.0,379.83,0
14595,1,163.8,163.8,5,0.0,1740.6,0
14597,1,165.1,165.1,3,0.0,883.15,0
14606,39,3954.18,101.38923076923076,440,0.0266497461928934,11713.85,1
14607,1,495.0,495.0,3,0.0,11341.1,1
14608,1,204.0,204.0,1,0.0,1785.15,0
14609,1,144.0,144.0,1,0.0,601.56,0
14618,2,196.95,98.475,6,0.16666666666666666,538.59,0
14621,1,305.7,305.7,16,0.0,1765.76,0
14623,2,397.86,198.93,68,0.0,869.35,0
14625,2,547.88,273.94,36,0.05555555555555555,848.48,0
14626,2,569.4,284.7,29,0.06451612903225806,2757.07,0
14628,1,331.58000000000004,331.58000000000004,12,0.0,671.96,0
14631,2,630.08,315.04,24,0.0,1006.98,0
14636,1,300.19,300.19,16,0.0,609.85,0
14639,4,1202.98,300.745,58,0.0410958904109589,2952.34,1
14640,4,988.1700000000001,247.04250000000002,41,0.05660377358490566,2042.15,0
14643,2,332.74,166.37,15,0.16666666666666666,668.61,0
14644,1,187.50000000000003,187.50000000000003,8,0.0,780.46,0
14645,1,240.10000000000002,240.10000000000002,9,0.0,597.09,0
14646,11,57821.02,5256.456363636364,281,0.002136752136752137,279489.02,1
14649,2,584.22,292.11,48,0.0,1417.29,0
14651,1,416.32,416.32,59,0.0,654.6,0
14653,1,344.81,344.81,29,0.0,1947.55,0
14655,1,810.56,810.56,14,0.0,1930.15,0
14656,1,133.11,133.11,29,0.0,291.05,0
14657,3,514.45,171.48333333333335,69,0.012987012987012988,838.27,0
14658,1,123.14,123.14,14,0.0,247.15,0
14659,4,949.39,237.3475,63,0.0449438202247191,2456.53,0
14662,3,524.86,174.95333333333335,82,0.0,771.17,0
14665,4,713.86,178.465,41,0.046511627906976744,1258.38,0
14667,8,2633.46,329.1825,157,0.01098901098901099,9231.2,1
14669,3,1269.99,423.33,158,0.0,1269.99,0
14672,1,285.28000000000003,285.28000000000003,34,0.0,765.55,0
14673,1,373.49,373.49,15,0.0,1736.4,0
14676,3,551.32,183.77333333333334,12,0.15384615384615385,2543.2400000000002,0
14680,8,8149.14,1018.6425,50,0.14414414414414414,26932.34,1
14681,1,393.95,393.95,5,0.0,498.95,0
14684,1,168.36,168.36,44,0.0,1236.28,0
14688,8,1682.58,210.3225,74,0.02912621359223301,5107.38,1
14690,2,203.62,101.81,31,0.12121212121212122,358.61,0
14691,1,439.6,439.6,17,0.0,2114.33,0
14692,4,470.8,117.7,47,0.01818181818181818,582.05,0
14696,3,587.0,195.66666666666666,34,0.02857142857142857,2070.97,0
14700,2,1557.6,778.8,56,0.0,2235.3,0
14701,7,1694.05,242.00714285714284,176,0.05357142857142857,2486.2200000000003,0
14702,6,1222.15,203.6916666666667,75,0.0,3250.64,1
14704,2,221.16,110.58,56,0.0,1546.91,0
14708,2,389.36,194.68,12,0.07692307692307693,1096.67,0
14709,4,1173.4,293.35,40,0.017543859649122806,4911.14,1
14711,7,1573.39,224.77,138,0.00966183574879227,2838.2,1
14713,5,770.9399999999999,154.188,65,0.018018018018018018,2664.2599999999998,0
14715,2,247.45,123.725,21,0.0,867.38,0
14716,1,188.56,188.56,19,0.0,329.68,0
14719,2,488.12,244.06,70,0.0,1592.18,0
14720,2,401.13,200.565,22,0.0,663.81,0
14723,3,471.0,157.0,68,0.0,1158.3,0
14730,3,555.6,185.20000000000002,80,0.0,2005.06,0
14731,2,251.01999999999998,125.50999999999999,23,0.0,380.02,0
14732,2,673.98,336.99,37,0.0,2686.34,0
14733,7,6843.5,977.6428571428571,88,0.0684931506849315,9451.54,1
14735,8,1431.15,178.89375,41,0.034482758620689655,5807.6900000000005,1
14737,1,434.0,434.0,8,0.0,1164.55,0
14738,2,367.47,183.735,17,0.0,1289.94,0
14739,2,943.44,471.72,18,0.0,3899.1,1
14740,3,1448.21,482.7366666666667,85,0.0,1423.21,0
14741,2,495.3,247.65,13,0.0,1400.34,0
14744,7,916.58,130.94,14,0.10526315789473684,1088.53,0
14745,2,187.5,93.75,7,0.125,1167.16,0
14748,3,366.46000000000004,122.15333333333335,35,0.08571428571428572,1311.79,0
14754,1,228.26999999999998,228.26999999999998,15,0.0,638.05,0
14755,3,1302.24,434.08,57,0.0,4965.38,1
14758,3,1206.94,402.31333333333333,47,0.0,1484.06,0
14759,1,572.25,572.25,35,0.0,1625.97,0
14761,1,97.5,97.5,7,0.0,255.9,0
14765,2,95.5,47.75,8,0.0,254.11,0
14766,3,130.1,43.36666666666667,7,0.25,2423.07,0
14768,2,80.10000000000001,40.050000000000004,4,0.2,139.5,0
14769,3,860.84,286.94666666666666,53,0.03389830508474576,10641.6,1
14770,2,876.42,438.21,49,0.0,876.42,0
14775,1,406.56,406.56,20,0.0,1011.9,0
14776,2,860.04,430.02,35,0.0,2195.58,0
14777,1,-14.5,-14.5,2,1.0,0.01,0
14778,1,334.05,334.05,18,0.0,730.86,0
14784,1,114.68,114.68,4,0.0,289.99,0
14790,1,152.16,152.16,10,0.0,745.06,0
14794,4,445.18,111.295,24,0.037037037037037035,1272.11,0
14796,9,2193.01,243.66777777777781,173,0.020833333333333332,7839.51,1
14798,1,75.68,75.68,6,0.0,173.74,0
14800,3,1757.84,585.9466666666666,112,0.0,4236.34,1
14803,2,730.79,365.395,15,0.0,845.55,0
14805,1,109.25,109.25,19,0.0,554.65,0
14808,10,1514.36,151.43599999999998,148,0.020833333333333332,2175.37,0
14810,4,644.29,161.0725,40,0.0,2087.88,0
14818,2,409.63,204.815,23,0.0,657.8,0
14819,1,84.72,84.72,3,0.0,272.07,0
14820,1,139.77,139.77,8,0.0,507.29,0
14825,3,637.77,212.59,46,0.0,2226.91,0
14828,2,1075.92,537.96,8,0.0,2139.76,0
14829,4,332.43,83.1075,27,0.10344827586206896,644.65,0
14834,2,229.24,114.62,11,0.15384615384615385,1698.35,0
14837,2,957.44,478.72,64,0.0,1641.2,0
14841,3,1781.8500000000001,593.95,70,0.0,3295.76,1
14842,2,15.0,7.5,2,0.3333333333333333,2456.8,0
14844,2,1543.35,771.675,55,0.0,3189.81,1
14849,9,1425.08,158.3422222222222,35,0.016129032258064516,7904.28,1
14851,1,206.13,206.13,14,0.0,511.35,0
14852,3,1208.25,402.75,51,0.0,2836.69,1
14853,1,214.5,214.5,3,0.0,463.05,0
14854,3,1191.33,397.10999999999996,45,0.0,2749.89,0
14859,2,295.16,147.58,11,0.08333333333333333,1352.04,0
14862,1,304.09999999999997,304.09999999999997,21,0.0,841.1999999999999,0
14865,1,37.2,37.2,3,0.0,52.2,0
14866,1,103.67999999999999,103.67999999999999,1,0.0,14197.45,1
14867,2,291.79,145.895,16,0.0625,701.33,0
14868,3,896.47,298.8233333333333,48,0.0,2939.64,1
14869,1,391.31,391.31,48,0.0,721.95,0
14871,1,140.4,140.4,21,0.0,522.38,0
14875,2,358.1,179.05,5,0.16666666666666666,1448.72,0
14878,2,433.89000000000004,216.94500000000002,28,0.0,1485.54,0
14880,1,129.2,129.2,8,0.0,706.19,0
14883,2,358.48,179.24,25,0.0,756.64,0
14895,3,2801.04,933.68,128,0.02158273381294964,11020.26,1
14896,1,257.22,257.22,32,0.0,468.77000000000004,0
14897,1,175.5,175.5,10,0.0,1366.38,0
14898,5,348.84999999999997,69.77,17,0.14285714285714285,1228.32,0
14901,4,490.75,122.6875,31,0.05,1414.99,0
14903,7,1740.03,248.57571428571427,156,0.037209302325581395,2744.48,0
14907,4,959.44,239.86,42,0.020833333333333332,3478.85,1
14911,28,13099.32,467.8328571428571,397,0.07846715328467153,132572.62,1
14912,1,482.78999999999996,482.78999999999996,14,0.0,841.52,0
14913,2,615.8299999999999,307.91499999999996,42,0.0,1227.43,0
14915,1,142.28,142.28,8,0.0,258.83,0
14916,1,295.05,295.05,15,0.0,1264.84,0
14921,1,903.01,903.01,53,0.0,1316.07,0
14930,1,1104.13,1104.13,62,0.0,2372.86,0
14931,3,293.0,97.66666666666667,10,0.09090909090909091,964.6800000000001,0
14934,1,828.84,828.84,39,0.0,1888.84,0
14936,1,1576.3600000000001,1576.3600000000001,81,0.0,8117.42,1
14944,3,714.69,238.23000000000002,27,0.034482758620689655,5842.95,1
14948,2,543.67,271.835,34,0.0,1066.57,0
14952,4,2080.83,520.2075,42,0.06818181818181818,7912.79,1
14958,2,392.28,196.14,27,0.0,499.68,0
14959,2,422.38,211.19,31,0.0,684.97,0
14960,1,88.3,88.3,2,0.0,221.27,0
14961,4,2086.38,521.595,84,0.03260869565217391,7006.58,1
14963,1,294.2,294.2,37,0.0,1487.8,0
14970,2,782.25,391.125,9,0.0,1592.06,0
14973,1,654.6,654.6,5,0.0,1314.45,0
14976,2,271.52,135.76,31,0.0,765.86,0
14978,3,1142.45,380.81666666666666,108,0.0,1931.42,0
14984,1,110.17999999999999,110.17999999999999,16,0.0,213.27,0
14985,1,124.51,124.51,45,0.0,296.75,0
14987,1,163.2,163.2,2,0.0,326.4,0
14995,1,119.31,119.31,37,0.0,233.23000000000002,0
14997,2,433.67999999999995,216.83999999999997,21,0.0,540.98,0
15002,3,1147.5900000000001,382.53000000000003,65,0.0,1641.76,0
15005,7,1050.71,150.10142857142858,135,0.08,6180.49,1
15012,1,191.06,191.06,46,0.0,423.04,0
15014,1,117.72999999999999,117.72999999999999,2,0.0,260.17,0
15018,1,111.25,111.25,5,0.0,456.26,0
15021,3,189.64000000000001,63.21333333333334,46,0.07017543859649122,1872.28,0
15023,2,1037.9,518.95,93,0.0,6763.16,1
15024,3,688.09,229.36333333333334,53,0.0,1661.33,0
15026,2,230.78,115.39,24,0.0,469.0,0
15027,5,952.77,190.554,27,0.06060606060606061,1051.95,0
15028,1,185.97,185.97,14,0.0,627.13,0
15030,1,152.76,152.76,3,0.0,518.28,0
15031,1,150.83,150.83,24,0.0,668.14,0
15032,2,2770.6,1385.3,28,0.0,4464.1,1
15033,2,749.8,374.9,90,0.0,2571.02,0
15034,4,1663.8600000000001,415.96500000000003,83,0.011235955056179775,4277.66,1
15036,2,245.69,122.845,49,0.0,465.55,0
15038,1,126.42999999999999,126.42999999999999,30,0.0,665.59,0
15039,16,6737.17,421.073125,222,0.006147540983606557,19786.44,1
15044,10,3190.7000000000003,319.07000000000005,106,0.028089887640449437,7629.38,1
15045,2,286.9,143.45,4,0.2,633.66,0
15046,5,1229.04,245.808,55,0.0,5064.01,1
15048,1,98.7,98.7,23,0.0,380.57,0
15051,1,377.74,377.74,34,0.0,1391.61,0
15053,1,222.65,222.65,19,0.0,697.79,0
15058,5,740.76,148.152,115,0.0,2124.9900000000002,0
15059,4,362.96,90.74,47,0.016666666666666666,1325.82,0
15061,23,23420.94,1018.3017391304347,54,0.01639344262295082,54228.74,1
15062,2,460.98,230.49,23,0.0,987.86,0
15065,4,1384.25,346.0625,71,0.04,3135.98,1
15067,1,848.05,848.05,35,0.0,1744.76,0
15068,1,239.95999999999998,239.95999999999998,39,0.0,553.36,0
15071,1,588.6700000000001,588.6700000000001,12,0.0,982.07,0
15073,3,430.98,143.66,22,0.3333333333333333,612.43,0
15078,10,2133.34,213.334,67,0.0603448275862069,9623.35,1
15079,3,507.29,169.09666666666666,27,0.03571428571428571,893.66,0
15081,1,111.15,111.15,8,0.0,487.35,0
15089,4,2182.93,545.7325,126,0.0,2420.84,0
15093,4,2424.06,606.015,49,0.029411764705882353,4410.14,1
15095,3,1031.92,343.97333333333336,29,0.05128205128205128,1364.7,0
15101,2,94.78,47.39,4,0.2,310.03,0
15104,2,1027.44,513.72,66,0.0,1002.54,0
15105,4,1717.57,429.3925,74,0.0,2298.93,0
15106,2,778.45,389.225,51,0.0,1407.73,0
15110,2,161.15,80.575,9,0.1,970.25,0
15111,1,288.5,288.5,16,0.0,1567.48,0
15114,3,717.91,239.3033333333333,41,0.0,2760.56,0
15116,2,790.97,395.485,20,0.0,1352.75,0
15117,1,312.4,312.4,8,0.0,1550.13,0
15121,1,295.15,295.15,18,0.0,457.72,0
15122,2,385.14,192.57,24,0.07692307692307693,1612.13,0
15123,1,1069.47,1069.47,53,0.0,2199.31,0
15124,1,90.75,90.75,9,0.0,184.19,0
15125,7,7213.03,1030.432857142857,75,0.08536585365853659,11117.05,1
15128,6,806.64,134.44,55,0.13043478260869565,1419.54,0
15129,4,1120.38,280.095,32,0.0,3447.4,1
15132,2,489.87,244.935,24,0.0,977.9300000000001,0
15133,2,657.9,328.95,16,0.0,982.42,0
15134,3,411.08,137.02666666666667,22,0.0,1387.99,0
15136,3,1025.55,341.84999999999997,48,0.018867924528301886,1282.45,0
15139,1,122.10000000000001,122.10000000000001,8,0.0,178.96,0
15140,4,1123.2,280.8,37,0.025,2350.0,0
15144,3,648.72,216.24,32,0.0,6530.04,1
15145,2,724.03,362.015,35,0.0,1194.73,0
15146,2,820.72,410.36,63,0.05970149253731343,1313.66,0
15150,2,1318.07,659.035,94,0.0,5303.97,1
15152,9,2321.76,257.97333333333336,110,0.050359712230215826,4684.24,1
15157,2,1055.22,527.61,54,0.03571428571428571,1869.5,0
15159,6,3352.2200000000003,558.7033333333334,81,0.0,18573.68,1
15163,1,155.0,155.0,10,0.0,304.47,0
15164,1,173.39000000000001,173.39000000000001,15,0.0,843.05,0
15172,2,526.2,263.1,38,0.0,1624.05,0
15179,2,1269.12,634.56,45,0.022222222222222223,2186.2,0
15181,2,-9.2,-4.6,2,1.0,680.28,0
15182,1,370.48,370.48,16,0.0,622.85,0
15184,1,235.23000000000002,235.23000000000002,20,0.0,406.76,0
15186,1,229.26,229.26,10,0.0,411.41,0
15187,5,1521.44,304.288,29,0.03333333333333333,4670.08,1
15189,15,2243.42,149.56133333333335,22,0.20408163265306123,15802.14,1
15192,1,315.0,315.0,15,0.0,1044.32,0
15194,9,2440.78,271.1977777777778,104,0.0703125,7521.17,1
15197,2,137.10000000000002,68.55000000000001,3,0.25,656.44,0
15199,2,657.15,328.575,3,0.0,1268.7,0
15201,4,590.49,147.6225,27,0.15555555555555556,927.84,0
15203,1,211.94,211.94,20,0.0,1827.8,0
15206,1,17.700000000000003,17.700000000000003,1,0.0,420.29999999999995,0
15208,1,65.4,65.4,3,0.0,867.62,0
15211,1,383.07,383.07,23,0.0,894.4100000000001,0
15214,2,651.63,325.815,46,0.0,1661.44,0
15215,2,-40.8,-20.4,2,1.0,615.99,0
15218,2,1109.51,554.755,38,0.0,5756.89,1
15220,4,838.15,209.5375,53,0.034482758620689655,1758.92,0
15227,2,625.07,312.535,26,0.0,1219.4,0
15228,1,904.85,904.85,32,0.0,3376.96,1
15235,9,1460.94,162.32666666666668,91,0.0,2247.51,0
15237,2,1093.65,546.825,74,0.0,1412.32,0
15238,4,757.3299999999999,189.33249999999998,37,0.05128205128205128,1056.54,0
15240,3,291.9,97.3,17,0.2631578947368421,1685.57,0
15241,3,579.45,193.15,42,0.023255813953488372,1738.59,0
15244,1,297.94,297.94,15,0.0,631.57,0
15245,2,1737.72,868.86,53,0.0,2515.84,0
15246,1,186.0,186.0,12,0.0,514.15,0
15249,6,2832.92,472.15333333333336,113,0.02040816326530612,6657.36,1
15251,4,5439.25,1359.8125,58,0.04918032786885246,10327.11,1
15252,1,300.55,300.55,14,0.0,740.78,0
15253,4,637.7,159.425,37,0.05,915.3,0
15260,2,420.5,210.25,17,0.0,1780.77,0
15267,2,1407.76,703.88,7,0.0,1717.36,0
15270,5,1272.35,254.46999999999997,19,0.125,2298.2,0
15271,2,364.84999999999997,182.42499999999998,40,0.0,2485.82,0
15281,5,1054.67,210.93400000000003,64,0.10666666666666667,2239.9500000000003,0
15288,1,165.65,165.65,26,0.0,2306.52,0
15289,1,375.45,375.45,19,0.0,935.1,0
15290,7,1052.48,150.3542857142857,33,0.0625,7803.7699999999995,1
15291,6,1329.95,221.65833333333333,30,0.05714285714285714,4596.51,1
15296,1,1199.33,1199.33,61,0.0,3610.31,1
15298,3,873.08,291.0266666666667,34,0.0,3774.1,1
15299,4,1769.1,442.275,4,0.25,3787.09,1
15301,1,673.37,673.37,34,0.0,5028.12,1
15304,3,223.65,74.55,5,0.1,680.3,0
15311,34,14120.07,415.29617647058825,289,0.02929427430093209,59419.340000000004,1
15312,2,285.99,142.995,16,0.058823529411764705,921.1,0
15321,1,1159.47,1159.47,38,0.0,2650.73,0
15329,1,-17.7,-17.7,3,1.0,1005.5,0
15339,1,257.9,257.9,40,0.0,557.57,0
15351,2,261.28,130.64,51,0.03773584905660377,1862.14,0
15353,1,311.65,311.65,12,0.0,777.02,0
15356,3,619.73,206.57666666666668,96,0.0,2766.5,1
15358,10,3368.05,336.805,184,0.017937219730941704,8234.8,1
15363,1,326.0,326.0,16,0.0,318.05,0
15364,1,331.80000000000007,331.80000000000007,3,0.0,913.19,0
15365,1,208.61,208.61,12,0.0,1330.45,0
15366,1,105.54,105.54,8,0.0,602.51,0
15367,3,1406.28,468.76,66,0.015151515151515152,1867.69,0
15370,2,754.22,377.11,36,0.0,2360.55,0
15373,5,697.1999999999999,139.44,29,0.125,2213.11,0
15376,1,654.17,654.17,57,0.0,1233.3600000000001,0
15379,5,2982.53,596.5060000000001,131,0.012578616352201259,3631.8900000000003,1
15380,1,230.10000000000002,230.10000000000002,1,0.0,1682.3600000000001,0
15382,3,1575.27,525.09,95,0.01,5927.86,1
15384,2,296.92,148.46,22,0.09090909090909091,635.76,0
15392,2,319.18,159.59,19,0.05,1515.73,0
15393,1,124.10000000000001,124.10000000000001,8,0.0,231.86,0
15394,1,587.66,587.66,24,0.0,2183.54,0
15400,1,346.1,346.1,5,0.0,666.7,0
15406,1,252.29,252.29,42,0.0,426.61,0
15407,2,329.86,164.93,49,0.0,1056.44,0
15410,5,2361.9300000000003,472.3860000000001,39,0.0,3450.84,1
15411,2,382.21,191.105,22,0.0,1346.38,0
15414,1,36.2,36.2,5,0.0,774.9000000000001,0
15416,2,2274.43,1137.215,96,0.0,3974.37,1
15421,1,295.06,295.06,16,0.0,950.36,0
15426,2,406.47,203.235,74,0.011494252873563218,1429.9,0
15433,2,533.3,266.65,40,0.0,417.87,0
15434,2,262.96,131.48,12,0.25,997.48,0
15436,1,489.05,489.05,124,0.0,1122.53,0
15440,2,237.66,118.83,25,0.0,383.68,0
15443,1,437.71,437.71,51,0.0,3212.16,1
15449,3,646.05,215.35,30,0.024390243902439025,971.22,0
15452,1,247.25,247.25,36,0.0,538.73,0
15453,3,485.01,161.67,77,0.0,1388.37,0
15462,2,169.8,84.9,7,0.0,234.6,0
15465,9,2759.66,306.62888888888887,25,0.04878048780487805,6945.0199999999995,1
15467,2,402.56,201.28,36,0.0,511.88,0
15468,1,-1.25,-1.25,1,1.0,438.46,0
15482,2,723.64,361.82,7,0.0,6568.72,1
15483,1,114.85,114.85,48,0.0,233.81,0
15485,2,1278.63,639.315,33,0.0,2575.0,0
15489,1,348.26,348.26,23,0.0,1090.03,0
15491,5,2400.71,480.142,99,0.007692307692307693,3090.85,1
15493,3,938.5,312.8333333333333,109,0.006944444444444444,1967.25,0
15494,1,1127.38,1127.38,87,0.0,1299.23,0
15497,2,968.1,484.05,10,0.09090909090909091,1259.7,0
15498,8,4374.56,546.82,180,0.004784688995215311,12396.46,1
15502,6,544.0,90.66666666666667,22,0.3,5541.46,1
15505,5,2716.16,543.232,64,0.014492753623188406,3497.14,1
15506,1,209.35,209.35,45,0.0,979.26,0
15512,1,101.2,101.2,6,0.0,121.0,0
15513,6,2261.62,376.93666666666667,45,0.02127659574468085,14520.08,1
15514,7,1000.47,142.92428571428573,43,0.3007518796992481,2963.19,1
15518,5,616.0,123.2,59,0.029850746268656716,1911.89,0
15521,5,1542.78,308.556,106,0.008064516129032258,2574.65,0
15525,1,313.93,313.93,44,0.0,811.02,0
15527,2,580.3,290.15,25,0.0,2348.82,0
15529,3,570.89,190.29666666666665,74,0.0,3967.78,1
15530,2,990.88,495.44,63,0.0,1502.35,0
15532,1,356.35,356.35,48,0.0,1517.08,0
15535,5,216.04000000000002,43.208000000000006,33,0.07317073170731707,459.9,0
15544,3,1199.1200000000001,399.7066666666667,71,0.0,3542.51,1
15545,1,135.32999999999998,135.32999999999998,31,0.0,292.71999999999997,0
15547,5,1716.44,343.288,145,0.0,4954.84,1
15549,2,904.6,452.3,57,0.016129032258064516,1655.76,0
15550,1,137.89999999999998,137.89999999999998,12,0.0,575.63,0
15555,4,984.72,246.18,89,0.010416666666666666,4758.2,1
15561,3,449.66999999999996,149.89,16,0.0,722.74,0
15563,1,270.19,270.19,22,0.0,1319.69,0
15569,1,288.5,288.5,7,0.0,1375.71,0
15570,7,1928.54,275.5057142857143,131,0.03825136612021858,4109.97,1
15572,3,876.04,292.0133333333333,74,0.0,2552.86,0
15574,3,590.15,196.71666666666667,125,0.0,702.25,0
15577,1,29.65,29.65,4,0.0,258.88,0
15579,1,199.6,199.6,25,0.0,348.6,0
15581,5,417.5,83.5,59,0.0,3429.9700000000003,1
15582,1,303.61,303.61,22,0.0,682.9100000000001,0
15584,2,292.68,146.34,43,0.0,722.61,0
15587,1,344.88,344.88,3,0.0,913.6800000000001,0
15594,2,263.66,131.83,15,0.0625,1767.53,0
15596,5,1051.05,210.20999999999998,44,0.04838709677419355,1343.34,0
15599,1,448.83,448.83,29,0.0,761.74,0
15601,9,3783.0,420.3333333333333,132,0.008928571428571428,6745.36,1
15602,9,203.26,22.584444444444443,11,0.3333333333333333,1083.63,0
15605,2,377.6,188.8,17,0.0,1198.23,0
15606,5,1505.47,301.094,33,0.0,2422.64,0
15608,3,971.28,323.76,58,0.0,1093.68,0
15611,4,315.6,78.9,5,0.125,1568.39,0
15615,5,2435.1,487.02,61,0.0,10360.04,1
15618,4,389.221,97.30525,22,0.14285714285714285,747.031,0
15620,1,424.49,424.49,31,0.0,1524.4,0
15622,9,2506.75,278.52777777777777,127,0.08,3224.53,1
15624,2,311.4,155.7,18,0.0,588.13,0
15625,4,929.02,232.255,38,0.041666666666666664,1504.56,0
15626,1,281.88,281.88,20,0.0,675.8,0
15628,1,319.18,319.18,19,0.0,2865.64,1
15630,2,390.91,195.455,21,0.045454545454545456,1180.4,0
15632,4,1226.6,306.65,51,0.015384615384615385,3147.31,1
15636,1,306.7,306.7,8,0.0,724.76,0
15640,6,4328.33,721.3883333333333,108,0.014084507042253521,12433.34,1
15641,2,762.16,381.08,48,0.0,1887.2,0
15643,3,664.0,221.33333333333334,31,0.0,647.4,0
15644,3,423.19,141.06333333333333,85,0.0,813.0,0
15646,1,189.8,189.8,17,0.0,425.14000000000004,0
15651,1,227.32,227.32,16,0.0,646.3,0
15656,2,306.86,153.43,19,0.0,748.5,0
15658,4,532.45,133.1125,21,0.2,958.9,0
15660,2,364.3,182.15,16,0.0,1552.01,0
15664,1,-27.799999999999997,-27.799999999999997,2,1.0,358.63,0
15669,2,434.74,217.37,25,0.0,677.69,0
15671,5,1016.13,203.226,41,0.038461538461538464,2635.4900000000002,0
15673,1,969.95,969.95,34,0.0,2881.02,1
15674,7,677.0799999999999,96.72571428571428,39,0.25925925925925924,1744.02,0
15675,1,45.0,45.0,3,0.0,323.69,0
15676,2,877.4,438.7,61,0.031746031746031744,3324.09,1
15679,2,260.26,130.13,18,0.0,781.28,0
15680,1,478.89,478.89,30,0.0,1333.68,0
15681,1,345.68,345.68,17,0.0,946.36,0
15687,5,1392.5,278.5,58,0.011904761904761904,2981.5,1
15689,1,103.5,103.5,6,0.0,254.1,0
15690,1,111.0,111.0,8,0.0,239.76,0
15694,5,1189.32,237.86399999999998,20,0.041666666666666664,6423.6,1
15696,6,1251.26,208.54333333333332,77,0.03333333333333333,2644.46,0
15701,3,1223.2,407.73333333333335,170,0.0,1542.14,0
15708,5,1616.13,323.226,79,0.018292682926829267,3329.7200000000003,1
15712,1,299.8,299.8,18,0.0,1072.3600000000001,0
15713,2,161.2,80.6,9,0.1,346.75,0
15716,1,547.1,547.1,35,0.0,1118.81,0
15719,5,1707.98,341.596,181,0.0,5043.96,1
15722,1,324.05,324.05,10,0.0,2181.21,0
15727,2,2091.6,1045.8,84,0.0,5178.96,1
15730,2,454.93,227.465,29,0.09375,1108.38,0
15732,1,138.1,138.1,5,0.0,294.12,0
15737,7,657.13,93.87571428571428,39,0.12,1121.21,0
15738,6,1268.99,211.49833333333333,28,0.038461538461538464,4788.77,1
15743,2,434.05,217.025,31,0.0,784.46,0
15745,1,302.85,302.85,18,0.0,1071.24,0
15747,2,549.47,274.735,26,0.0,974.04,0
15749,2,22998.4,11499.2,5,0.0,21535.9,1
15750,4,598.32,149.58,62,0.028985507246376812,2451.23,0
15752,1,259.65000000000003,259.65000000000003,14,0.0,2628.93,0
15754,1,91.8,91.8,6,0.0,455.67,0
15755,2,620.73,310.365,37,0.0,2318.88,0
15756,2,249.12,124.56,83,0.0,532.96,0
15757,1,261.36,261.36,16,0.0,714.42,0
15759,2,185.04,92.52,5,0.0,253.04,0
15764,1,1120.93,1120.93,59,0.0,3245.47,1
15768,3,439.15,146.38333333333333,19,0.05263157894736842,581.8299999999999,0
15769,5,10189.08,2037.816,15,0.0,51823.72,1
15777,4,727.65,181.9125,6,0.125,1021.61,0
15780,1,177.15,177.15,12,0.0,475.28000000000003,0
15781,1,83.35,83.35,5,0.0,333.56,0
15785,2,917.63,458.815,29,0.03333333333333333,2303.75,0
15791,2,1214.99,607.495,54,0.01818181818181818,1604.44,0
15793,1,306.64,306.64,3,0.0,948.96,0
15796,3,594.44,198.14666666666668,37,0.022222222222222223,2666.61,0
15797,2,1510.2,755.1,6,0.0,2207.4,0
15799,1,320.21999999999997,320.21999999999997,22,0.0,884.14,0
15800,1,244.5,244.5,14,0.0,699.08,0
15804,5,1826.91,365.382,103,0.008130081300813009,3848.55,1
15805,2,924.5600000000001,462.28000000000003,45,0.0,5452.17,1
15806,1,300.36,300.36,16,0.0,784.58,0
15809,2,262.22,131.11,16,0.0,399.21,0
15810,2,854.12,427.06,52,0.0,1145.43,0
15811,4,868.53,217.1325,45,0.0392156862745098,2171.32,0
15812,2,764.76,382.38,3,0.0,1801.14,0
15815,3,1394.08,464.6933333333333,12,0.0,2100.6,0
15819,2,1177.14,588.57,72,0.0,1905.45,0
15822,1,440.2,440.2,16,0.0,885.47,0
15826,1,720.0,720.0,28,0.0,1649.3600000000001,0
15827,7,473.52000000000004,67.64571428571429,27,0.125,1641.48,0
15831,2,255.94,127.97,18,0.05555555555555555,747.76,0
15834,1,-23.849999999999998,-23.849999999999998,2,1.0,2084.9,0
15835,2,488.31,244.155,25,0.0,954.09,0
15838,3,954.2,318.06666666666666,4,0.16666666666666666,33350.76,1
15839,2,790.36,395.18,48,0.0,1020.74,0
15840,2,231.84,115.92,17,0.05555555555555555,345.66,0
15841,1,331.6,331.6,7,0.0,1209.1,0
15845,2,1232.58,616.29,36,0.0,3650.87,1
15847,1,180.68,180.68,9,0.0,389.27,0
15850,1,118.88,118.88,41,0.0,238.85,0
15854,3,747.3000000000001,249.10000000000002,18,0.0,2974.65,1
15855,4,474.69,118.6725,50,0.0,712.24,0
15856,5,4330.51,866.1020000000001,46,0.013513513513513514,16173.67,1
15858,2,816.22,408.11,91,0.0,1438.85,0
15860,1,102.66,102.66,14,0.0,977.21,0
15861,2,722.48,361.24,108,0.0,3000.36,1
15862,1,354.23,354.23,64,0.0,832.88,0
15863,1,9.2,9.2,2,0.0,68.84,0
15864,2,228.52,114.26,6,0.3333333333333333,1769.7800000000002,0
15865,1,313.93,313.93,16,0.0,895.13,0
15867,6,1070.1200000000001,178.35333333333335,126,0.0,3797.79,1
15874,6,2136.2000000000003,356.03333333333336,81,0.056179775280898875,4330.67,1
15882,3,350.32000000000005,116.77333333333335,16,0.058823529411764705,495.36,0
15885,1,15.0,15.0,1,0.0,379.35,0
15889,1,297.92,297.92,57,0.0,446.87,0
15894,1,156.74,156.74,32,0.0,263.55,0
15898,2,521.69,260.845,60,0.0,1384.68,0
15901,2,233.35,116.675,59,0.0,363.88,0
15903,3,641.22,213.74,19,0.037037037037037035,5126.34,1
15906,4,637.26,159.315,53,0.015384615384615385,1521.79,0
15907,2,529.52,264.76,93,0.0,967.45,0
15910,3,429.79,143.26333333333335,101,0.0,1232.18,0
15916,4,556.76,139.19,44,0.041666666666666664,1491.24,0
15919,1,270.72,270.72,38,0.0,639.89,0
15932,6,1260.48,210.08,44,0.05555555555555555,2461.85,0
15938,3,242.6,80.86666666666666,7,0.0,404.58,0
15939,8,3102.2000000000003,387.77500000000003,26,0.023809523809523808,6102.26,1
15950,1,428.82000000000005,428.82000000000005,28,0.0,1705.26,0
15951,1,375.16999999999996,375.16999999999996,22,0.0,669.57,0
15952,2,327.8,163.9,25,0.0,806.57,0
15953,4,635.3199999999999,158.82999999999998,30,0.05405405405405406,1634.53,0
15955,1,572.38,572.38,20,0.0,4389.81,1
15965,1,156.19,156.19,16,0.0,845.64,0
15967,1,173.8,173.8,32,0.0,418.83,0
15969,1,308.7,308.7,10,0.0,582.9,0
15971,4,1086.15,271.5375,6,0.0,4199.85,1
15973,2,110.72000000000003,55.360000000000014,4,0.2,99.77000000000002,0
15974,4,1560.89,390.2225,69,0.012987012987012988,3429.55,1
15980,1,760.18,760.18,20,0.0,2398.86,0
15981,3,1390.8,463.59999999999997,22,0.0,3408.48,1
15983,3,1148.27,382.75666666666666,57,0.0,1475.02,0
15984,4,569.89,142.4725,55,0.0,2816.97,1
15985,2,794.58,397.29,27,0.03571428571428571,1037.42,0
15987,1,113.48,113.48,9,0.0,1451.28,0
15990,1,401.37,401.37,23,0.0,792.11,0
15996,2,485.54,242.77,60,0.0,1044.78,0
15998,1,863.39,863.39,118,0.0,3084.17,1
16003,1,1181.0,1181.0,20,0.0,2735.37,0
16005,2,298.08,149.04,77,0.0,615.39,0
16007,2,733.45,366.725,128,0.0,1701.94,0
16008,1,139.15,139.15,6,0.0,478.78,0
16009,1,462.19,462.19,55,0.0,992.71,0
16010,1,110.1,110.1,24,0.0,407.5,0
16011,4,753.19,188.2975,46,0.0,3362.71,1
16012,2,1132.12,566.06,49,0.0,1415.29,0
16013,13,5880.2,452.3230769230769,9,0.09523809523809523,33366.25,1
16014,1,262.93,262.93,58,0.0,653.13,0
16016,2,373.77,186.885,59,0.014285714285714285,1483.31,0
16018,1,161.9,161.9,15,0.0,408.90000000000003,0
16019,4,1953.5,488.375,50,0.0,3450.2400000000002,1
16023,2,500.69,250.345,59,0.0,719.81,0
16027,4,434.17,108.5425,6,0.125,852.12,0
16029,16,19362.27,1210.141875,21,0.017241379310344827,50992.61,1
16031,1,305.63,305.63,39,0.0,548.94,0
16033,6,1249.6,208.26666666666665,128,0.02185792349726776,8727.61,1
16034,1,153.6,153.6,9,0.0,437.7,0
16036,1,188.73,188.73,11,0.0,758.92,0
16038,3,375.88,125.29333333333334,23,0.08,454.33000000000004,0
16040,1,422.43,422.43,22,0.0,1313.55,0
16041,2,2739.8,1369.9,5,0.0,3166.4,1
16042,3,-24.95,-8.316666666666666,2,0.6666666666666666,1147.37,0
16043,2,451.95,225.975,18,0.0,773.99,0
16045,2,861.25,430.625,53,0.0,1340.7,0
16048,2,256.44,128.22,8,0.0,243.69000000000003,0
16057,5,974.24,194.848,58,0.14285714285714285,2140.2200000000003,0
16059,2,263.25,131.625,45,0.0,1459.8600000000001,0
16062,1,247.56,247.56,7,0.0,1153.62,0
16066,3,857.67,285.89,55,0.0,1521.87,0
16076,3,887.8000000000001,295.93333333333334,49,0.0,2173.53,0
16080,2,89.7,44.85,5,0.16666666666666666,176.6,0
16081,1,157.6,157.6,21,0.0,2806.9,1
16083,1,337.98,337.98,17,0.0,1317.62,0
16085,2,325.04,162.52,48,0.0,981.51,0
16086,2,278.45,139.225,11,0.0,1119.31,0
16092,3,585.23,195.07666666666668,32,0.02631578947368421,779.36,0
16094,1,-24.7,-24.7,2,1.0,1041.83,0
16098,2,852.4,426.2,16,0.0,2005.63,0
16099,2,592.1,296.05,26,0.0,731.9,0
16103,4,1156.4,289.1,24,0.0,1429.64,0
16107,3,1494.1200000000001,498.04,16,0.0,3204.1600000000003,1
16110,2,693.93,346.965,173,0.0,1337.48,0
16112,2,136.14,68.07,10,0.0,195.73999999999998,0
16115,3,510.9,170.29999999999998,83,0.0,1667.97,0
16121,1,287.89,287.89,60,0.0,867.11,0
16122,2,249.84,124.92,16,0.0,684.4200000000001,0
16126,1,891.35,891.35,22,0.0,6287.77,1
16128,1,388.3,388.3,20,0.0,1880.22,0
16131,2,1664.52,832.26,32,0.0,3506.54,1
16133,8,3513.08,439.135,58,0.05555555555555555,14305.66,1
16134,2,269.13,134.565,16,0.15789473684210525,603.69,0
16136,1,159.3,159.3,8,0.0,709.38,0
16139,1,139.79999999999998,139.79999999999998,6,0.0,635.41,0
16140,1,124.14,124.14,7,0.0,703.77,0
16143,4,1207.75,301.9375,42,0.018867924528301886,2419.84,0
16145,5,965.62,193.124,47,0.07142857142857142,3741.98,1
16149,1,163.68,163.68,11,0.0,280.52,0
16150,2,333.37,166.685,22,0.15384615384615385,1906.07,0
16153,1,215.01,215.01,10,0.0,1824.23,0
16156,3,596.86,198.95333333333335,27,0.09375,3024.62,1
16161,10,1215.54,121.554,132,0.062146892655367235,5352.97,1
16163,1,441.6,441.6,5,0.0,441.59999999999997,0
16168,2,403.5,201.75,6,0.0,3770.6,1
16170,4,940.24,235.06,55,0.03278688524590164,1880.4199999999998,0
16172,2,551.35,275.675,36,0.0,1140.21,0
16175,3,736.89,245.63,34,0.0,1037.59,0
16180,5,4327.28,865.4559999999999,78,0.0,10217.48,1
16182,1,825.0,825.0,4,0.0,6617.65,1
16184,3,564.82,188.27333333333334,13,0.0,1155.54,0
16185,1,335.0,335.0,19,0.0,529.41,0
16186,1,307.68,307.68,20,0.0,3991.94,1
16187,7,2564.64,366.3771428571428,89,0.0,6841.24,1
16188,2,565.77,282.885,39,0.0,981.86,0
16191,14,1954.68,139.62,25,0.22916666666666666,4913.32,1
16200,1,550.57,550.57,58,0.0,1080.6200000000001,0
16201,3,1354.07,451.3566666666666,66,0.0,1821.52,0
16203,2,166.95,83.475,11,0.08333333333333333,589.15,0
16205,1,112.35,112.35,27,0.0,761.38,0
16206,1,161.3,161.3,24,0.0,537.0600000000001,0
16208,1,497.59,497.59,40,0.0,664.26,0
16209,3,1904.26,634.7533333333333,29,0.0,2262.62,0
16210,6,8876.94,1479.49,32,0.0,21086.3,1
16212,2,489.0,244.5,30,0.0625,681.19,0
16214,2,749.67,374.835,30,0.0,1062.75,0
16218,1,471.3,471.3,28,0.0,3054.87,1
16221,1,166.74,166.74,12,0.0,864.86,0
16224,2,543.21,271.605,43,0.0,1295.3,0
16225,2,416.61,208.305,61,0.0,1096.32,0
16229,1,358.2,358.2,12,0.0,1010.6,0
16232,3,725.04,241.67999999999998,23,0.0,983.23,0
16233,4,211.95000000000002,52.987500000000004,9,0.25,422.13,0
16235,3,335.56,111.85333333333334,18,0.09523809523809523,858.41,0
16239,2,306.6,153.3,15,0.11764705882352941,372.9,0
16241,2,438.03000000000003,219.01500000000001,67,0.0,2607.87,0
16242,3,387.95,129.31666666666666,41,0.022222222222222223,3598.26,1
16244,1,1056.63,1056.63,63,0.0,1522.75,0
16245,2,445.13,222.565,30,0.03225806451612903,1352.3600000000001,0
16249,2,1020.53,510.265,26,0.0,1800.07,0
16250,1,226.14,226.14,14,0.0,389.44,0
16253,1,1700.4,1700.4,53,0.0,3665.62,1
16255,3,893.21,297.7366666666667,61,0.0,2609.3,0
16258,3,2986.26,995.4200000000001,71,0.0,5203.51,1
16261,1,254.96,254.96,50,0.0,746.83,0
16265,5,2432.64,486.52799999999996,108,0.00819672131147541,5423.15,1
16266,6,761.12,126.85333333333334,37,0.0,861.89,0
16271,1,133.22,133.22,16,0.0,1423.29,0
16279,1,-12.9,-12.9,2,1.0,1496.68,0
16283,4,582.45,145.6125,59,0.013333333333333334,1531.51,0
16293,1,378.75,378.75,16,0.0,2236.7400000000002,0
16298,1,114.3,114.3,7,0.0,598.2,0
16303,1,827.1800000000001,827.1800000000001,35,0.0,5305.83,1
16306,8,564.47,70.55875,35,0.07317073170731707,602.27,0
16308,2,960.0,480.0,1,0.0,2560.0,0
16309,1,334.2,334.2,21,0.0,686.67,0
16316,6,1100.67,183.44500000000002,46,0.0425531914893617,2755.56,0
16317,1,570.76,570.76,30,0.0,1341.65,0
16321,4,155.70000000000002,38.925000000000004,5,0.2,230.70000000000002,0
16325,3,362.92,120.97333333333334,11,0.07142857142857142,510.54,0
16326,2,426.63,213.315,39,0.0,3085.96,1
16327,2,1158.22,579.11,73,0.0,3844.22,1
16330,3,39.26,13.086666666666666,17,0.10526315789473684,242.21,0
16332,1,122.3,122.3,10,0.0,1583.2,0
16333,13,11754.800000000001,904.2153846153847,8,0.0,26626.8,1
16341,2,792.21,396.105,29,0.09375,1959.38,0
16342,3,283.71,94.57,10,0.0,322.41,0
16348,3,583.3199999999999,194.43999999999997,90,0.0,1469.45,0
16350,2,360.7,180.35,23,0.12,1100.47,0
16353,8,1295.2,161.9,7,0.0,6675.71,1
16357,2,257.95,128.975,9,0.0,658.88,0
16358,2,459.6,229.8,22,0.043478260869565216,2024.95,0
16359,6,593.81,98.96833333333332,32,0.075,1460.3700000000001,0
16364,1,347.55,347.55,28,0.0,707.04,0
16365,2,368.46,184.23,7,0.0,1540.42,0
16367,1,170.91,170.91,33,0.0,804.49,0
16369,1,354.45,354.45,15,0.0,1553.66,0
16370,2,546.58,273.29,88,0.0,1320.56,0
16374,1,156.3,156.3,26,0.0,473.03000000000003,0
16383,1,309.46,309.46,48,0.0,668.36,0
16384,1,409.1,409.1,24,0.0,584.5,0
16385,1,148.23000000000002,148.23000000000002,19,0.0,555.89,0
16386,1,61.10000000000001,61.10000000000001,4,0.0,317.2,0
16389,2,670.17,335.085,16,0.0,1362.27,0
16393,4,488.95,122.2375,44,0.037037037037037035,2941.05,1
16394,3,607.48,202.49333333333334,47,0.10714285714285714,1412.06,0
16395,2,450.56,225.28,56,0.0,1486.9,0
16398,2,1150.05,575.025,63,0.015625,1631.15,0
16399,1,178.41,178.41,31,0.0,408.57,0
16401,3,972.4,324.1333333333333,25,0.0,4061.24,1
16402,1,211.8,211.8,53,0.0,299.6,0
16407,4,600.34,150.085,39,0.0,2126.93,0
16409,2,803.5600000000001,401.78000000000003,99,0.0,2028.88,0
16411,1,131.5,131.5,19,0.0,214.65,0
16414,1,50.8,50.8,3,0.0,126.25,0
16418,1,145.91,145.91,18,0.0,675.27,0
16419,3,504.18,168.06,22,0.04,959.48,0
16422,19,7601.610000000001,400.0847368421053,46,0.054945054945054944,33805.69,1
16424,1,-51.0,-51.0,1,1.0,82.56,0
16426,1,328.37,328.37,11,0.0,1908.25,0
16434,2,522.95,261.475,27,0.0,1522.25,0
16440,1,272.46,272.46,35,0.0,3640.67,1
16441,1,211.0,211.0,12,0.0,381.2,0
16442,1,151.66,151.66,44,0.0,616.79,0
16444,3,224.18,74.72666666666667,39,0.0425531914893617,638.77,0
16446,1,2.9,2.9,2,0.0,2.8999999999941792,0
16454,1,-15.05,-15.05,1,1.0,0.01,0
16455,3,531.98,177.32666666666668,30,0.0,1841.18,0
16456,2,1236.68,618.34,52,0.0,2158.37,0
16458,3,567.4,189.13333333333333,19,0.0,3482.7400000000002,1
16462,1,34.0,34.0,1,0.0,102.0,0
16463,2,314.42,157.21,19,0.05,1383.7,0
16464,2,998.25,499.125,141,0.0,1314.68,0
16466,2,324.07,162.035,29,0.0,1603.46,0
16469,2,276.88,138.44,52,0.0,650.43,0
16470,2,211.39000000000001,105.69500000000001,39,0.025,757.44,0
16473,3,216.56,72.18666666666667,13,0.07142857142857142,314.86,0
16474,6,1022.84,170.47333333333333,157,0.01327433628318584,1811.47,0
16475,1,310.0,310.0,20,0.0,544.3,0
16477,3,961.71,320.57,59,0.0,2494.46,0
16488,3,347.97,115.99000000000001,22,0.08333333333333333,492.2,0
16493,2,367.8,183.9,11,0.0,1329.66,0
16495,2,246.51,123.255,32,0.0,684.41,0
16496,1,736.7,736.7,41,0.0,1562.22,0
16497,3,687.6800000000001,229.2266666666667,34,0.0,2965.69,1
16500,1,165.0,165.0,1,0.0,400.86,0
16503,3,831.29,277.09666666666664,49,0.03773584905660377,1421.43,0
16511,1,340.75,340.75,54,0.0,950.26,0
16515,2,622.33,311.165,48,0.0,1627.13,0
16518,2,187.29999999999998,93.64999999999999,11,0.15384615384615385,480.92,0
16519,1,103.7,103.7,5,0.0,215.07999999999998,0
16520,1,325.76,325.76,60,0.0,1036.6200000000001,0
16523,5,1819.3,363.86,53,0.0,9295.67,1
16525,7,3064.13,437.73285714285714,38,0.0,11895.57,1
16531,3,484.83,161.60999999999999,29,0.0,1244.59,0
16532,1,1910.4,1910.4,1,0.0,6748.8,1
16539,2,747.25,373.625,29,0.0,1388.81,0
16549,1,119.49000000000001,119.49000000000001,33,0.0,4154.64,1
16550,2,545.61,272.805,48,0.058823529411764705,2266.25,0
16551,1,311.07,311.07,11,0.0,922.12,0
16552,1,95.29,95.29,5,0.0,379.73,0
16553,4,1941.19,485.2975,25,0.04,5664.57,1
16554,2,-5.1000000000000005,-2.5500000000000003,2,0.5,641.55,0
16556,2,950.99,475.495,56,0.0,3313.79,1
16557,1,101.15,101.15,6,0.0,281.85,0
16558,6,1414.66,235.77666666666667,62,0.05952380952380952,8257.04,1
16560,1,332.18,332.18,20,0.0,816.51,0
16566,1,94.89999999999999,94.89999999999999,2,0.0,614.01,0
16567,1,557.5600000000001,557.5600000000001,26,0.0,865.6,0
16570,4,858.99,214.7475,33,0.08823529411764706,3622.95,1
16571,1,436.68,436.68,29,0.0,1285.22,0
16572,1,342.58,342.58,21,0.0,999.7,0
16573,2,282.38,141.19,16,0.15789473684210525,648.41,0
16584,2,583.89,291.945,14,0.17647058823529413,908.03,0
16589,3,459.24,153.08,31,0.0,459.24,0
16592,8,1128.93,141.11625,56,0.06944444444444445,4073.28,1
16593,1,69.6,69.6,1,0.0,330.03,0
16596,1,120.65,120.65,6,0.0,250.15,0
16600,2,237.46,118.73,18,0.0,813.52,0
16607,5,807.78,161.55599999999998,33,0.027777777777777776,3038.67,1
16609,3,1987.6200000000001,662.5400000000001,87,0.0,5450.96,1
16612,1,280.05,280.05,18,0.0,1187.66,0
16616,1,210.10000000000002,210.10000000000002,11,0.0,500.42,0
16618,2,1082.82,541.41,35,0.0,2630.64,0
16620,1,95.75999999999999,95.75999999999999,5,0.0,178.96,0
16621,2,490.7,245.35,14,0.0,813.48,0
16624,1,426.43,426.43,21,0.0,810.5699999999999,0
16626,3,1389.78,463.26,68,0.013513513513513514,4379.65,1
16628,2,712.91,356.455,35,0.0,2183.04,0
16633,2,703.32,351.66,38,0.0,2878.15,1
16634,1,164.8,164.8,8,0.0,217.9,0
16637,1,303.62,303.62,16,0.0,1124.59,0
16638,5,957.44,191.488,49,0.0,1676.47,0
16639,2,471.15000000000003,235.57500000000002,19,0.0,1169.38,0
16642,2,299.23,149.615,15,0.0625,679.83,0
16652,5,3007.2200000000003,601.4440000000001,37,0.041666666666666664,6654.26,1
16654,1,227.4,227.4,9,0.0,594.97,0
16655,1,812.25,812.25,39,0.0,3794.52,1
16656,5,1355.17,271.034,10,0.16666666666666666,8568.24,1
16657,1,242.55,242.55,65,0.0,933.62,0
16660,1,282.59999999999997,282.59999999999997,4,0.0,810.4499999999999,0
16667,1,203.35,203.35,20,0.0,570.13,0
16668,2,122.58,61.29,8,0.0,306.71999999999997,0
16670,6,1355.09,225.84833333333333,75,0.031914893617021274,4022.46,1
16671,1,1382.88,1382.88,3,0.0,1692.27,0
16672,14,4606.89,329.06357142857144,23,0.02666666666666667,8093.59,1
16676,1,464.82,464.82,29,0.0,1558.72,0
16678,6,1264.15,210.6916666666667,52,0.028169014084507043,3013.83,1
16681,3,875.84,291.94666666666666,13,0.0,1770.34,0
16682,2,626.3,313.15,15,0.0,1028.0,0
16684,7,9659.34,1379.9057142857143,44,0.01694915254237288,65892.08,1
16686,4,686.4,171.6,157,0.015625,3043.48,1
16690,1,86.5,86.5,5,0.0,208.63,0
16693,1,157.56,157.56,21,0.0,482.01,0
16696,3,558.9000000000001,186.30000000000004,7,0.0,657.9000000000001,0
16700,3,1278.3,426.09999999999997,67,0.0,5040.0,1
16701,4,1196.47,299.1175,22,0.07407407407407407,5150.2699999999995,1
16705,6,3610.66,601.7766666666666,54,0.06451612903225806,13946.130000000001,1
16709,4,1984.5900000000001,496.14750000000004,42,0.0,3029.87,1
16710,2,524.97,262.485,67,0.0,2483.04,0
16711,2,598.8000000000001,299.40000000000003,3,0.0,1651.03,0
16712,4,1204.37,301.0925,119,0.0,3645.43,1
16713,7,1583.3700000000001,226.1957142857143,106,0.028368794326241134,6840.2300000000005,1
16714,3,896.53,298.8433333333333,76,0.010752688172043012,911.53,0
16717,2,278.15000000000003,139.07500000000002,17,0.16666666666666666,3278.36,1
16719,4,736.01,184.0025,63,0.024691358024691357,1773.92,0
16722,4,1112.43,278.1075,45,0.017543859649122806,4711.21,1
16726,3,603.79,201.26333333333332,68,0.0,1382.02,0
16728,2,326.93,163.465,82,0.0,1054.67,0
16729,16,3977.73,248.608125,128,0.015197568389057751,7076.28,1
16730,3,440.62,146.87333333333333,35,0.05128205128205128,702.79,0
16735,1,660.36,660.36,33,0.0,2269.21,0
16743,2,791.0600000000001,395.53000000000003,44,0.0,2191.84,0
16744,3,403.51,134.50333333333333,74,0.0,1304.76,0
16745,7,2558.52,365.5028571428571,103,0.0,7170.7,1
16746,3,1262.89,420.96333333333337,84,0.0,6694.31,1
16748,2,609.8,304.9,18,0.0,1515.9,0
16750,1,118.7,118.7,10,0.0,623.93,0
16755,2,908.47,454.235,80,0.0,1484.63,0
16762,1,314.15000000000003,314.15000000000003,13,0.0,1501.38,0
16764,7,1323.58,189.08285714285714,151,0.0,2758.25,0
16767,2,2230.86,1115.43,62,0.0,5580.6,1
16768,1,183.25,183.25,23,0.0,458.04,0
16770,4,506.3,126.575,60,0.014925373134328358,744.9,0
16771,3,1655.95,551.9833333333333,154,0.0,2246.81,0
16774,4,535.6,133.9,20,0.030303030303030304,654.92,0
16775,3,577.1,192.36666666666667,32,0.0,1695.66,0
16777,1,177.25,177.25,35,0.0,226.35,0
16778,1,93.18,93.18,5,0.0,245.94,0
16779,9,2478.08,275.34222222222223,78,0.030303030303030304,10454.05,1
16780,1,161.89,161.89,15,0.0,425.19,0
16782,6,895.94,149.32333333333335,78,0.025210084033613446,2242.25,0
16788,1,297.17,297.17,61,0.0,597.48,0
16791,2,407.28,203.64,70,0.0,1706.28,0
16794,5,615.8,123.16,100,0.006493506493506494,1201.51,0
16801,4,726.98,181.745,70,0.38461538461538464,867.83,0
16804,1,118.05,118.05,19,0.0,536.99,0
16805,1,214.77,214.77,55,0.0,460.59,0
16806,3,541.56,180.51999999999998,42,0.0,801.49,0
16807,2,651.83,325.915,37,0.0,1121.59,0
16808,1,166.5,166.5,19,0.0,288.42,0
16809,3,341.13,113.71,55,0.015151515151515152,912.74,0
16810,1,-33.9,-33.9,1,1.0,275.64,0
16813,5,899.39,179.878,177,0.0,1692.98,0
16814,7,2120.11,302.8728571428572,63,0.0,6500.6,1
16816,2,325.45,162.725,20,0.0,417.06,0
16817,3,324.8,108.26666666666667,17,0.21052631578947367,1446.95,0
16818,9,1941.05,215.67222222222222,106,0.017699115044247787,3317.97,1
16824,1,222.9,222.9,13,0.0,460.64,0
16825,1,318.7,318.7,11,0.0,775.1800000000001,0
16833,3,671.29,223.76333333333332,32,0.0,1106.53,0
16835,1,81.75,81.75,5,0.0,180.85,0
16837,10,1908.49,190.849,77,0.01098901098901099,3167.73,1
16838,3,582.9,194.29999999999998,24,0.038461538461538464,582.9,0
16839,9,3238.9500000000003,359.8833333333334,34,0.038461538461538464,15357.78,1
16841,2,636.5,318.25,40,0.0,1774.62,0
16842,1,520.5699999999999,520.5699999999999,30,0.0,1260.44,0
16843,4,2381.27,595.3175,51,0.017543859649122806,10183.82,1
16852,1,113.06,113.06,7,0.0,144.91000000000003,0
16859,1,259.84,259.84,18,0.0,473.14,0
16861,1,-22.110000000000003,-22.110000000000003,2,1.0,151.65,0
16863,2,162.8,81.4,9,0.1,481.35,0
16869,2,387.68,193.84,56,0.0,805.62,0
16871,5,1986.97,397.394,104,0.018518518518518517,2761.4900000000002,0
16872,2,464.68000000000006,232.34000000000003,3,0.0,680.02,0
16873,2,2127.89,1063.945,68,0.02857142857142857,7066.31,1
16875,4,763.24,190.81,41,0.11538461538461539,2023.47,0
16877,2,188.98,94.49,46,0.0,853.72,0
16880,6,1109.02,184.83666666666667,92,0.0,1519.08,0
16882,2,215.70000000000002,107.85000000000001,15,0.0,705.12,0
16883,1,128.03,128.03,17,0.0,276.73,0
16885,1,190.65,190.65,27,0.0,471.51,0
16889,1,523.05,523.05,47,0.0,1578.67,0
16891,1,232.26,232.26,63,0.0,809.7,0
16892,1,-15.95,-15.95,1,1.0,496.84000000000003,0
16898,2,51.730000000000004,25.865000000000002,30,0.030303030303030304,444.46,0
16899,1,170.55,170.55,16,0.0,1281.56,0
16904,4,632.4100000000001,158.10250000000002,94,0.0,3754.27,1
16905,1,254.39999999999998,254.39999999999998,10,0.0,3085.48,1
16906,3,394.94,131.64666666666668,33,0.0,579.77,0
16907,2,432.7,216.35,51,0.0,981.65,0
16912,4,727.1800000000001,181.79500000000002,29,0.058823529411764705,2528.67,0
16915,2,166.79,83.395,26,0.0,621.6800000000001,0
16916,1,198.08,198.08,48,0.0,576.26,0
16918,1,275.78,275.78,31,0.0,1043.34,0
16919,2,540.01,270.005,54,0.0,2596.45,0
16923,7,1519.14,217.02,117,0.10326086956521739,6666.83,1
16927,2,341.45,170.725,5,0.0,543.05,0
16928,4,265.15,66.2875,10,0.16666666666666666,2781.5,1
16929,3,539.72,179.90666666666667,27,0.0,1295.39,0
16931,4,882.19,220.5475,155,0.0,4604.22,1
16933,3,208.03,69.34333333333333,21,0.13043478260869565,530.08,0
16938,1,267.6,267.6,14,0.0,1903.13,0
16940,1,757.68,757.68,82,0.0,3049.88,1
16942,7,1230.77,175.8242857142857,105,0.011695906432748537,1894.11,0
16943,2,644.63,322.315,21,0.0,816.73,0
16945,5,1169.54,233.908,53,0.0,4345.5,1
16948,2,240.54000000000002,120.27000000000001,8,0.0,435.02,0
16949,2,202.21,101.105,14,0.0,1161.27,0
16950,1,172.0,172.0,3,0.0,1178.56,0
16951,1,1053.79,1053.79,70,0.0,1262.75,0
16954,2,761.1,380.55,28,0.0,2085.08,0
16955,4,329.98,82.495,14,0.0625,493.67,0
16960,1,201.53,201.53,45,0.0,507.05,0
16966,6,1480.56,246.76,8,0.08333333333333333,2148.47,0
16968,1,253.31,253.31,15,0.0,439.43,0
16969,2,478.96000000000004,239.48000000000002,32,0.0,650.41,0
16979,2,337.2,168.6,11,0.08333333333333333,1809.05,0
16983,2,358.75,179.375,22,0.0,1920.2,0
16985,5,2099.96,419.992,38,0.02040816326530612,5461.62,1
16987,3,629.45,209.8166666666667,29,0.0,1625.05,0
16989,4,1027.65,256.9125,7,0.0,1133.25,0
16992,2,409.15000000000003,204.57500000000002,28,0.07142857142857142,1601.8600000000001,0
16996,5,361.09000000000003,72.218,11,0.13333333333333333,1427.46,0
16998,1,90.0,90.0,1,0.0,287.02000000000004,0
17001,3,1106.09,368.69666666666666,36,0.0,3989.57,1
17002,2,993.52,496.76,24,0.0,1487.78,0
17007,3,194.62,64.87333333333333,12,0.07692307692307693,877.4300000000001,0
17015,1,524.5,524.5,116,0.0,1842.56,0
17017,7,2863.16,409.0228571428571,54,0.022222222222222223,8574.11,1
17018,1,405.0,405.0,6,0.0,920.1,0
17019,2,629.91,314.955,81,0.0,1272.61,0
17024,2,56.25,28.125,1,0.0,95.85,0
17025,2,160.97,80.485,5,0.0,357.77,0
17026,1,33.15,33.15,3,0.0,154.82999999999998,0
17027,4,402.18,100.545,68,0.02247191011235955,848.59,0
17029,1,358.0,358.0,1,0.0,716.0,0
17031,1,225.95,225.95,13,0.0,380.35,0
17033,1,307.8,307.8,8,0.0,1030.14,0
17034,1,141.79999999999998,141.79999999999998,6,0.0,734.5699999999999,0
17041,2,288.7,144.35,17,0.05555555555555555,1065.77,0
17042,2,495.39,247.695,51,0.0,1044.3799999999999,0
17043,2,324.96999999999997,162.48499999999999,27,0.0,1735.18,0
17044,1,-35.1,-35.1,3,1.0,897.4300000000001,0
17045,1,39.95,39.95,1,0.0,339.44,0
17047,2,749.4300000000001,374.71500000000003,40,0.0,1100.9,0
17048,4,739.32,184.83,36,0.09523809523809523,864.32,0
17049,3,1581.8,527.2666666666667,65,0.0,5594.78,1
17050,4,2200.84,550.21,146,0.0,3228.84,1
17054,3,918.82,306.27333333333337,46,0.0,1353.83,0
17058,2,819.66,409.83,42,0.0,1179.89,0
17059,1,722.36,722.36,115,0.0,3095.04,1
17061,10,4135.33,413.533,48,0.02857142857142857,5116.13,1
17063,3,309.42,103.14,20,0.047619047619047616,1421.59,0
17064,1,147.85,147.85,21,0.0,859.35,0
17068,5,1037.85,207.57,56,0.0,4531.34,1
17069,3,569.7,189.9,22,0.13333333333333333,2655.2200000000003,0
17071,5,773.13,154.626,41,0.057692307692307696,2385.48,0
17073,3,1166.72,388.9066666666667,116,0.0,1446.09,0
17075,4,675.72,168.93,49,0.046153846153846156,813.77,0
17076,2,334.2,167.1,11,0.0,841.0799999999999,0
17080,2,74.2,37.1,1,0.5,285.5,0
17082,1,636.94,636.94,24,0.0,2003.85,0
17083,2,996.02,498.01,22,0.0,1405.78,0
17085,4,962.8000000000001,240.70000000000002,87,0.017094017094017096,1555.05,0
17088,2,1399.1100000000001,699.5550000000001,72,0.0,1991.01,0
17090,2,462.0,231.0,11,0.0,2041.8500000000001,0
17091,3,863.2,287.73333333333335,50,0.05660377358490566,3802.81,1
17092,1,134.9,134.9,10,0.0,1777.78,0
17095,4,325.85,81.4625,34,0.05555555555555555,1088.2,0
17096,1,133.49,133.49,9,0.0,992.6800000000001,0
17097,2,287.64,143.82,60,0.0,937.92,0
17101,1,230.57999999999998,230.57999999999998,17,0.0,1621.73,0
17105,1,319.4,319.4,38,0.0,665.78,0
17107,2,4118.81,2059.405,146,0.0,10380.43,1
17109,2,464.59000000000003,232.29500000000002,52,0.0,869.6800000000001,0
17114,4,384.49,96.1225,54,0.030303030303030304,747.22,0
17115,4,582.22,145.555,28,0.1111111111111111,806.9000000000001,0
17126,3,505.32,168.44,100,0.008,991.85,0
17133,3,2478.79,826.2633333333333,9,0.0,4892.240000000001,1
17134,1,330.5,330.5,19,0.0,425.0,0
17135,2,500.55,250.275,19,0.0,1139.73,0
17139,5,4690.7,938.14,183,0.009569377990430622,10585.57,1
17146,1,298.25,298.25,16,0.0,749.78,0
17147,3,374.55,124.85000000000001,20,0.18181818181818182,1679.64,0
17155,1,143.3,143.3,9,0.0,251.70000000000002,0
17157,2,149.01,74.505,8,0.2,306.55,0
17158,1,413.79,413.79,25,0.0,1266.97,0
17159,1,528.45,528.45,30,0.0,1534.73,0
17160,3,1676.29,558.7633333333333,67,0.0,3518.03,1
17162,5,819.3100000000001,163.86200000000002,53,0.0,1707.21,0
17164,2,943.22,471.61,49,0.0,2466.4,0
17166,2,110.74,55.37,10,0.16666666666666666,189.49,0
17169,2,296.43,148.215,18,0.14285714285714285,816.88,0
17173,6,1913.37,318.895,23,0.020833333333333332,3755.65,1
17175,1,519.08,519.08,27,0.0,1430.94,0
17179,1,243.0,243.0,20,0.0,711.79,0
17180,5,549.21,109.84200000000001,77,0.03,780.38,0
17181,1,155.52,155.52,2,0.0,239.92000000000002,0
17183,7,2573.13,367.59000000000003,40,0.046875,3286.9100000000003,1
17188,5,1225.79,245.158,33,0.12195121951219512,2275.58,0
17189,1,227.22,227.22,36,0.0,384.40000000000003,0
17190,2,0.0,0.0,1,0.5,249.74,0
17191,4,820.88,205.22,90,0.0,2095.13,0
17193,4,739.3000000000001,184.82500000000002,4,0.07692307692307693,1674.46,0
17198,2,521.66,260.83,73,0.0,692.22,0
17204,1,-67.7,-67.7,3,1.0,1352.91,0
17211,3,779.71,259.90333333333336,62,0.0,2299.67,0
17213,6,903.1,150.51666666666668,40,0.09259259259259259,2741.08,0
17214,3,453.1,151.03333333333333,40,0.0,984.12,0
17218,4,775.63,193.9075,78,0.0,1960.72,0
17220,2,637.5,318.75,63,0.0,3198.25,1
17227,1,142.25,142.25,10,0.0,939.32,0
17228,3,479.38,159.79333333333332,43,0.0,1906.09,0
17230,10,3263.27,326.327,44,0.06557377049180328,3466.67,1
17231,4,699.88,174.97,109,0.015748031496062992,3127.82,1
17235,1,341.9,341.9,10,0.0,550.06,0
17236,3,445.37,148.45666666666668,33,0.0,916.13,0
17238,3,508.64,169.54666666666665,78,0.0,3744.65,1
17243,7,1923.1000000000001,274.72857142857146,65,0.0,8628.55,1
17250,1,162.65,162.65,23,0.0,384.52,0
17255,1,112.46,112.46,36,0.0,298.41,0
17256,1,127.89999999999999,127.89999999999999,9,0.0,240.0,0
17259,1,381.64,381.64,74,0.0,603.37,0
17262,1,268.86,268.86,2,0.0,1253.3600000000001,0
17266,1,113.06,113.06,17,0.0,310.64,0
17268,2,276.48,138.24,1,0.0,763.64,0
17272,3,1405.34,468.44666666666666,59,0.024691358024691357,2144.53,0
17277,1,717.02,717.02,52,0.0,1065.3500000000001,0
17282,1,741.85,741.85,78,0.0,1703.41,0
17284,1,716.11,716.11,130,0.0,1641.68,0
17287,2,222.7,111.35,18,0.0,1064.11,0
17288,3,290.52,96.83999999999999,9,0.0,1419.73,0
17289,1,167.35999999999999,167.35999999999999,30,0.0,936.16,0
17293,2,469.35,234.675,23,0.0,1875.1100000000001,0
17299,3,578.05,192.6833333333333,49,0.0,669.11,0
17302,1,182.85,182.85,11,0.0,1119.93,0
17306,6,2177.92,362.9866666666667,7,0.1111111111111111,8600.73,1
17311,1,556.46,556.46,24,0.0,1384.85,0
17314,5,776.5500000000001,155.31,31,0.08333333333333333,2514.76,0
17315,12,1224.43,102.03583333333334,104,0.056910569105691054,6204.46,1
17320,1,450.92,450.92,22,0.0,1200.6200000000001,0
17323,3,292.32,97.44,63,0.027777777777777776,908.99,0
17324,2,702.23,351.115,17,0.0,990.23,0
17329,1,243.36,243.36,16,0.0,523.11,0
17337,4,1419.42,354.855,342,0.009523809523809525,1944.32,0
17338,3,2656.15,885.3833333333333,181,0.0,6612.18,1
17339,1,60.0,60.0,4,0.0,243.36,0
17340,3,4093.27,1364.4233333333334,116,0.0072992700729927005,11891.18,1
17341,1,513.6,513.6,127,0.0,781.36,0
17345,2,128.33,64.165,19,0.0,537.74,0
17346,3,353.41,117.80333333333334,51,0.0,2611.58,0
17348,1,160.15,160.15,36,0.0,1159.52,0
17351,1,198.6,198.6,3,0.0,587.15,0
17360,1,330.95,330.95,53,0.0,585.79,0
17361,1,45.0,45.0,1,0.0,488.2,0
17364,4,1162.79,290.6975,110,0.02112676056338028,4455.73,1
17365,3,1286.26,428.75333333333333,122,0.0,4801.56,1
17368,4,325.77,81.4425,33,0.288135593220339,1349.52,0
17370,3,336.06,112.02,24,0.0,446.18,0
17371,1,97.63,97.63,7,0.0,423.89,0
17372,3,533.1800000000001,177.7266666666667,90,0.0,1342.68,0
17373,1,145.25,145.25,17,0.0,646.92,0
17375,2,286.37,143.185,41,0.0,372.5,0
17376,1,105.85,105.85,13,0.0,203.2,0
17377,6,958.83,159.805,57,0.012048192771084338,3925.92,1
17381,8,7179.46,897.4325,22,0.0,20272.43,1
17384,1,227.65,227.65,3,0.0,336.4,0
17386,5,1697.3400000000001,339.468,8,0.0,2686.42,0
17388,2,763.2,381.6,1,0.0,1259.56,0
17389,10,551.4599999999999,55.145999999999994,15,0.1111111111111111,31300.079999999998,1
17396,1,397.5,397.5,3,0.0,7330.8,1
17398,2,528.45,264.225,26,0.0,653.38,0
17400,1,424.17,424.17,37,0.0,2129.96,0
17402,3,571.87,190.62333333333333,24,0.0,2633.85,0
17404,7,9927.74,1418.2485714285715,53,0.025974025974025976,30300.82,1
17405,4,818.82,204.705,65,0.15,967.22,0
17410,1,302.4,302.4,15,0.0,1214.72,0
17411,1,-30.0,-30.0,2,1.0,748.94,0
17412,3,589.12,196.37333333333333,26,0.0,1258.06,0
17414,1,598.0,598.0,5,0.0,778.0,0
17416,4,3403.01,850.7525,119,0.0078125,6838.34,1
17418,1,167.39000000000001,167.39000000000001,12,0.0,463.46000000000004,0
17419,5,1366.55,273.31,60,0.0,4200.97,1
17420,1,130.85,130.85,7,0.0,598.83,0
17422,4,552.92,138.23,33,0.17073170731707318,1853.1299999999999,0
17423,2,432.14,216.07,11,0.08333333333333333,663.63,0
17426,1,1193.88,1193.88,66,0.0,5022.26,1
17428,9,3546.87,394.09666666666664,83,0.09278350515463918,17078.45,1
17429,3,524.9200000000001,174.97333333333336,36,0.0,512.12,0
17430,1,112.6,112.6,5,0.0,265.76,0
17436,1,122.39999999999999,122.39999999999999,4,0.0,216.29999999999998,0
17440,4,185.25,46.3125,3,0.16666666666666666,177.1,0
17442,3,411.22999999999996,137.07666666666665,29,0.0967741935483871,2210.2599999999998,0
17446,1,68.10000000000001,68.10000000000001,5,0.0,120.9,0
17449,2,1022.6,511.3,99,0.0,2504.86,0
17450,6,19516.96,3252.8266666666664,62,0.03896103896103896,187482.17,1
17451,7,1397.37,199.6242857142857,76,0.04395604395604396,1648.95,0
17454,2,298.1,149.05,38,0.0,517.53,0
17457,3,1030.44,343.48,7,0.0,1737.7,0
17460,3,203.8,67.93333333333334,8,0.0,452.63,0
17462,1,463.40999999999997,463.40999999999997,14,0.0,662.94,0
17463,2,943.76,471.88,92,0.0,1881.36,0
17469,3,718.16,239.38666666666666,33,0.05128205128205128,1843.06,0
17470,1,178.4,178.4,11,0.0,1125.07,0
17472,2,451.02,225.51,95,0.0,710.29,0
17481,5,1249.34,249.868,69,0.012048192771084338,1249.34,0
17483,2,274.74,137.37,13,0.0,414.04,0
17489,1,208.56,208.56,16,0.0,376.64,0
17490,2,286.45,143.225,18,0.05263157894736842,1926.8799999999999,0
17491,2,632.9200000000001,316.46000000000004,13,0.0,3541.92,1
17504,3,1646.44,548.8133333333334,75,0.0,2745.2799999999997,0
17511,10,18168.89,1816.889,182,0.14741035856573706,88125.38,1
17512,6,1187.67,197.94500000000002,30,0.022727272727272728,2920.04,1
17515,2,432.18,216.09,44,0.0,639.02,0
17516,3,455.21,151.73666666666665,77,0.0,768.08,0
17519,2,330.35,165.175,18,0.05263157894736842,1839.07,0
17521,1,159.56,159.56,8,0.0,721.9599999999999,0
17522,4,912.25,228.0625,54,0.0,1070.71,0
17526,4,857.8,214.45,9,0.09090909090909091,706.7,0
17527,2,251.55,125.775,7,0.125,888.86,0
17530,2,645.33,322.665,121,0.0,2385.0,0
17537,1,630.7,630.7,60,0.0,897.62,0
17540,1,268.8,268.8,8,0.0,570.4,0
17548,1,-141.48,-141.48,7,1.0,0.01,0
17552,2,298.52,149.26,13,0.0,909.96,0
17554,3,1460.03,486.6766666666667,52,0.0,1952.45,0
17555,1,195.45,195.45,48,0.0,483.26,0
17560,1,162.1,162.1,4,0.0,854.95,0
17562,6,837.88,139.64666666666668,42,0.02040816326530612,1107.38,0
17567,3,1478.18,492.7266666666667,70,0.0,4012.56,1
17571,2,359.95,179.975,44,0.0,1498.51,0
17572,1,70.80000000000001,70.80000000000001,4,0.0,226.75000000000003,0
17576,7,713.59,101.94142857142857,67,0.012195121951219513,3457.78,1
17579,3,262.16,87.38666666666667,15,0.10526315789473684,440.2,0
17580,2,168.02,84.01,43,0.0,215.72,0
17581,5,1194.63,238.92600000000002,60,0.07692307692307693,10736.11,1
17584,1,749.45,749.45,16,0.0,1227.3,0
17585,2,521.53,260.765,70,0.0,1133.07,0
17588,2,702.24,351.12,12,0.0,1240.2,0
17589,3,1843.07,614.3566666666667,124,0.0,2404.17,0
17591,4,856.76,214.19,74,0.008403361344537815,2215.02,0
17593,1,662.9,662.9,26,0.0,3911.56,1
17594,1,315.0,315.0,14,0.0,993.18,0
17596,1,392.62,392.62,56,0.0,2827.93,1
17602,1,767.0500000000001,767.0500000000001,101,0.0,5050.77,1
17603,1,-555.9,-555.9,1,1.0,0.01,0
17604,1,136.24,136.24,27,0.0,309.36,0
17609,3,529.39,176.46333333333334,103,0.008333333333333333,1103.92,0
17611,4,1434.44,358.61,257,0.0,3947.87,1
17612,3,659.8,219.9333333333333,47,0.020833333333333332,1992.76,0
17613,6,2048.82,341.47,126,0.0064516129032258064,4509.37,1
17615,2,272.3,136.15,10,0.0,329.6,0
17616,1,326.4,326.4,1,0.0,571.1999999999999,0
17618,1,320.28,320.28,41,0.0,971.58,0
17621,2,901.78,450.89,15,0.0,1336.1,0
17624,1,400.3,400.3,25,0.0,843.48,0
17625,1,549.68,549.68,89,0.0,2047.0,0
17629,2,208.65,104.325,11,0.08333333333333333,1784.12,0
17631,1,302.55,302.55,21,0.0,528.33,0
17633,1,-67.5,-67.5,1,1.0,1242.34,0
17634,2,1240.69,620.345,109,0.0,2361.9700000000003,0
17644,3,399.97,133.32333333333335,27,0.13333333333333333,2768.98,1
17646,2,596.85,298.425,25,0.0,995.6600000000001,0
17648,4,1099.44,274.86,62,0.015151515151515152,1789.55,0
17651,6,1114.56,185.76,52,0.05405405405405406,3886.67,1
17652,3,1443.6000000000001,481.20000000000005,65,0.0,4737.13,1
17653,5,1175.88,235.17600000000002,44,0.12,1175.88,0
17655,4,1229.5,307.375,33,0.05555555555555555,2571.7400000000002,0
17658,1,317.59999999999997,317.59999999999997,9,0.0,485.88,0
17659,3,474.95,158.31666666666666,20,0.0,2954.75,1
17663,4,782.86,195.715,27,0.02564102564102564,1788.27,0
17664,1,326.19,326.19,23,0.0,604.64,0
17667,3,1356.67,452.22333333333336,74,0.0,2055.51,0
17669,4,2064.72,516.18,36,0.0,3406.7200000000003,1
17671,1,394.18,394.18,17,0.0,1284.08,0
17672,2,1152.3400000000001,576.1700000000001,41,0.023809523809523808,3106.62,1
17673,2,780.06,390.03,81,0.0,1622.22,0
17674,1,300.66,300.66,11,0.0,551.04,0
17675,9,3538.69,393.1877777777778,52,0.05319148936170213,20098.1,1
17676,1,300.7,300.7,15,0.0,1383.27,0
17677,9,2711.55,301.28333333333336,50,0.05,16219.22,1
17682,1,391.5,391.5,18,0.0,2459.33,0
17685,4,1186.22,296.555,33,0.0,3191.53,1
17686,1,1592.61,1592.61,68,0.0,5739.46,1
17690,5,1583.4,316.68,71,0.0,4748.45,1
17692,2,453.96,226.98,29,0.0,733.4399999999999,0
17696,4,488.89,122.2225,22,0.041666666666666664,2201.05,0
17700,2,592.76,296.38,39,0.07692307692307693,2508.89,0
17702,1,-88.15,-88.15,5,1.0,1719.72,0
17703,2,490.96,245.48,32,0.0,798.74,0
17705,3,357.3,119.10000000000001,23,0.0,1781.12,0
17706,4,888.85,222.2125,51,0.0,10097.37,1
17707,1,83.7,83.7,3,0.0,152.4,0
17708,1,110.6,110.6,25,0.0,267.08,0
17711,1,220.53000000000003,220.53000000000003,13,0.0,385.1,0
17716,3,2626.94,875.6466666666666,112,0.0,5505.79,1
17719,6,2282.86,380.4766666666667,75,0.0,5367.8,1
17720,1,102.0,102.0,1,0.0,1195.94,0
17722,4,1700.18,425.045,75,0.0625,2380.64,0
17725,8,1512.16,189.02,64,0.06666666666666667,3371.13,1
17730,4,1091.97,272.9925,34,0.022222222222222223,5288.83,1
17731,4,601.83,150.4575,38,0.24615384615384617,878.2,0
17733,1,216.95000000000002,216.95000000000002,12,0.0,692.19,0
17734,1,112.97999999999999,112.97999999999999,9,0.0,700.63,0
17735,3,1896.02,632.0066666666667,85,0.0,13110.02,1
17736,3,307.49,102.49666666666667,24,0.04,337.49,0
17738,1,779.92,779.92,41,0.0,1863.35,0
17739,2,682.59,341.295,12,0.0,2786.05,1
17742,1,302.57,302.57,13,0.0,355.11,0
17744,4,977.0799999999999,244.26999999999998,42,0.0196078431372549,2291.08,0
17750,6,1401.09,233.515,96,0.0,1797.57,0
17754,2,231.89999999999998,115.94999999999999,26,0.034482758620689655,1739.92,0
17757,9,1277.57,141.95222222222222,113,0.0,5585.49,1
17758,3,1054.83,351.60999999999996,122,0.0,3456.7000000000003,1
17759,2,167.15,83.575,18,0.0,834.99,0
17760,1,172.54,172.54,9,0.0,287.59,0
17764,1,261.97,261.97,17,0.0,818.8199999999999,0
17765,2,262.55,131.275,40,0.0,371.88,0
17768,1,411.33,411.33,22,0.0,2273.1800000000003,0
17769,2,884.76,442.38,94,0.0,3960.63,1
17771,1,115.8,115.8,22,0.0,245.81,0
17774,2,594.99,297.495,63,0.0,1215.46,0
17779,3,485.61,161.87,62,0.014925373134328358,642.17,0
17781,1,102.0,102.0,2,0.0,188.02,0
17783,1,112.41,112.41,30,0.0,283.47,0
17786,1,114.85,114.85,24,0.0,278.74,0
17787,3,1716.17,572.0566666666667,87,0.0,1865.19,0
17790,6,516.35,86.05833333333334,21,0.0,1965.55,0
17796,3,622.0,207.33333333333334,60,0.0,697.9,0
17797,1,272.41,272.41,44,0.0,780.43,0
17799,4,980.86,245.215,103,0.01680672268907563,3026.08,1
17800,2,239.7,119.85,14,0.0,1199.01,0
17802,1,100.2,100.2,12,0.0,1251.84,0
17809,4,1861.7,465.425,15,0.0,4627.62,1
17811,14,3261.63,232.97357142857143,209,0.0033003300330033004,7677.71,1
17812,1,217.54999999999998,217.54999999999998,27,0.0,732.16,0
17816,1,16.21,16.21,10,0.0,36.56,0
17817,2,269.7,134.85,12,0.0,387.68,0
17819,4,1792.32,448.08,23,0.03571428571428571,3661.0699999999997,1
17820,1,-16.95,-16.95,3,1.0,0.01,0
17827,3,1271.8,423.93333333333334,109,0.0,1995.46,0
17828,5,1048.16,209.632,51,0.06779661016949153,1599.97,0
17830,2,287.65000000000003,143.82500000000002,15,0.0,398.7,0
17837,5,533.25,106.65,48,0.015625,1560.53,0
17838,3,1687.7,562.5666666666667,64,0.0,2312.7,0
17841,30,5369.76,178.99200000000002,384,0.017173051519154558,40340.78,1
17848,3,213.91,71.30333333333333,13,0.0,901.1999999999999,0
17849,3,496.55,165.51666666666668,14,0.0,605.8000000000001,0
17856,5,1118.39,223.67800000000003,6,0.18181818181818182,1393.79,0
17857,3,2127.54,709.18,6,0.0,26763.34,1
17858,4,2108.0,527.0,28,0.0,5155.66,1
17861,2,457.98,228.99,42,0.0,2059.2,0
17863,2,890.6999999999999,445.34999999999997,41,0.0,3160.0,1
17864,1,208.41,208.41,29,0.0,597.5,0
17865,6,2241.3,373.55,84,0.04040404040404041,10158.54,1
17867,3,591.3000000000001,197.10000000000002,5,0.16666666666666666,622.75,0
17869,1,214.32,214.32,16,0.0,428.18,0
17870,1,326.4,326.4,1,0.0,1889.4,0
17873,1,215.14999999999998,215.14999999999998,7,0.0,1764.3600000000001,0
17883,1,119.35,119.35,19,0.0,671.77,0
17884,3,602.84,200.9466666666667,86,0.0,717.45,0
17886,2,396.26,198.13,44,0.0,899.61,0
17888,2,122.13,61.065,16,0.0,525.78,0
17889,1,101.85,101.85,11,0.0,203.87,0
17892,1,142.1,142.1,26,0.0,244.1,0
17894,6,867.85,144.64166666666668,95,0.0,1119.81,0
17897,3,409.12,136.37333333333333,63,0.0136986301369863,541.1,0
17898,1,99.84,99.84,20,0.0,152.06,0
17905,2,394.15,197.075,27,0.0,800.24,0
17913,1,218.05,218.05,31,0.0,411.6,0
17917,1,110.91,110.91,28,0.0,341.28,0
17920,3,895.76,298.58666666666664,73,0.0,4204.1,1
17921,1,280.57,280.57,43,0.0,826.52,0
17924,5,456.50000000000006,91.30000000000001,3,0.5714285714285714,2894.33,1
17928,1,78.25999999999999,78.25999999999999,17,0.0,212.54,0
17929,2,435.0,217.5,3,0.0,834.5,0
17930,2,694.14,347.07,19,0.0,1740.48,0
17931,1,297.2,297.2,49,0.0,408.36,0
17932,2,934.51,467.255,63,0.0,1331.57,0
17937,3,2693.88,897.96,19,0.0,4301.22,1
17940,7,1474.0800000000002,210.58285714285716,7,0.14285714285714285,1983.5800000000002,0
17949,5,3820.5,764.1,2,0.0,52750.84,1
17950,3,253.09,84.36333333333333,36,0.025,472.12,0
17951,3,391.8,130.6,9,0.1,990.8400000000001,0
17954,7,674.81,96.40142857142857,132,0.02054794520547945,2295.37,0
17961,8,612.93,76.61625,89,0.0,1296.44,0
17964,1,261.76,261.76,35,0.0,471.7,0
17965,5,1059.93,211.98600000000002,110,0.0,2622.57,0
17966,2,283.5,141.75,9,0.0,1098.43,0
17969,1,125.2,125.2,7,0.0,228.2,0
17974,1,172.77,172.77,18,0.0,740.79,0
17975,4,1379.73,344.9325,71,0.0,4393.61,1
17979,4,484.64,121.16,84,0.01020408163265306,737.81,0
17980,1,295.2,295.2,15,0.0,811.45,0
17988,1,64.99000000000001,64.99000000000001,13,0.0,191.17000000000002,0
17990,2,316.0,158.0,10,0.0,630.84,0
17994,3,305.35,101.78333333333335,44,0.04081632653061224,629.6899999999999,0
17999,1,190.34,190.34,37,0.0,382.06,0
18008,5,1668.4099999999999,333.68199999999996,21,0.0,2116.19,0
18016,2,324.75,162.375,37,0.0,1483.56,0
18017,1,165.0,165.0,1,0.0,523.0,0
18018,1,37.45,37.45,2,0.0,122.14,0
18036,1,110.8,110.8,38,0.0,405.62,0
18037,2,39.55,19.775,8,0.0,70.02,0
18040,1,239.0,239.0,12,0.0,357.20000000000005,0
18041,8,1535.33,191.91625,119,0.011049723756906077,4161.14,1
18043,1,316.46,316.46,59,0.0,559.51,0
18044,2,146.37,73.185,15,0.0,2085.65,0
18055,6,2361.98,393.66333333333336,93,0.02586206896551724,6752.14,1
18061,3,817.33,272.4433333333333,9,0.0,2119.41,0
18062,1,169.8,169.8,5,0.0,720.52,0
18064,1,408.0,408.0,2,0.0,814.0,0
18065,4,737.3000000000001,184.32500000000002,43,0.022222222222222223,2380.08,0
18069,2,292.71,146.355,73,0.012987012987012988,2021.82,0
18071,1,258.95,258.95,14,0.0,453.0,0
18075,6,834.7,139.11666666666667,35,0.1320754716981132,2538.7200000000003,0
18077,3,711.46,237.15333333333334,46,0.0,2633.0099999999998,0
18079,1,1612.83,1612.83,28,0.0,3651.97,1
18080,1,841.4999999999999,841.4999999999999,1,0.0,1231.5,0
18081,2,208.05,104.025,7,0.0,343.45,0
18084,1,-2.95,-2.95,1,1.0,87.52999999999999,0
18087,2,3162.1199999999994,1581.0599999999997,3,0.6666666666666666,3770.1199999999994,1
18092,4,3111.84,777.96,11,0.0,9065.76,1
18093,3,1094.42,364.8066666666667,21,0.08,2083.42,0
18094,3,1777.2,592.4,26,0.0,3017.3,1
18097,2,657.1800000000001,328.59000000000003,15,0.0,2692.85,0
18101,1,110.23,110.23,13,0.0,223.65,0
18102,7,39766.090000000004,5680.870000000001,11,0.0,256438.49,1
18109,7,1190.77,170.10999999999999,42,0.037037037037037035,7925.32,1
18112,1,196.64,196.64,12,0.0,352.69,0
18116,4,827.52,206.88,146,0.0,1418.03,0
18118,8,1418.65,177.33125,248,0.005571030640668524,5595.77,1
18122,2,321.13,160.565,56,0.0,1826.21,0
18125,3,730.56,243.51999999999998,110,0.007936507936507936,1141.34,0
18127,1,139.6,139.6,8,0.0,348.73,0
18135,1,109.82000000000001,109.82000000000001,9,0.0,681.9100000000001,0
18136,1,288.99,288.99,18,0.0,761.83,0
18144,3,660.05,220.01666666666665,9,0.0,2888.75,1
18145,1,609.01,609.01,42,0.0,2861.55,1
18149,2,549.68,274.84,9,0.0,612.0799999999999,0
18150,2,413.28,206.64,22,0.0,566.58,0
18151,1,312.55,312.55,17,0.0,653.35,0
18155,1,113.93,113.93,8,0.0,347.82,0
18156,1,206.23000000000002,206.23000000000002,50,0.0,734.94,0
18160,1,318.55,318.55,19,0.0,638.0600000000001,0
18161,2,546.3199999999999,273.15999999999997,21,0.0,1612.79,0
18167,5,1365.71,273.142,25,0.0975609756097561,1355.51,0
18168,5,619.39,123.878,55,0.07042253521126761,1133.64,0
18170,1,304.21,304.21,11,0.0,980.31,0
18171,1,240.45000000000002,240.45000000000002,15,0.0,1208.51,0
18172,8,3708.91,463.61375,72,0.03125,7490.17,1
18173,3,1728.8400000000001,576.2800000000001,20,0.0,2106.84,0
18177,5,686.4,137.28,39,0.022727272727272728,1314.17,0
18178,2,633.95,316.975,32,0.0,1573.41,0
18179,4,1103.16,275.79,54,0.0,1793.17,0
18180,5,1533.02,306.604,93,0.0,1843.75,0
18188,1,426.6,426.6,16,0.0,1998.49,0
18189,2,627.2,313.6,40,0.024390243902439025,1084.34,0
18190,2,161.51000000000002,80.75500000000001,9,0.1,274.51,0
18193,1,-20.85,-20.85,1,1.0,212.96,0
18196,1,450.78,450.78,78,0.0,689.13,0
18198,6,1508.16,251.36,44,0.01694915254237288,5083.06,1
18202,1,485.73,485.73,23,0.0,1396.99,0
18204,3,1352.92,450.97333333333336,113,0.014285714285714285,1979.3,0
18210,1,142.4,142.4,5,0.0,2621.38,0
18211,1,137.9,137.9,8,0.0,600.07,0
18219,3,484.37,161.45666666666668,20,0.0,2019.77,0
18221,3,528.71,176.23666666666668,29,0.03225806451612903,1033.31,0
18223,10,1611.46,161.14600000000002,63,0.10869565217391304,6315.2300000000005,1
18225,3,437.02000000000004,145.67333333333335,25,0.04,5361.02,1
18226,3,841.1,280.3666666666667,43,0.022727272727272728,5192.1,1
18229,4,1372.9,343.225,15,0.0,7276.900000000001,1
18230,3,383.82,127.94,19,0.1,2716.6000000000004,0
18231,5,1395.15,279.03000000000003,73,0.02564102564102564,2066.17,0
18232,4,490.12,122.53,29,0.08571428571428572,582.47,0
18235,1,430.46000000000004,430.46000000000004,29,0.0,1796.48,0
18236,3,475.95,158.65,25,0.0,882.24,0
18237,4,861.35,215.3375,39,0.0,987.1,0
18239,3,918.52,306.17333333333335,48,0.0,1561.6100000000001,0
18241,5,748.68,149.736,34,0.0,2058.09,0
18242,2,694.08,347.04,26,0.0,2232.4900000000002,0
18245,3,745.41,248.47,56,0.03508771929824561,2507.56,0
18246,1,232.9,232.9,2,0.0,596.1,0
18252,1,69.89999999999999,69.89999999999999,3,0.0,526.67,0
18257,5,697.55,139.51,33,0.05714285714285714,2265.38,0
18259,1,376.30000000000007,376.30000000000007,7,0.0,2338.6000000000004,0
18260,4,1318.27,329.5675,57,0.04,2595.0,0
18263,1,307.59999999999997,307.59999999999997,15,0.0,1211.08,0
18270,2,67.75,33.875,6,0.2857142857142857,238.95000000000002,0
18272,3,966.74,322.24666666666667,47,0.06779661016949153,3064.78,1
18273,1,51.0,51.0,1,0.0,204.0,0
18277,1,-12.75,-12.75,1,1.0,97.63,0
18282,2,98.76,49.38,7,0.125,176.6,0
18283,3,317.9,105.96666666666665,104,0.0,2094.88,0
18287,1,765.28,765.28,27,0.0,1837.28,0
